unsigned char gryo_module[] = {
  0x7f, 0x45, 0x4c, 0x46, 0x02, 0x01, 0x01, 00, 00, 00, 00, 00, 00, 00, 00, 00,
  0x03, 00, 0xb7, 00, 0x01, 00, 00, 00, 00, 00, 00, 00, 00, 00, 00, 00,
  0x40, 00, 00, 00, 00, 00, 00, 00, 0xa8, 0x95, 00, 00, 00, 00, 00, 00,
  00, 00, 00, 00, 0x40, 00, 0x38, 00, 0x09, 00, 0x40, 00, 0x19, 00, 0x18, 00,
  0x06, 00, 00, 00, 0x04, 00, 00, 00, 0x40, 00, 00, 00, 00, 00, 00, 00,
  0x40, 00, 00, 00, 00, 00, 00, 00, 0x40, 00, 00, 00, 00, 00, 00, 00,
  0xf8, 0x01, 00, 00, 00, 00, 00, 00, 0xf8, 0x01, 00, 00, 00, 00, 00, 00,
  0x08, 00, 00, 00, 00, 00, 00, 00, 0x01, 00, 00, 00, 0x05, 00, 00, 00,
  00, 00, 00, 00, 00, 00, 00, 00, 00, 00, 00, 00, 00, 00, 00, 00,
  00, 00, 00, 00, 00, 00, 00, 00, 0x70, 0x7f, 00, 00, 00, 00, 00, 00,
  0x70, 0x7f, 00, 00, 00, 00, 00, 00, 00, 0x40, 00, 00, 00, 00, 00, 00,
  0x01, 00, 00, 00, 0x06, 00, 00, 00, 0x70, 0x7f, 00, 00, 00, 00, 00, 00,
  0x70, 0xbf, 00, 00, 00, 00, 00, 00, 0x70, 0xbf, 00, 00, 00, 00, 00, 00,
  0x50, 0x02, 00, 00, 00, 00, 00, 00, 0x90, 0x10, 00, 00, 00, 00, 00, 00,
  00, 0x40, 00, 00, 00, 00, 00, 00, 0x01, 00, 00, 00, 0x06, 00, 00, 00,
  0xc0, 0x81, 00, 00, 00, 00, 00, 00, 0xc0, 0x01, 0x01, 00, 00, 00, 00, 00,
  0xc0, 0x01, 0x01, 00, 00, 00, 00, 00, 0x70, 0x11, 00, 00, 00, 00, 00, 00,
  0x40, 0xf7, 00, 00, 00, 00, 00, 00, 00, 0x40, 00, 00, 00, 00, 00, 00,
  0x02, 00, 00, 00, 0x06, 00, 00, 00, 0xa8, 0x7f, 00, 00, 00, 00, 00, 00,
  0xa8, 0xbf, 00, 00, 00, 00, 00, 00, 0xa8, 0xbf, 00, 00, 00, 00, 00, 00,
  0xd0, 0x01, 00, 00, 00, 00, 00, 00, 0xd0, 0x01, 00, 00, 00, 00, 00, 00,
  0x08, 00, 00, 00, 00, 00, 00, 00, 0x52, 0xe5, 0x74, 0x64, 0x04, 00, 00, 00,
  0x70, 0x7f, 00, 00, 00, 00, 00, 00, 0x70, 0xbf, 00, 00, 00, 00, 00, 00,
  0x70, 0xbf, 00, 00, 00, 00, 00, 00, 0x50, 0x02, 00, 00, 00, 00, 00, 00,
  0x90, 0x10, 00, 00, 00, 00, 00, 00, 0x01, 00, 00, 00, 00, 00, 00, 00,
  0x50, 0xe5, 0x74, 0x64, 0x04, 00, 00, 00, 0xec, 0x19, 00, 00, 00, 00, 00, 00,
  0xec, 0x19, 00, 00, 00, 00, 00, 00, 0xec, 0x19, 00, 00, 00, 00, 00, 00,
  0x94, 0x01, 00, 00, 00, 00, 00, 00, 0x94, 0x01, 00, 00, 00, 00, 00, 00,
  0x04, 00, 00, 00, 00, 00, 00, 00, 0x51, 0xe5, 0x74, 0x64, 0x06, 00, 00, 00,
  00, 00, 00, 00, 00, 00, 00, 00, 00, 00, 00, 00, 00, 00, 00, 00,
  00, 00, 00, 00, 00, 00, 00, 00, 00, 00, 00, 00, 00, 00, 00, 00,
  00, 00, 00, 00, 00, 00, 00, 00, 00, 00, 00, 00, 00, 00, 00, 00,
  0x04, 00, 00, 00, 0x04, 00, 00, 00, 0x38, 0x02, 00, 00, 00, 00, 00, 00,
  0x38, 0x02, 00, 00, 00, 00, 00, 00, 0x38, 0x02, 00, 00, 00, 00, 00, 00,
  0xbc, 00, 00, 00, 00, 00, 00, 00, 0xbc, 00, 00, 00, 00, 00, 00, 00,
  0x04, 00, 00, 00, 00, 00, 00, 00, 0x08, 00, 00, 00, 0x84, 00, 00, 00,
  0x01, 00, 00, 00, 0x41, 0x6e, 0x64, 0x72, 0x6f, 0x69, 0x64, 00, 0x18, 00, 00, 00,
  0x72, 0x32, 0x37, 00, 00, 00, 00, 00, 00, 00, 00, 00, 00, 00, 00, 00,
  00, 00, 00, 00, 00, 00, 00, 00, 00, 00, 00, 00, 00, 00, 00, 00,
  00, 00, 00, 00, 00, 00, 00, 00, 00, 00, 00, 00, 00, 00, 00, 00,
  00, 00, 00, 00, 00, 00, 00, 00, 00, 00, 00, 00, 00, 00, 00, 00,
  0x31, 0x32, 0x30, 0x37, 0x37, 0x39, 0x37, 0x33, 00, 00, 00, 00, 00, 00, 00, 00,
  00, 00, 00, 00, 00, 00, 00, 00, 00, 00, 00, 00, 00, 00, 00, 00,
  00, 00, 00, 00, 00, 00, 00, 00, 00, 00, 00, 00, 00, 00, 00, 00,
  00, 00, 00, 00, 00, 00, 00, 00, 00, 00, 00, 00, 00, 00, 00, 00,
  0x04, 00, 00, 00, 0x14, 00, 00, 00, 0x03, 00, 00, 00, 0x47, 0x4e, 0x55, 00,
  0x08, 0x76, 0x44, 0x27, 0x69, 0x1a, 0x41, 0xa2, 0xdb, 0xcf, 0x9d, 0xd1, 0xd7, 0x14, 0x9f, 0xec,
  0x9a, 0x45, 0x24, 0xe4, 00, 00, 00, 00, 00, 00, 00, 00, 00, 00, 00, 00,
  00, 00, 00, 00, 00, 00, 00, 00, 00, 00, 00, 00, 00, 00, 00, 00,
  0x01, 00, 00, 00, 0x12, 00, 00, 00, 00, 00, 00, 00, 00, 00, 00, 00,
  00, 00, 00, 00, 00, 00, 00, 00, 0x10, 00, 00, 00, 0x12, 00, 00, 00,
  00, 00, 00, 00, 00, 00, 00, 00, 00, 00, 00, 00, 00, 00, 00, 00,
  0x1d, 00, 00, 00, 0x12, 00, 00, 00, 00, 00, 00, 00, 00, 00, 00, 00,
  00, 00, 00, 00, 00, 00, 00, 00, 0x2f, 00, 00, 00, 0x12, 00, 00, 00,
  00, 00, 00, 00, 00, 00, 00, 00, 00, 00, 00, 00, 00, 00, 00, 00,
  0x35, 00, 00, 00, 0x12, 00, 00, 00, 00, 00, 00, 00, 00, 00, 00, 00,
  00, 00, 00, 00, 00, 00, 00, 00, 0x4a, 00, 00, 00, 0x12, 00, 00, 00,
  00, 00, 00, 00, 00, 00, 00, 00, 00, 00, 00, 00, 00, 00, 00, 00,
  0x51, 00, 00, 00, 0x12, 00, 00, 00, 00, 00, 00, 00, 00, 00, 00, 00,
  00, 00, 00, 00, 00, 00, 00, 00, 0x58, 00, 00, 00, 0x12, 00, 00, 00,
  00, 00, 00, 00, 00, 00, 00, 00, 00, 00, 00, 00, 00, 00, 00, 00,
  0x6c, 00, 00, 00, 0x12, 00, 00, 00, 00, 00, 00, 00, 00, 00, 00, 00,
  00, 00, 00, 00, 00, 00, 00, 00, 0x73, 00, 00, 00, 0x12, 00, 00, 00,
  00, 00, 00, 00, 00, 00, 00, 00, 00, 00, 00, 00, 00, 00, 00, 00,
  0x8a, 00, 00, 00, 0x12, 00, 00, 00, 00, 00, 00, 00, 00, 00, 00, 00,
  00, 00, 00, 00, 00, 00, 00, 00, 0x93, 00, 00, 00, 0x12, 00, 00, 00,
  00, 00, 00, 00, 00, 00, 00, 00, 00, 00, 00, 00, 00, 00, 00, 00,
  0x9b, 00, 00, 00, 0x12, 00, 00, 00, 00, 00, 00, 00, 00, 00, 00, 00,
  00, 00, 00, 00, 00, 00, 00, 00, 0xa8, 00, 00, 00, 0x12, 00, 00, 00,
  00, 00, 00, 00, 00, 00, 00, 00, 00, 00, 00, 00, 00, 00, 00, 00,
  0xb5, 00, 00, 00, 0x12, 00, 00, 00, 00, 00, 00, 00, 00, 00, 00, 00,
  00, 00, 00, 00, 00, 00, 00, 00, 0xbd, 00, 00, 00, 0x12, 00, 00, 00,
  00, 00, 00, 00, 00, 00, 00, 00, 00, 00, 00, 00, 00, 00, 00, 00,
  0xc7, 00, 00, 00, 0x12, 00, 00, 00, 00, 00, 00, 00, 00, 00, 00, 00,
  00, 00, 00, 00, 00, 00, 00, 00, 0x3a, 00, 00, 00, 0x12, 00, 0x0d, 00,
  0x9c, 0x52, 00, 00, 00, 00, 00, 00, 0xc4, 0x01, 00, 00, 00, 00, 00, 00,
  0x79, 00, 00, 00, 0x12, 00, 0x0d, 00, 0x68, 0x45, 00, 00, 00, 00, 00, 00,
  0x60, 0x09, 00, 00, 00, 00, 00, 00, 00, 00, 0x02, 00, 0x02, 00, 0x02, 00,
  0x02, 00, 0x02, 00, 0x03, 00, 0x02, 00, 0x01, 00, 0x02, 00, 0x03, 00, 0x02, 00,
  0x02, 00, 0x02, 00, 0x02, 00, 0x02, 00, 0x02, 00, 0x02, 00, 0x01, 00, 0x01, 00,
  0x01, 00, 0x01, 00, 0xdd, 00, 00, 00, 0x20, 00, 00, 00, 0x10, 00, 00, 00,
  0x01, 00, 0x01, 00, 0xeb, 00, 00, 00, 0x20, 00, 00, 00, 00, 00, 00, 00,
  0x63, 0x0d, 0x05, 00, 00, 00, 0x03, 00, 0xe6, 00, 00, 00, 00, 00, 00, 00,
  0x63, 0x0d, 0x05, 00, 00, 00, 0x02, 00, 0xe6, 00, 00, 00, 00, 00, 00, 00,
  0x01, 00, 00, 00, 0x12, 00, 00, 00, 0x01, 00, 00, 00, 0x1a, 00, 00, 00,
  00, 0x40, 00, 0x20, 0x82, 00, 00, 00, 0x12, 00, 00, 00, 0xe6, 0x7b, 0x95, 0x85,
  0x1d, 0xf9, 0x44, 0x38, 00, 0x5f, 0x5f, 0x63, 0x78, 0x61, 0x5f, 0x66, 0x69, 0x6e, 0x61, 0x6c,
  0x69, 0x7a, 0x65, 00, 0x5f, 0x5f, 0x63, 0x78, 0x61, 0x5f, 0x61, 0x74, 0x65, 0x78, 0x69, 0x74,
  00, 0x5f, 0x5f, 0x72, 0x65, 0x67, 0x69, 0x73, 0x74, 0x65, 0x72, 0x5f, 0x61, 0x74, 0x66, 0x6f,
  0x72, 0x6b, 00, 0x70, 0x72, 0x63, 0x74, 0x6c, 00, 0x6d, 0x6d, 0x61, 0x70, 00, 0x41, 0x36,
  0x34, 0x48, 0x6f, 0x6f, 0x6b, 0x46, 0x75, 0x6e, 0x63, 0x74, 0x69, 0x6f, 0x6e, 00, 0x64, 0x6c,
  0x6f, 0x70, 0x65, 0x6e, 00, 0x67, 0x65, 0x74, 0x70, 0x69, 0x64, 00, 0x5f, 0x5f, 0x61, 0x6e,
  0x64, 0x72, 0x6f, 0x69, 0x64, 0x5f, 0x6c, 0x6f, 0x67, 0x5f, 0x70, 0x72, 0x69, 0x6e, 0x74, 00,
  0x70, 0x72, 0x69, 0x6e, 0x74, 0x66, 00, 0x64, 0x6c, 0x73, 0x79, 0x6d, 00, 0x41, 0x36, 0x34,
  0x48, 0x6f, 0x6f, 0x6b, 0x46, 0x75, 0x6e, 0x63, 0x74, 0x69, 0x6f, 0x6e, 0x56, 00, 0x6d, 0x70,
  0x72, 0x6f, 0x74, 0x65, 0x63, 0x74, 00, 0x5f, 0x5f, 0x65, 0x72, 0x72, 0x6e, 0x6f, 00, 0x5f,
  0x5f, 0x6d, 0x65, 0x6d, 0x73, 0x65, 0x74, 0x5f, 0x63, 0x68, 0x6b, 00, 0x5f, 0x5f, 0x6d, 0x65,
  0x6d, 0x63, 0x70, 0x79, 0x5f, 0x63, 0x68, 0x6b, 00, 0x73, 0x74, 0x72, 0x6e, 0x63, 0x6d, 0x70,
  00, 0x67, 0x65, 0x74, 0x61, 0x75, 0x78, 0x76, 0x61, 0x6c, 00, 0x5f, 0x5f, 0x73, 0x79, 0x73,
  0x74, 0x65, 0x6d, 0x5f, 0x70, 0x72, 0x6f, 0x70, 0x65, 0x72, 0x74, 0x79, 0x5f, 0x67, 0x65, 0x74,
  00, 0x6c, 0x69, 0x62, 0x64, 0x6c, 0x2e, 0x73, 0x6f, 00, 0x4c, 0x49, 0x42, 0x43, 00, 0x6c,
  0x69, 0x62, 0x63, 0x2e, 0x73, 0x6f, 00, 0x6c, 0x69, 0x62, 0x6c, 0x6f, 0x67, 0x2e, 0x73, 0x6f,
  00, 0x6c, 0x69, 0x62, 0x61, 0x6e, 0x64, 0x72, 0x6f, 0x69, 0x64, 0x2e, 0x73, 0x6f, 00, 0x6c,
  0x69, 0x62, 0x6d, 0x2e, 0x73, 0x6f, 00, 0x6c, 0x69, 0x62, 0x47, 0x72, 0x79, 0x6f, 0x2e, 0x73,
  0x6f, 00, 00, 00, 00, 00, 00, 00, 0x70, 0xbf, 00, 00, 00, 00, 00, 00,
  0x03, 0x04, 00, 00, 00, 00, 00, 00, 0x70, 0xbf, 00, 00, 00, 00, 00, 00,
  0x78, 0xbf, 00, 00, 00, 00, 00, 00, 0x03, 0x04, 00, 00, 00, 00, 00, 00,
  0xf8, 0x21, 00, 00, 00, 00, 00, 00, 0x80, 0xbf, 00, 00, 00, 00, 00, 00,
  0x03, 0x04, 00, 00, 00, 00, 00, 00, 0xe0, 0x21, 00, 00, 00, 00, 00, 00,
  0x88, 0xbf, 00, 00, 00, 00, 00, 00, 0x03, 0x04, 00, 00, 00, 00, 00, 00,
  0xf4, 0x77, 00, 00, 00, 00, 00, 00, 0x90, 0xbf, 00, 00, 00, 00, 00, 00,
  0x03, 0x04, 00, 00, 00, 00, 00, 00, 0x28, 0x7e, 00, 00, 00, 00, 00, 00,
  0x98, 0xbf, 00, 00, 00, 00, 00, 00, 0x03, 0x04, 00, 00, 00, 00, 00, 00,
  0xa4, 0x24, 00, 00, 00, 00, 00, 00, 0xa0, 0xbf, 00, 00, 00, 00, 00, 00,
  0x03, 0x04, 00, 00, 00, 00, 00, 00, 0xa4, 0x44, 00, 00, 00, 00, 00, 00,
  0x40, 0x05, 0x01, 00, 00, 00, 00, 00, 0x03, 0x04, 00, 00, 00, 00, 00, 00,
  0x48, 0xc7, 0xee, 0x22, 0xfa, 0xcb, 0x44, 0x24, 0x48, 0x05, 0x01, 00, 00, 00, 00, 00,
  0x03, 0x04, 00, 00, 00, 00, 00, 00, 0x2f, 0xa8, 0x74, 0xe1, 0xe3, 0x03, 0xd3, 0x5e,
  0x50, 0x05, 0x01, 00, 00, 00, 00, 00, 0x03, 0x04, 00, 00, 00, 00, 00, 00,
  0xc4, 0x89, 0xe0, 0xb4, 0x8e, 0x2d, 0xb4, 0xd1, 0x58, 0x05, 0x01, 00, 00, 00, 00, 00,
  0x03, 0x04, 00, 00, 00, 00, 00, 00, 0x18, 0x5c, 0xf8, 0xd3, 0x3c, 0x27, 0x26, 0xcc,
  0x60, 0x05, 0x01, 00, 00, 00, 00, 00, 0x03, 0x04, 00, 00, 00, 00, 00, 00,
  0xe0, 0xf5, 0xd1, 0x14, 0x3c, 0x8f, 0xb4, 0xaa, 0x68, 0x05, 0x01, 00, 00, 00, 00, 00,
  0x03, 0x04, 00, 00, 00, 00, 00, 00, 0x9f, 0x6b, 0xa9, 0xe4, 0x9a, 0x41, 0x01, 0xe3,
  0x70, 0x05, 0x01, 00, 00, 00, 00, 00, 0x03, 0x04, 00, 00, 00, 00, 00, 00,
  0xf4, 0xd5, 0xcd, 0x54, 0xf2, 0x5e, 0x8b, 0xf7, 0x78, 0x05, 0x01, 00, 00, 00, 00, 00,
  0x03, 0x04, 00, 00, 00, 00, 00, 00, 0x29, 00, 0x57, 0xad, 0x8f, 0x1b, 0x81, 0xa7,
  0x80, 0x05, 0x01, 00, 00, 00, 00, 00, 0x03, 0x04, 00, 00, 00, 00, 00, 00,
  0xa0, 0xf2, 0xf5, 0x3c, 0x1d, 0x53, 0xbf, 0xd9, 0x88, 0x05, 0x01, 00, 00, 00, 00, 00,
  0x03, 0x04, 00, 00, 00, 00, 00, 00, 0x90, 0x41, 0xc9, 0x14, 0x2e, 0xb8, 0x49, 0x65,
  0x90, 0x05, 0x01, 00, 00, 00, 00, 00, 0x03, 0x04, 00, 00, 00, 00, 00, 00,
  0xf2, 0xc5, 0xf0, 0x23, 0x42, 0x67, 0xb9, 0x91, 0x98, 0x05, 0x01, 00, 00, 00, 00, 00,
  0x03, 0x04, 00, 00, 00, 00, 00, 00, 0x39, 0x1d, 0x7e, 0x42, 0x63, 0xd6, 0x06, 0x2f,
  0xa0, 0x05, 0x01, 00, 00, 00, 00, 00, 0x03, 0x04, 00, 00, 00, 00, 00, 00,
  0xf0, 0x48, 0x23, 0xff, 0x06, 0x0c, 0x03, 0xe0, 0xa8, 0x05, 0x01, 00, 00, 00, 00, 00,
  0x03, 0x04, 00, 00, 00, 00, 00, 00, 0x31, 0xdb, 0x32, 0xa0, 0x7c, 0x8c, 0xb8, 0xbe,
  0xb0, 0x05, 0x01, 00, 00, 00, 00, 00, 0x03, 0x04, 00, 00, 00, 00, 00, 00,
  0xa6, 0xdc, 0xa1, 0xcc, 0x14, 0x15, 0x34, 0xbc, 0xb8, 0x05, 0x01, 00, 00, 00, 00, 00,
  0x03, 0x04, 00, 00, 00, 00, 00, 00, 0xb5, 0x57, 0xd7, 0x2e, 0x95, 0x8c, 0x31, 0x68,
  0xc0, 0x05, 0x01, 00, 00, 00, 00, 00, 0x03, 0x04, 00, 00, 00, 00, 00, 00,
  0xb8, 0x99, 0xaf, 0xc6, 0xb7, 0x6d, 0x3b, 0x3c, 0xc8, 0x05, 0x01, 00, 00, 00, 00, 00,
  0x03, 0x04, 00, 00, 00, 00, 00, 00, 0x83, 0x23, 0x66, 0xa1, 0x79, 0x2a, 0xa1, 0xcb,
  0xa8, 0x06, 0x01, 00, 00, 00, 00, 00, 0x03, 0x04, 00, 00, 00, 00, 00, 00,
  0x46, 0xa3, 0x4f, 0x91, 0x5a, 0x85, 0x66, 0xe0, 0xb8, 0x06, 0x01, 00, 00, 00, 00, 00,
  0x03, 0x04, 00, 00, 00, 00, 00, 00, 0xc2, 0xff, 0x8e, 0x04, 0x88, 0x59, 0xa1, 0x9c,
  0xc0, 0x06, 0x01, 00, 00, 00, 00, 00, 0x03, 0x04, 00, 00, 00, 00, 00, 00,
  0x82, 0x2f, 0xa4, 0x32, 0xea, 0x16, 0xb9, 0x01, 0xc8, 0x06, 0x01, 00, 00, 00, 00, 00,
  0x03, 0x04, 00, 00, 00, 00, 00, 00, 0xd3, 0xad, 0x1a, 0x33, 0x5b, 0x2a, 0xc2, 0xe2,
  0xd8, 0x06, 0x01, 00, 00, 00, 00, 00, 0x03, 0x04, 00, 00, 00, 00, 00, 00,
  0x3a, 0x94, 0x51, 0xe7, 0x01, 0xe5, 0xe5, 0x85, 0xe0, 0x06, 0x01, 00, 00, 00, 00, 00,
  0x03, 0x04, 00, 00, 00, 00, 00, 00, 0x60, 0x25, 0x6a, 0xa1, 0xba, 0x42, 0xb5, 0xb7,
  0xe8, 0x06, 0x01, 00, 00, 00, 00, 00, 0x03, 0x04, 00, 00, 00, 00, 00, 00,
  0xeb, 0x6f, 0x0c, 0x68, 0x55, 0x46, 0x29, 0x2a, 0xf0, 0x06, 0x01, 00, 00, 00, 00, 00,
  0x03, 0x04, 00, 00, 00, 00, 00, 00, 0xfc, 0xd0, 0xe6, 0x91, 0x3a, 0x32, 0xa7, 0x27,
  0xf8, 0x06, 0x01, 00, 00, 00, 00, 00, 0x03, 0x04, 00, 00, 00, 00, 00, 00,
  0xe9, 0xd5, 0x9d, 0xc5, 0xd7, 0x6e, 0x2c, 0x85, 00, 0x07, 0x01, 00, 00, 00, 00, 00,
  0x03, 0x04, 00, 00, 00, 00, 00, 00, 0x3e, 0x5e, 0x3a, 0x34, 0x9a, 0xb1, 0xa7, 0x3e,
  0x08, 0x07, 0x01, 00, 00, 00, 00, 00, 0x03, 0x04, 00, 00, 00, 00, 00, 00,
  0x2a, 0xab, 0x73, 0x8d, 0x39, 0x4d, 0x47, 0xa8, 0x90, 0x07, 0x01, 00, 00, 00, 00, 00,
  0x03, 0x04, 00, 00, 00, 00, 00, 00, 0xad, 0x4a, 0x82, 0xad, 0x96, 0x4f, 0x05, 0xf5,
  0x98, 0x07, 0x01, 00, 00, 00, 00, 00, 0x03, 0x04, 00, 00, 00, 00, 00, 00,
  0x98, 0xbc, 0x45, 0x8c, 0x6a, 0xc9, 0xd2, 0x51, 0xb0, 0x07, 0x01, 00, 00, 00, 00, 00,
  0x03, 0x04, 00, 00, 00, 00, 00, 00, 0x1d, 0x36, 0x68, 0x25, 0xda, 0x2d, 0x35, 0xe2,
  0xb8, 0x07, 0x01, 00, 00, 00, 00, 00, 0x03, 0x04, 00, 00, 00, 00, 00, 00,
  0x40, 0xcb, 0xbd, 0xef, 0x42, 0x66, 0xe4, 0x70, 0xd0, 0x07, 0x01, 00, 00, 00, 00, 00,
  0x03, 0x04, 00, 00, 00, 00, 00, 00, 0x72, 0x9e, 0x47, 0xc4, 0xbd, 0x34, 0x02, 0x88,
  0xd8, 0x07, 0x01, 00, 00, 00, 00, 00, 0x03, 0x04, 00, 00, 00, 00, 00, 00,
  0xc1, 0x60, 0x84, 0x4b, 0x39, 0x8d, 0xcd, 0x69, 0xe0, 0x07, 0x01, 00, 00, 00, 00, 00,
  0x03, 0x04, 00, 00, 00, 00, 00, 00, 0xb4, 0x8e, 0x7b, 0x1c, 0x36, 0xa5, 0x50, 0xed,
  0x10, 0x08, 0x01, 00, 00, 00, 00, 00, 0x03, 0x04, 00, 00, 00, 00, 00, 00,
  0x76, 0x6c, 0x60, 0xc8, 0x52, 0x5c, 0xee, 0x9c, 0x18, 0x08, 0x01, 00, 00, 00, 00, 00,
  0x03, 0x04, 00, 00, 00, 00, 00, 00, 0x72, 0xd7, 0xc2, 0xb0, 0x0d, 0x3b, 0x4c, 0xe5,
  0x20, 0x08, 0x01, 00, 00, 00, 00, 00, 0x03, 0x04, 00, 00, 00, 00, 00, 00,
  0x40, 0x6a, 0x50, 0x45, 0x4f, 0x9b, 0xd6, 0x1d, 0x28, 0x08, 0x01, 00, 00, 00, 00, 00,
  0x03, 0x04, 00, 00, 00, 00, 00, 00, 0x20, 0x51, 0x03, 0x87, 0x8b, 0x33, 0x9f, 0x56,
  0x30, 0x08, 0x01, 00, 00, 00, 00, 00, 0x03, 0x04, 00, 00, 00, 00, 00, 00,
  0x9e, 0xc7, 0xba, 0xf4, 0x19, 0xd4, 0x65, 0x24, 0x38, 0x08, 0x01, 00, 00, 00, 00, 00,
  0x03, 0x04, 00, 00, 00, 00, 00, 00, 0x30, 0xaf, 0x30, 0x21, 0x39, 0x74, 0xe7, 0x6b,
  0x40, 0x08, 0x01, 00, 00, 00, 00, 00, 0x03, 0x04, 00, 00, 00, 00, 00, 00,
  0x16, 0x75, 0xeb, 0x8f, 0x47, 0xba, 0x4b, 0x2c, 0x48, 0x08, 0x01, 00, 00, 00, 00, 00,
  0x03, 0x04, 00, 00, 00, 00, 00, 00, 0x12, 0x2f, 0xa0, 0xae, 0x87, 0xf2, 0x39, 0xf4,
  0x50, 0x08, 0x01, 00, 00, 00, 00, 00, 0x03, 0x04, 00, 00, 00, 00, 00, 00,
  0x3a, 0xdb, 0xaf, 0xc2, 0xf4, 0x1f, 0x6f, 0x23, 0x58, 0x08, 0x01, 00, 00, 00, 00, 00,
  0x03, 0x04, 00, 00, 00, 00, 00, 00, 0x8e, 0x72, 0xe7, 0xbd, 0x4a, 0x0b, 0xd5, 0xd3,
  0x60, 0x08, 0x01, 00, 00, 00, 00, 00, 0x03, 0x04, 00, 00, 00, 00, 00, 00,
  0xb4, 0x1c, 0xf1, 0x37, 0xd4, 0xec, 0x0e, 0xc0, 0x68, 0x08, 0x01, 00, 00, 00, 00, 00,
  0x03, 0x04, 00, 00, 00, 00, 00, 00, 0x21, 0x53, 0x62, 0xc2, 0xd0, 0x1d, 0x87, 0xf2,
  0x70, 0x08, 0x01, 00, 00, 00, 00, 00, 0x03, 0x04, 00, 00, 00, 00, 00, 00,
  0x72, 0x9e, 0xd8, 0x04, 0x48, 0x7f, 0xa3, 0x1e, 0x78, 0x08, 0x01, 00, 00, 00, 00, 00,
  0x03, 0x04, 00, 00, 00, 00, 00, 00, 0x08, 0xfd, 0x3a, 0x7f, 0x0d, 0x3e, 0x13, 0x39,
  0x80, 0x08, 0x01, 00, 00, 00, 00, 00, 0x03, 0x04, 00, 00, 00, 00, 00, 00,
  0xec, 0x1c, 0x29, 0x1f, 0x4b, 0xf2, 0x54, 0x20, 0x88, 0x08, 0x01, 00, 00, 00, 00, 00,
  0x03, 0x04, 00, 00, 00, 00, 00, 00, 0xb5, 0x0b, 0x53, 0xd6, 0x04, 0x56, 0x57, 0x0a,
  0x90, 0x08, 0x01, 00, 00, 00, 00, 00, 0x03, 0x04, 00, 00, 00, 00, 00, 00,
  0x22, 0x16, 0xd1, 0xe9, 0x1e, 0x8c, 0x89, 0x8e, 0x98, 0x08, 0x01, 00, 00, 00, 00, 00,
  0x03, 0x04, 00, 00, 00, 00, 00, 00, 0xed, 0xb0, 0x70, 0x7d, 0xd1, 0x39, 0x77, 0xf4,
  0xa0, 0x08, 0x01, 00, 00, 00, 00, 00, 0x03, 0x04, 00, 00, 00, 00, 00, 00,
  0x84, 0x23, 0x4a, 0x61, 0x98, 0x63, 0x86, 0x8d, 0xa8, 0x08, 0x01, 00, 00, 00, 00, 00,
  0x03, 0x04, 00, 00, 00, 00, 00, 00, 0x9b, 0x1b, 0x93, 0xe2, 0x95, 0x25, 0x93, 0xd9,
  0xb0, 0x08, 0x01, 00, 00, 00, 00, 00, 0x03, 0x04, 00, 00, 00, 00, 00, 00,
  0xf2, 0x41, 0xf5, 0x38, 0x50, 0xdd, 0x6c, 0x6c, 0xb8, 0x08, 0x01, 00, 00, 00, 00, 00,
  0x03, 0x04, 00, 00, 00, 00, 00, 00, 0xa1, 0xea, 0x14, 0x0a, 0x8a, 0x66, 0xd2, 0xdd,
  0xc0, 0x08, 0x01, 00, 00, 00, 00, 00, 0x03, 0x04, 00, 00, 00, 00, 00, 00,
  0xbe, 0x19, 0xf7, 0x12, 0x63, 0x6d, 0x50, 0x0b, 0xc8, 0x08, 0x01, 00, 00, 00, 00, 00,
  0x03, 0x04, 00, 00, 00, 00, 00, 00, 0xf7, 0xa6, 0xca, 0xec, 0xce, 0x25, 0xb8, 0x55,
  0xd0, 0x08, 0x01, 00, 00, 00, 00, 00, 0x03, 0x04, 00, 00, 00, 00, 00, 00,
  0xc6, 0x64, 0x4c, 0x6c, 0x8d, 0xb7, 0x95, 0x32, 0xd8, 0x08, 0x01, 00, 00, 00, 00, 00,
  0x03, 0x04, 00, 00, 00, 00, 00, 00, 0x58, 0xac, 0xe5, 0xcf, 0x74, 0xc4, 0xff, 0xa9,
  0xe0, 0x08, 0x01, 00, 00, 00, 00, 00, 0x03, 0x04, 00, 00, 00, 00, 00, 00,
  0x54, 0x73, 0x93, 0x69, 0x6c, 0xb0, 0xce, 0x94, 0xe8, 0x08, 0x01, 00, 00, 00, 00, 00,
  0x03, 0x04, 00, 00, 00, 00, 00, 00, 0x80, 0x5f, 0x09, 0x2b, 0x25, 0x31, 0x56, 0x42,
  0xf0, 0x08, 0x01, 00, 00, 00, 00, 00, 0x03, 0x04, 00, 00, 00, 00, 00, 00,
  0x76, 0x6e, 0xbd, 0x08, 0x0b, 0x01, 0x84, 0xe2, 0xf8, 0x08, 0x01, 00, 00, 00, 00, 00,
  0x03, 0x04, 00, 00, 00, 00, 00, 00, 0x55, 0x83, 0x9f, 0x49, 0x42, 0xea, 0x3e, 0x26,
  00, 0x09, 0x01, 00, 00, 00, 00, 00, 0x03, 0x04, 00, 00, 00, 00, 00, 00,
  0x5a, 0x7e, 0x53, 0x05, 0xfa, 0xaa, 0xa3, 0xe5, 0x08, 0x09, 0x01, 00, 00, 00, 00, 00,
  0x03, 0x04, 00, 00, 00, 00, 00, 00, 0x78, 0xad, 0x4f, 0xb0, 0x77, 0x75, 0x8b, 0x55,
  0x10, 0x09, 0x01, 00, 00, 00, 00, 00, 0x03, 0x04, 00, 00, 00, 00, 00, 00,
  0x96, 0xbf, 0xf2, 0x2a, 0xbf, 0x3c, 0xb2, 0x34, 0x18, 0x09, 0x01, 00, 00, 00, 00, 00,
  0x03, 0x04, 00, 00, 00, 00, 00, 00, 0xa7, 0xa5, 0x5e, 0x45, 0xf1, 0x3c, 0xc5, 0x39,
  0x20, 0x09, 0x01, 00, 00, 00, 00, 00, 0x03, 0x04, 00, 00, 00, 00, 00, 00,
  0x08, 0x7f, 0xbf, 0x77, 0xf4, 0x57, 0xea, 0xa4, 0x28, 0x09, 0x01, 00, 00, 00, 00, 00,
  0x03, 0x04, 00, 00, 00, 00, 00, 00, 0x78, 0x75, 0xa4, 0x7c, 0x06, 0x79, 0xdc, 0xa7,
  0x30, 0x09, 0x01, 00, 00, 00, 00, 00, 0x03, 0x04, 00, 00, 00, 00, 00, 00,
  0x1e, 0xaf, 0xb8, 0xfa, 0xa5, 0x93, 0xb1, 0x73, 0x68, 0x0a, 0x01, 00, 00, 00, 00, 00,
  0x03, 0x04, 00, 00, 00, 00, 00, 00, 0x1c, 0xf5, 0x8c, 0xb1, 0x2d, 0x44, 0x37, 0x7f,
  0x70, 0x0a, 0x01, 00, 00, 00, 00, 00, 0x03, 0x04, 00, 00, 00, 00, 00, 00,
  0x51, 0x17, 0xe9, 0xde, 0x08, 0x7f, 0x1f, 0x81, 0x78, 0x0a, 0x01, 00, 00, 00, 00, 00,
  0x03, 0x04, 00, 00, 00, 00, 00, 00, 0xfb, 0x7d, 0x74, 0xbc, 0x4f, 0x8a, 0xb1, 0x7f,
  0x80, 0x0a, 0x01, 00, 00, 00, 00, 00, 0x03, 0x04, 00, 00, 00, 00, 00, 00,
  0x6f, 0xbf, 0x61, 0x3f, 0x80, 0x45, 0x6f, 0xd5, 0x88, 0x0a, 0x01, 00, 00, 00, 00, 00,
  0x03, 0x04, 00, 00, 00, 00, 00, 00, 0x27, 0x54, 0x59, 0x7a, 0x3d, 0xe8, 0x43, 0xd2,
  0x90, 0x0a, 0x01, 00, 00, 00, 00, 00, 0x03, 0x04, 00, 00, 00, 00, 00, 00,
  0x5e, 0xc9, 0x57, 0x6a, 0x90, 0x98, 0xff, 0x55, 0x98, 0x0a, 0x01, 00, 00, 00, 00, 00,
  0x03, 0x04, 00, 00, 00, 00, 00, 00, 0x90, 0x2c, 0xac, 0xec, 0x9c, 0xf5, 0x5d, 0xfb,
  0xa0, 0x0a, 0x01, 00, 00, 00, 00, 00, 0x03, 0x04, 00, 00, 00, 00, 00, 00,
  0x63, 0xa5, 0x6a, 0x79, 0x01, 0x1d, 0x1d, 0x81, 0xa8, 0x0a, 0x01, 00, 00, 00, 00, 00,
  0x03, 0x04, 00, 00, 00, 00, 00, 00, 0x37, 0x33, 0xa3, 0xbc, 0x37, 0xae, 0xb3, 0xf8,
  0x78, 0x0c, 0x01, 00, 00, 00, 00, 00, 0x03, 0x04, 00, 00, 00, 00, 00, 00,
  0x07, 0x31, 0x9c, 0x1c, 0xf6, 0xa5, 0xeb, 0xc4, 0xa0, 0x0c, 0x01, 00, 00, 00, 00, 00,
  0x03, 0x04, 00, 00, 00, 00, 00, 00, 0xe5, 0x3a, 0x60, 0x68, 0x28, 0x12, 0xf5, 0xf1,
  0xa8, 0x0c, 0x01, 00, 00, 00, 00, 00, 0x03, 0x04, 00, 00, 00, 00, 00, 00,
  0xd8, 0x5d, 0xf4, 0xdf, 0x03, 0x10, 0x4a, 0xaa, 0xb0, 0x0c, 0x01, 00, 00, 00, 00, 00,
  0x03, 0x04, 00, 00, 00, 00, 00, 00, 0x81, 0x4f, 0x52, 0x39, 0x1c, 0xa7, 0x69, 0xa9,
  0xb8, 0x0c, 0x01, 00, 00, 00, 00, 00, 0x03, 0x04, 00, 00, 00, 00, 00, 00,
  0x2c, 0x59, 0x85, 0x8a, 0xa2, 0x5c, 0x9e, 0x3a, 0x20, 0x0d, 0x01, 00, 00, 00, 00, 00,
  0x03, 0x04, 00, 00, 00, 00, 00, 00, 0x1e, 0x6c, 0xec, 0x7f, 0x54, 0xe1, 0xa6, 0x38,
  0x28, 0x0d, 0x01, 00, 00, 00, 00, 00, 0x03, 0x04, 00, 00, 00, 00, 00, 00,
  0x8d, 0x91, 0x66, 0x9e, 0xc1, 00, 0xe9, 0x72, 0x30, 0x0d, 0x01, 00, 00, 00, 00, 00,
  0x03, 0x04, 00, 00, 00, 00, 00, 00, 0x2e, 0x2f, 0x76, 0x2f, 0x8e, 0x8c, 0x72, 0xff,
  0x38, 0x0d, 0x01, 00, 00, 00, 00, 00, 0x03, 0x04, 00, 00, 00, 00, 00, 00,
  0x18, 0x9d, 0xc1, 0x1a, 0x49, 0x87, 0x63, 0xa3, 0x40, 0x0d, 0x01, 00, 00, 00, 00, 00,
  0x03, 0x04, 00, 00, 00, 00, 00, 00, 0x12, 0x43, 0x60, 0x70, 0xa5, 0xe3, 0x22, 0x33,
  0x48, 0x0d, 0x01, 00, 00, 00, 00, 00, 0x03, 0x04, 00, 00, 00, 00, 00, 00,
  0x65, 0x34, 0xed, 0x34, 0xb7, 0xf4, 0x76, 0x4f, 0x50, 0x0d, 0x01, 00, 00, 00, 00, 00,
  0x03, 0x04, 00, 00, 00, 00, 00, 00, 0x2c, 0xc2, 0x58, 0x65, 0xd1, 0xb1, 0xb8, 0x9a,
  0xb0, 0x0d, 0x01, 00, 00, 00, 00, 00, 0x03, 0x04, 00, 00, 00, 00, 00, 00,
  0xf9, 0x93, 0xdc, 0xc3, 0x61, 0x41, 0xba, 0x4d, 0xe8, 0x0d, 0x01, 00, 00, 00, 00, 00,
  0x03, 0x04, 00, 00, 00, 00, 00, 00, 0xbd, 0x0b, 0x06, 0x57, 0x45, 0x69, 0xe6, 0x99,
  0xf0, 0x0d, 0x01, 00, 00, 00, 00, 00, 0x03, 0x04, 00, 00, 00, 00, 00, 00,
  0x1c, 0xdd, 0x72, 0x19, 0xc7, 0xe6, 0x8c, 0xc1, 0x30, 0x0e, 0x01, 00, 00, 00, 00, 00,
  0x03, 0x04, 00, 00, 00, 00, 00, 00, 0x8c, 0xd0, 0x1d, 0xfc, 0xd2, 0x1f, 0x36, 0x16,
  0x38, 0x0e, 0x01, 00, 00, 00, 00, 00, 0x03, 0x04, 00, 00, 00, 00, 00, 00,
  0xe0, 0x0e, 0x79, 0xf6, 0x0a, 0x34, 0x69, 0x9c, 0x40, 0x0e, 0x01, 00, 00, 00, 00, 00,
  0x03, 0x04, 00, 00, 00, 00, 00, 00, 0xc6, 0x99, 0xcb, 0x31, 0x4b, 0x7a, 0xd3, 0xfd,
  0x48, 0x0e, 0x01, 00, 00, 00, 00, 00, 0x03, 0x04, 00, 00, 00, 00, 00, 00,
  0x7a, 0xd9, 0x27, 0x86, 0x61, 0x77, 0x42, 0x04, 0x50, 0x0e, 0x01, 00, 00, 00, 00, 00,
  0x03, 0x04, 00, 00, 00, 00, 00, 00, 0xe0, 0x45, 0xd2, 0x8e, 0xc4, 0x8f, 0x3d, 0xa6,
  0x58, 0x0e, 0x01, 00, 00, 00, 00, 00, 0x03, 0x04, 00, 00, 00, 00, 00, 00,
  0x23, 0xeb, 0xa5, 0x9f, 0x8d, 0xba, 0x58, 0x90, 0x60, 0x0e, 0x01, 00, 00, 00, 00, 00,
  0x03, 0x04, 00, 00, 00, 00, 00, 00, 0x42, 0x07, 0x9e, 0x97, 0x02, 0xe4, 0xc3, 0x58,
  0xb0, 0x0e, 0x01, 00, 00, 00, 00, 00, 0x03, 0x04, 00, 00, 00, 00, 00, 00,
  0xe5, 0xff, 0x68, 0xd6, 0x21, 0x3d, 0x66, 0xdb, 0xb8, 0x0e, 0x01, 00, 00, 00, 00, 00,
  0x03, 0x04, 00, 00, 00, 00, 00, 00, 0x49, 0x2d, 0xaf, 0x25, 0x06, 0xfe, 0x37, 0xd6,
  0xc0, 0x0e, 0x01, 00, 00, 00, 00, 00, 0x03, 0x04, 00, 00, 00, 00, 00, 00,
  0x51, 0xfa, 00, 0xcd, 0x1f, 0x80, 0x61, 0x93, 0xc8, 0x0e, 0x01, 00, 00, 00, 00, 00,
  0x03, 0x04, 00, 00, 00, 00, 00, 00, 0xb1, 0xce, 0x69, 0x2f, 0x88, 0x1a, 0x4e, 0xe5,
  0xd0, 0x0e, 0x01, 00, 00, 00, 00, 00, 0x03, 0x04, 00, 00, 00, 00, 00, 00,
  0x85, 0xbf, 0xc8, 0xff, 0x86, 0x2c, 0xf1, 0x4d, 0xd8, 0x0e, 0x01, 00, 00, 00, 00, 00,
  0x03, 0x04, 00, 00, 00, 00, 00, 00, 0x1e, 0x8f, 0x5f, 0x23, 0x0d, 0x79, 0x9c, 0xc8,
  0xe0, 0x0e, 0x01, 00, 00, 00, 00, 00, 0x03, 0x04, 00, 00, 00, 00, 00, 00,
  0x8f, 0x55, 0x22, 0x31, 0x4f, 0x9b, 0x17, 0xd5, 0x30, 0x0f, 0x01, 00, 00, 00, 00, 00,
  0x03, 0x04, 00, 00, 00, 00, 00, 00, 0x61, 0xb5, 0xa4, 0x7e, 0x7d, 0xcc, 0xc2, 0x3c,
  0x38, 0x0f, 0x01, 00, 00, 00, 00, 00, 0x03, 0x04, 00, 00, 00, 00, 00, 00,
  0xba, 0xfc, 0x79, 0xff, 0x03, 0x28, 0x08, 0x21, 0x40, 0x0f, 0x01, 00, 00, 00, 00, 00,
  0x03, 0x04, 00, 00, 00, 00, 00, 00, 0x6d, 0xef, 0x33, 0xa1, 0x43, 0xa3, 0x81, 0x18,
  0x48, 0x0f, 0x01, 00, 00, 00, 00, 00, 0x03, 0x04, 00, 00, 00, 00, 00, 00,
  0xb1, 0x62, 0xad, 0x5a, 0x3c, 0x3f, 0x76, 0xd3, 0x50, 0x0f, 0x01, 00, 00, 00, 00, 00,
  0x03, 0x04, 00, 00, 00, 00, 00, 00, 0xf9, 0xf8, 0x5a, 0xf2, 0xad, 0xb5, 0x06, 0x7a,
  0x90, 0x0f, 0x01, 00, 00, 00, 00, 00, 0x03, 0x04, 00, 00, 00, 00, 00, 00,
  0x50, 0xdd, 0x63, 0x83, 0x7d, 0xc2, 0xbd, 0xca, 0x98, 0x0f, 0x01, 00, 00, 00, 00, 00,
  0x03, 0x04, 00, 00, 00, 00, 00, 00, 0xe2, 0xa1, 0xde, 0x24, 0xfd, 0x44, 0x62, 0x14,
  0xa0, 0x0f, 0x01, 00, 00, 00, 00, 00, 0x03, 0x04, 00, 00, 00, 00, 00, 00,
  0x64, 0x80, 0xff, 0x54, 0x7b, 0x93, 0xb6, 0xe0, 0xb0, 0x0f, 0x01, 00, 00, 00, 00, 00,
  0x03, 0x04, 00, 00, 00, 00, 00, 00, 0x38, 0x3c, 0xab, 0xf4, 0x40, 0x98, 0xb8, 0x05,
  0xb8, 0x0f, 0x01, 00, 00, 00, 00, 00, 0x03, 0x04, 00, 00, 00, 00, 00, 00,
  0xdd, 0xb7, 0x0d, 0x85, 0x95, 0xdb, 0xfd, 0x41, 0xc0, 0x0f, 0x01, 00, 00, 00, 00, 00,
  0x03, 0x04, 00, 00, 00, 00, 00, 00, 0x38, 0xdf, 0xc1, 0x7f, 0xae, 0x50, 0x66, 0x9a,
  0xc8, 0x0f, 0x01, 00, 00, 00, 00, 00, 0x03, 0x04, 00, 00, 00, 00, 00, 00,
  0x51, 0x45, 0xc3, 0x6a, 0x9b, 0xaf, 0x3e, 0xf9, 0xd0, 0x0f, 0x01, 00, 00, 00, 00, 00,
  0x03, 0x04, 00, 00, 00, 00, 00, 00, 0x0c, 0x33, 0xd4, 0x17, 0x46, 0x4a, 0xe8, 00,
  0xd8, 0x0f, 0x01, 00, 00, 00, 00, 00, 0x03, 0x04, 00, 00, 00, 00, 00, 00,
  0x9c, 0x04, 0x47, 0xd7, 0xad, 0x82, 0x45, 0xb2, 0x30, 0x10, 0x01, 00, 00, 00, 00, 00,
  0x03, 0x04, 00, 00, 00, 00, 00, 00, 0xaf, 0x73, 0xa2, 0xbb, 0x8b, 0x90, 0xff, 0x0d,
  0x50, 0x10, 0x01, 00, 00, 00, 00, 00, 0x03, 0x04, 00, 00, 00, 00, 00, 00,
  0x5e, 0x7a, 0x44, 0xde, 0x0b, 0x4a, 0xee, 0x0f, 0x60, 0x10, 0x01, 00, 00, 00, 00, 00,
  0x03, 0x04, 00, 00, 00, 00, 00, 00, 0x3f, 0x16, 0xf6, 0x4e, 0xd7, 0xd2, 0x27, 0xec,
  0x68, 0x10, 0x01, 00, 00, 00, 00, 00, 0x03, 0x04, 00, 00, 00, 00, 00, 00,
  0xa1, 0x91, 0x4d, 0xa5, 0xae, 0xe1, 00, 0x69, 0x70, 0x10, 0x01, 00, 00, 00, 00, 00,
  0x03, 0x04, 00, 00, 00, 00, 00, 00, 0x53, 0x01, 0xdb, 0x64, 0x26, 0x7d, 0x33, 0x28,
  0xa0, 0x10, 0x01, 00, 00, 00, 00, 00, 0x03, 0x04, 00, 00, 00, 00, 00, 00,
  0x9e, 0x1b, 0xac, 0xb3, 0x42, 0x8f, 0x66, 0x7e, 0xa8, 0x10, 0x01, 00, 00, 00, 00, 00,
  0x03, 0x04, 00, 00, 00, 00, 00, 00, 0xb0, 0xe8, 0x5f, 0xe7, 0xc3, 0x5e, 0x6c, 0x75,
  0xb0, 0x10, 0x01, 00, 00, 00, 00, 00, 0x03, 0x04, 00, 00, 00, 00, 00, 00,
  0x3e, 0x21, 0xfe, 0x36, 0x8b, 0x1d, 0xdf, 0x65, 0xe0, 0x10, 0x01, 00, 00, 00, 00, 00,
  0x03, 0x04, 00, 00, 00, 00, 00, 00, 0x6f, 0x30, 0x1f, 0x3f, 0x6e, 0xd4, 0xda, 0x8f,
  0xe8, 0x10, 0x01, 00, 00, 00, 00, 00, 0x03, 0x04, 00, 00, 00, 00, 00, 00,
  0x60, 0xfd, 0xdd, 0xf6, 0x79, 0xf0, 0xd2, 0xb8, 0xf0, 0x10, 0x01, 00, 00, 00, 00, 00,
  0x03, 0x04, 00, 00, 00, 00, 00, 00, 0xc9, 0x6a, 0xea, 0xf5, 0x6e, 0xda, 0xa7, 0x5b,
  0xf8, 0x10, 0x01, 00, 00, 00, 00, 00, 0x03, 0x04, 00, 00, 00, 00, 00, 00,
  0x8a, 0x66, 0x1e, 0xb3, 0xbb, 0x10, 0xe7, 0x29, 00, 0x11, 0x01, 00, 00, 00, 00, 00,
  0x03, 0x04, 00, 00, 00, 00, 00, 00, 0x23, 0x4a, 0x77, 0x90, 0x81, 0xda, 0x93, 0x97,
  0x08, 0x11, 0x01, 00, 00, 00, 00, 00, 0x03, 0x04, 00, 00, 00, 00, 00, 00,
  0x3f, 0xb5, 0x26, 0xd2, 0x15, 0xd4, 0x37, 0xaf, 0x40, 0x11, 0x01, 00, 00, 00, 00, 00,
  0x03, 0x04, 00, 00, 00, 00, 00, 00, 0x77, 0x50, 0x3c, 0x55, 0x14, 0x74, 0x02, 0x91,
  0x48, 0x11, 0x01, 00, 00, 00, 00, 00, 0x03, 0x04, 00, 00, 00, 00, 00, 00,
  0x99, 0x28, 0x0b, 0xa0, 0x5c, 0xd2, 0x34, 0x79, 0x60, 0x11, 0x01, 00, 00, 00, 00, 00,
  0x03, 0x04, 00, 00, 00, 00, 00, 00, 0x79, 0x6a, 0x55, 0x50, 0x43, 0x2b, 0x89, 0x3d,
  0x68, 0x11, 0x01, 00, 00, 00, 00, 00, 0x03, 0x04, 00, 00, 00, 00, 00, 00,
  0x01, 0xca, 0x4d, 0x44, 0x96, 0xba, 0xc3, 0x48, 0x80, 0x11, 0x01, 00, 00, 00, 00, 00,
  0x03, 0x04, 00, 00, 00, 00, 00, 00, 0xad, 0x98, 0x60, 0x1c, 0x8f, 0x03, 0xe7, 0xf3,
  0x88, 0x11, 0x01, 00, 00, 00, 00, 00, 0x03, 0x04, 00, 00, 00, 00, 00, 00,
  0xf4, 0x57, 0xdb, 0xfc, 0x40, 0x51, 0x4f, 0xf9, 0x90, 0x11, 0x01, 00, 00, 00, 00, 00,
  0x03, 0x04, 00, 00, 00, 00, 00, 00, 0x43, 0xda, 0x55, 0xfd, 0x80, 0x16, 0xb9, 0xc0,
  0x98, 0x11, 0x01, 00, 00, 00, 00, 00, 0x03, 0x04, 00, 00, 00, 00, 00, 00,
  0x83, 0x97, 0x7e, 0xe0, 0xd1, 0xae, 0x02, 0x99, 0xa0, 0x11, 0x01, 00, 00, 00, 00, 00,
  0x03, 0x04, 00, 00, 00, 00, 00, 00, 0x95, 0x5d, 0x90, 0x36, 0xad, 0xd2, 0x7e, 0xef,
  0xa8, 0x11, 0x01, 00, 00, 00, 00, 00, 0x03, 0x04, 00, 00, 00, 00, 00, 00,
  0xe9, 0xb5, 0x9a, 0x35, 0xa5, 0x45, 0xa9, 0x21, 0xb0, 0x11, 0x01, 00, 00, 00, 00, 00,
  0x03, 0x04, 00, 00, 00, 00, 00, 00, 0xb5, 0xc0, 0xfc, 0x53, 0xe7, 0x37, 0x64, 0x87,
  0xf8, 0x11, 0x01, 00, 00, 00, 00, 00, 0x03, 0x04, 00, 00, 00, 00, 00, 00,
  0xbd, 0xda, 0xe6, 0xe1, 0x5e, 0xf0, 0x34, 0xc4, 00, 0x12, 0x01, 00, 00, 00, 00, 00,
  0x03, 0x04, 00, 00, 00, 00, 00, 00, 0xd7, 0xfb, 0xfe, 0x30, 0x4f, 0x63, 0x98, 0xc9,
  0x18, 0x12, 0x01, 00, 00, 00, 00, 00, 0x03, 0x04, 00, 00, 00, 00, 00, 00,
  0x8e, 0x21, 0x1c, 0x33, 0x62, 0x3d, 0x80, 0x23, 0x20, 0x12, 0x01, 00, 00, 00, 00, 00,
  0x03, 0x04, 00, 00, 00, 00, 00, 00, 0x2f, 0x87, 0xa7, 0x4e, 0xd4, 0xba, 0xb0, 0xac,
  0x38, 0x12, 0x01, 00, 00, 00, 00, 00, 0x03, 0x04, 00, 00, 00, 00, 00, 00,
  0x5b, 0x77, 0x6f, 0x8a, 0x5a, 0x83, 0xbe, 0x25, 0x40, 0x12, 0x01, 00, 00, 00, 00, 00,
  0x03, 0x04, 00, 00, 00, 00, 00, 00, 0x2e, 0x64, 0xe5, 0x02, 0x35, 0xd5, 0x7d, 0x4c,
  0x58, 0x12, 0x01, 00, 00, 00, 00, 00, 0x03, 0x04, 00, 00, 00, 00, 00, 00,
  0x23, 0x6d, 0x40, 0x72, 0xa3, 0xe4, 0x13, 0x4d, 0x60, 0x12, 0x01, 00, 00, 00, 00, 00,
  0x03, 0x04, 00, 00, 00, 00, 00, 00, 0xc1, 0xca, 0xde, 0x77, 0x44, 0xb8, 0x17, 0x1a,
  0x80, 0x12, 0x01, 00, 00, 00, 00, 00, 0x03, 0x04, 00, 00, 00, 00, 00, 00,
  0x1f, 0x0a, 0xe5, 0xb1, 0x67, 0x32, 0x0a, 0xef, 0x88, 0x12, 0x01, 00, 00, 00, 00, 00,
  0x03, 0x04, 00, 00, 00, 00, 00, 00, 0x2b, 0x4a, 0x7e, 0xb1, 0x03, 0x64, 0x30, 0x2c,
  0x90, 0x12, 0x01, 00, 00, 00, 00, 00, 0x03, 0x04, 00, 00, 00, 00, 00, 00,
  0x93, 0xcd, 0x68, 0xf8, 0x52, 0xbb, 0x79, 0xc5, 0x98, 0x12, 0x01, 00, 00, 00, 00, 00,
  0x03, 0x04, 00, 00, 00, 00, 00, 00, 0x3a, 0x93, 0x69, 0x0c, 0xeb, 0x08, 0xd5, 0xc3,
  0xa0, 0x12, 0x01, 00, 00, 00, 00, 00, 0x03, 0x04, 00, 00, 00, 00, 00, 00,
  0x7b, 0x56, 0x04, 0x63, 0xb3, 0x5e, 0x51, 0x56, 0xd8, 0x12, 0x01, 00, 00, 00, 00, 00,
  0x03, 0x04, 00, 00, 00, 00, 00, 00, 0x48, 0x56, 0xa2, 0xf2, 0x6f, 0x50, 0xb0, 0x6d,
  0xe0, 0x12, 0x01, 00, 00, 00, 00, 00, 0x03, 0x04, 00, 00, 00, 00, 00, 00,
  0x5f, 0xa5, 0x84, 0x92, 0x09, 0x8f, 0x76, 0x99, 0xe8, 0x12, 0x01, 00, 00, 00, 00, 00,
  0x03, 0x04, 00, 00, 00, 00, 00, 00, 0x41, 0x85, 0xc0, 0x1e, 0xf0, 0x3f, 0x57, 0xe3,
  0xf0, 0x12, 0x01, 00, 00, 00, 00, 00, 0x03, 0x04, 00, 00, 00, 00, 00, 00,
  0xc2, 0xa2, 0x8c, 0x9e, 0x92, 0x32, 0xaa, 0xbe, 0xf8, 0x12, 0x01, 00, 00, 00, 00, 00,
  0x03, 0x04, 00, 00, 00, 00, 00, 00, 0x78, 0x52, 0x16, 0xe7, 0xe6, 0xbd, 0x5e, 0x27,
  00, 0x13, 0x01, 00, 00, 00, 00, 00, 0x03, 0x04, 00, 00, 00, 00, 00, 00,
  0x81, 0x59, 0x17, 0x69, 0xe4, 0xbc, 0x7c, 0x85, 0x08, 0x13, 0x01, 00, 00, 00, 00, 00,
  0x03, 0x04, 00, 00, 00, 00, 00, 00, 0x41, 0xdd, 0xb1, 0xa6, 0x43, 0xf9, 0x5a, 0xe4,
  0x10, 0x13, 0x01, 00, 00, 00, 00, 00, 0x03, 0x04, 00, 00, 00, 00, 00, 00,
  0x23, 0xd8, 0x63, 0xe2, 0x73, 0x5c, 0x9b, 0xb6, 0x18, 0x13, 0x01, 00, 00, 00, 00, 00,
  0x03, 0x04, 00, 00, 00, 00, 00, 00, 0xda, 0x42, 0xf8, 0x12, 0x7b, 0x55, 0xbd, 0x69,
  0x20, 0x13, 0x01, 00, 00, 00, 00, 00, 0x03, 0x04, 00, 00, 00, 00, 00, 00,
  0xb5, 0xd6, 0x49, 0xa7, 0x51, 0xd7, 0x0e, 0x4b, 0x28, 0x13, 0x01, 00, 00, 00, 00, 00,
  0x03, 0x04, 00, 00, 00, 00, 00, 00, 0x27, 0xa1, 0x27, 0x0a, 0xb1, 0xb4, 0x1b, 0x18,
  0x60, 0x06, 0x01, 00, 00, 00, 00, 00, 0x01, 0x01, 00, 00, 0x04, 00, 00, 00,
  0xd5, 0x93, 0x2f, 0x1f, 0xac, 0x14, 0x94, 0x94, 0x68, 0x06, 0x01, 00, 00, 00, 00, 00,
  0x01, 0x01, 00, 00, 0x05, 00, 00, 00, 0x71, 0x5c, 0x83, 0x5e, 0xe7, 0x62, 0x4b, 0x77,
  0x90, 0x06, 0x01, 00, 00, 00, 00, 00, 0x01, 0x01, 00, 00, 0x06, 00, 00, 00,
  0xf4, 0xf2, 0x7f, 0x78, 0x54, 0xa8, 0x8b, 0x37, 0x98, 0x06, 0x01, 00, 00, 00, 00, 00,
  0x01, 0x01, 00, 00, 0x07, 00, 00, 00, 0x9d, 0x29, 0x24, 0x31, 0x8d, 0x8e, 0x80, 0x68,
  0xa0, 0x06, 0x01, 00, 00, 00, 00, 00, 0x01, 0x01, 00, 00, 0x08, 00, 00, 00,
  0x7a, 0x15, 0xd2, 0xa1, 0x22, 0x61, 0xc9, 0x69, 0xc0, 0x0c, 0x01, 00, 00, 00, 00, 00,
  0x01, 0x01, 00, 00, 0x08, 00, 00, 00, 0x49, 0x45, 0xd6, 0x89, 0x16, 0x1b, 0xfe, 0x4c,
  0xe0, 0x0d, 0x01, 00, 00, 00, 00, 00, 0x01, 0x01, 00, 00, 0x08, 00, 00, 00,
  0x5c, 0xc5, 0x85, 0x6d, 0xf2, 0xed, 0x79, 0x74, 0xa8, 0x0f, 0x01, 00, 00, 00, 00, 00,
  0x01, 0x01, 00, 00, 0x08, 00, 00, 00, 0x72, 0xb0, 0x31, 0x90, 0x93, 0x9c, 0x3e, 0x88,
  0xb0, 0x06, 0x01, 00, 00, 00, 00, 00, 0x01, 0x01, 00, 00, 0x09, 00, 00, 00,
  0xb8, 0xf2, 0x5c, 0xc7, 0xd9, 0x44, 0x0a, 0x5c, 0xd0, 0x06, 0x01, 00, 00, 00, 00, 00,
  0x01, 0x01, 00, 00, 0x0a, 00, 00, 00, 0x24, 0x74, 0x17, 0x7a, 0x67, 0xe7, 0x73, 0x8f,
  0x88, 0x0c, 0x01, 00, 00, 00, 00, 00, 0x01, 0x01, 00, 00, 0x0b, 00, 00, 00,
  0xac, 0x9f, 0xf7, 0x58, 0x91, 0x88, 0xa1, 0x93, 0xc8, 0x0c, 0x01, 00, 00, 00, 00, 00,
  0x01, 0x01, 00, 00, 0x0b, 00, 00, 00, 0x87, 0xbc, 0x94, 0x88, 0x8d, 0xc9, 0x9f, 0xf8,
  0xa0, 0x0d, 0x01, 00, 00, 00, 00, 00, 0x01, 0x01, 00, 00, 0x0b, 00, 00, 00,
  0x15, 0x01, 0x43, 0x83, 0x32, 0x5c, 0xaf, 0x50, 0xd0, 0x0c, 0x01, 00, 00, 00, 00, 00,
  0x01, 0x01, 00, 00, 0x0c, 00, 00, 00, 0x9d, 0xe0, 00, 0xb4, 0x23, 0x39, 0x3f, 0x16,
  0x18, 0x0e, 0x01, 00, 00, 00, 00, 00, 0x01, 0x01, 00, 00, 0x0d, 00, 00, 00,
  0x68, 0xf3, 0x32, 0x30, 0x0d, 0x82, 0x59, 0xc9, 0x40, 0x10, 0x01, 00, 00, 00, 00, 00,
  0x01, 0x01, 00, 00, 0x0e, 00, 00, 00, 0xb7, 0xd9, 0x02, 0xbd, 0xed, 0x4c, 0x1b, 0x10,
  0x80, 0x06, 0x01, 00, 00, 00, 00, 00, 0x01, 0x01, 00, 00, 0x12, 00, 00, 00,
  0x89, 0xed, 0x53, 0xab, 0x38, 00, 0x61, 0x56, 0xa8, 0x0d, 0x01, 00, 00, 00, 00, 00,
  0x01, 0x01, 00, 00, 0x13, 00, 00, 00, 0x8d, 0xc7, 0xdf, 0x1f, 0x38, 0x96, 0x3d, 0xfe,
  0x90, 0xc1, 00, 00, 00, 00, 00, 00, 0x02, 0x04, 00, 00, 0x01, 00, 00, 00,
  00, 00, 00, 00, 00, 00, 00, 00, 0x98, 0xc1, 00, 00, 00, 00, 00, 00,
  0x02, 0x04, 00, 00, 0x02, 00, 00, 00, 00, 00, 00, 00, 00, 00, 00, 00,
  0xa0, 0xc1, 00, 00, 00, 00, 00, 00, 0x02, 0x04, 00, 00, 0x03, 00, 00, 00,
  00, 00, 00, 00, 00, 00, 00, 00, 0xa8, 0xc1, 00, 00, 00, 00, 00, 00,
  0x02, 0x04, 00, 00, 0x0f, 00, 00, 00, 00, 00, 00, 00, 00, 00, 00, 00,
  0xb0, 0xc1, 00, 00, 00, 00, 00, 00, 0x02, 0x04, 00, 00, 0x10, 00, 00, 00,
  00, 00, 00, 00, 00, 00, 00, 00, 0xb8, 0xc1, 00, 00, 00, 00, 00, 00,
  0x02, 0x04, 00, 00, 0x11, 00, 00, 00, 00, 00, 00, 00, 00, 00, 00, 00,
  0x05, 00, 00, 0x14, 0x51, 00, 00, 0x58, 0x71, 00, 00, 0x58, 0x9e, 00, 00, 0x10,
  0x51, 00, 00, 0x58, 0x20, 0x02, 0x1f, 0xd6, 0x72, 0x6f, 0x2e, 0x61, 0x72, 0x63, 0x68, 00,
  0x65, 0x78, 0x79, 0x6e, 0x6f, 0x73, 0x39, 0x38, 0x31, 0x30, 00, 00, 0x01, 0x1b, 0x03, 0x3b,
  0x90, 0x01, 00, 00, 0x31, 00, 00, 00, 0xf4, 0x07, 00, 00, 0xa8, 0x01, 00, 00,
  0x04, 0x08, 00, 00, 0xbc, 0x01, 00, 00, 0x0c, 0x08, 00, 00, 0xd0, 0x01, 00, 00,
  0x14, 0x08, 00, 00, 0xe4, 0x01, 00, 00, 0x28, 0x08, 00, 00, 0xf8, 0x01, 00, 00,
  0x44, 0x08, 00, 00, 0x0c, 0x02, 00, 00, 0x54, 0x08, 00, 00, 0x24, 0x02, 00, 00,
  0x80, 0x09, 00, 00, 0x64, 0x02, 00, 00, 0x48, 0x0a, 00, 00, 0x78, 0x02, 00, 00,
  0xb8, 0x0a, 00, 00, 0x8c, 0x02, 00, 00, 0xd8, 0x21, 00, 00, 0xe0, 0x02, 00, 00,
  0xb0, 0x22, 00, 00, 0xf4, 0x02, 00, 00, 0x30, 0x24, 00, 00, 0x08, 0x03, 00, 00,
  0xa8, 0x24, 00, 00, 0x1c, 0x03, 00, 00, 0x54, 0x25, 00, 00, 0x30, 0x03, 00, 00,
  0xd4, 0x26, 00, 00, 0x44, 0x03, 00, 00, 0xe4, 0x27, 00, 00, 0x58, 0x03, 00, 00,
  0x5c, 0x28, 00, 00, 0x6c, 0x03, 00, 00, 0xd4, 0x28, 00, 00, 0x80, 0x03, 00, 00,
  0x54, 0x2a, 00, 00, 0x94, 0x03, 00, 00, 0xb8, 0x2a, 00, 00, 0xc8, 0x06, 00, 00,
  0xec, 0x2a, 00, 00, 0xa8, 0x03, 00, 00, 0x7c, 0x2b, 00, 00, 0xbc, 0x03, 00, 00,
  0xdc, 0x34, 00, 00, 0x04, 0x04, 00, 00, 0xb0, 0x38, 00, 00, 0x4c, 0x04, 00, 00,
  0x74, 0x3a, 00, 00, 0xa0, 0x04, 00, 00, 0xb8, 0x3c, 00, 00, 0xf0, 0x04, 00, 00,
  0x18, 0x3d, 00, 00, 0x04, 0x05, 00, 00, 0x54, 0x42, 00, 00, 0x4c, 0x05, 00, 00,
  0x20, 0x47, 00, 00, 0x94, 0x05, 00, 00, 0xc4, 0x4c, 00, 00, 0xdc, 0x05, 00, 00,
  0x2c, 0x56, 00, 00, 0x24, 0x06, 00, 00, 0x18, 0x58, 00, 00, 0x38, 0x06, 00, 00,
  0x78, 0x58, 00, 00, 0x64, 0x06, 00, 00, 0x8c, 0x58, 00, 00, 0x78, 0x06, 00, 00,
  0x9c, 0x58, 00, 00, 0x8c, 0x06, 00, 00, 0xe0, 0x58, 00, 00, 0xa0, 0x06, 00, 00,
  0xf0, 0x58, 00, 00, 0xb4, 0x06, 00, 00, 0x7c, 0x59, 00, 00, 0xdc, 0x06, 00, 00,
  0x9c, 0x5a, 00, 00, 0xf0, 0x06, 00, 00, 0x48, 0x5b, 00, 00, 0x04, 0x07, 00, 00,
  0xf0, 0x5b, 00, 00, 0x18, 0x07, 00, 00, 0x94, 0x5c, 00, 00, 0x2c, 0x07, 00, 00,
  0x40, 0x5d, 00, 00, 0x40, 0x07, 00, 00, 0xd4, 0x5d, 00, 00, 0x54, 0x07, 00, 00,
  0x08, 0x5e, 00, 00, 0x68, 0x07, 00, 00, 0xa0, 0x5e, 00, 00, 0x9c, 0x07, 00, 00,
  0x3c, 0x64, 00, 00, 0xb0, 0x07, 00, 00, 0xd4, 0x64, 00, 00, 0xd8, 0x07, 00, 00,
  0x10, 00, 00, 00, 00, 00, 00, 00, 0x01, 0x7a, 0x52, 00, 0x01, 0x7c, 0x1e, 0x01,
  0x1b, 0x0c, 0x1f, 00, 0x10, 00, 00, 00, 0x18, 00, 00, 00, 0x44, 0x06, 00, 00,
  0x10, 00, 00, 00, 00, 00, 00, 00, 0x10, 00, 00, 00, 0x2c, 00, 00, 00,
  0x40, 0x06, 00, 00, 0x08, 00, 00, 00, 00, 00, 00, 00, 0x10, 00, 00, 00,
  0x40, 00, 00, 00, 0x34, 0x06, 00, 00, 0x08, 00, 00, 00, 00, 00, 00, 00,
  0x10, 00, 00, 00, 0x54, 00, 00, 00, 0x28, 0x06, 00, 00, 0x14, 00, 00, 00,
  00, 00, 00, 00, 0x10, 00, 00, 00, 0x68, 00, 00, 00, 0x28, 0x06, 00, 00,
  0x1c, 00, 00, 00, 00, 00, 00, 00, 0x14, 00, 00, 00, 0x7c, 00, 00, 00,
  0x30, 0x06, 00, 00, 0x10, 00, 00, 00, 00, 00, 00, 00, 00, 00, 00, 00,
  0x3c, 00, 00, 00, 0x94, 00, 00, 00, 0x28, 0x06, 00, 00, 0x2c, 0x01, 00, 00,
  00, 0x44, 0x0e, 0x30, 0x4c, 0x0c, 0x1d, 0x30, 0x93, 0x02, 0x94, 0x04, 0x95, 0x08, 0x9e, 0x0a,
  0x9d, 0x0c, 0x0a, 0x02, 0xf4, 0x0c, 0x1f, 0x30, 0x4c, 0x0e, 00, 0xd3, 0xd4, 0xd5, 0xde, 0xdd,
  0x44, 0x0b, 0x48, 0x0c, 0x1f, 0x30, 0x4c, 0x0e, 00, 0xd3, 0xd4, 0xd5, 0xde, 0xdd, 00, 00,
  0x10, 00, 00, 00, 0xd4, 00, 00, 00, 0x14, 0x07, 00, 00, 0xc8, 00, 00, 00,
  00, 00, 00, 00, 0x10, 00, 00, 00, 0xe8, 00, 00, 00, 0xc8, 0x07, 00, 00,
  0x70, 00, 00, 00, 00, 00, 00, 00, 0x50, 00, 00, 00, 0xfc, 00, 00, 00,
  0x24, 0x08, 00, 00, 0x20, 0x17, 00, 00, 00, 0x44, 0x0e, 0xa0, 0x01, 0x60, 0x0c, 0x1d,
  0x60, 0x93, 0x02, 0x94, 0x04, 0x95, 0x06, 0x96, 0x08, 0x97, 0x0a, 0x98, 0x0c, 0x99, 0x0e, 0x9a,
  0x10, 0x9b, 0x12, 0x9c, 0x14, 0x9e, 0x16, 0x9d, 0x18, 0x05, 0x48, 0x1a, 0x05, 0x49, 0x1c, 0x03,
  0xd8, 0x16, 0x0c, 0x1f, 0xa0, 0x01, 0x60, 0x0e, 00, 0xd3, 0xd4, 0xd5, 0xd6, 0xd7, 0xd8, 0xd9,
  0xda, 0xdb, 0xdc, 0xde, 0xdd, 0x06, 0x48, 0x06, 0x49, 00, 00, 00, 0x10, 00, 00, 00,
  0x50, 0x01, 00, 00, 0xf0, 0x1e, 00, 00, 0xd8, 00, 00, 00, 00, 00, 00, 00,
  0x10, 00, 00, 00, 0x64, 0x01, 00, 00, 0xb4, 0x1f, 00, 00, 0x80, 0x01, 00, 00,
  00, 00, 00, 00, 0x10, 00, 00, 00, 0x78, 0x01, 00, 00, 0x20, 0x21, 00, 00,
  0x78, 00, 00, 00, 00, 00, 00, 00, 0x10, 00, 00, 00, 0x8c, 0x01, 00, 00,
  0x84, 0x21, 00, 00, 0xac, 00, 00, 00, 00, 00, 00, 00, 0x10, 00, 00, 00,
  0xa0, 0x01, 00, 00, 0x1c, 0x22, 00, 00, 0x80, 0x01, 00, 00, 00, 00, 00, 00,
  0x10, 00, 00, 00, 0xb4, 0x01, 00, 00, 0x88, 0x23, 00, 00, 0x10, 0x01, 00, 00,
  00, 00, 00, 00, 0x10, 00, 00, 00, 0xc8, 0x01, 00, 00, 0x84, 0x24, 00, 00,
  0x78, 00, 00, 00, 00, 00, 00, 00, 0x10, 00, 00, 00, 0xdc, 0x01, 00, 00,
  0xe8, 0x24, 00, 00, 0x78, 00, 00, 00, 00, 00, 00, 00, 0x10, 00, 00, 00,
  0xf0, 0x01, 00, 00, 0x4c, 0x25, 00, 00, 0x80, 0x01, 00, 00, 00, 00, 00, 00,
  0x10, 00, 00, 00, 0x04, 0x02, 00, 00, 0xb8, 0x26, 00, 00, 0x64, 00, 00, 00,
  00, 00, 00, 00, 0x10, 00, 00, 00, 0x18, 0x02, 00, 00, 0x3c, 0x27, 00, 00,
  0x90, 00, 00, 00, 00, 00, 00, 00, 0x44, 00, 00, 00, 0x2c, 0x02, 00, 00,
  0xb8, 0x27, 00, 00, 0x60, 0x09, 00, 00, 00, 0x44, 0x0e, 0x60, 0x58, 0x0c, 0x1d, 0x60,
  0x93, 0x02, 0x94, 0x04, 0x95, 0x06, 0x96, 0x08, 0x97, 0x0a, 0x98, 0x0c, 0x99, 0x0e, 0x9a, 0x10,
  0x9b, 0x12, 0x9c, 0x14, 0x9e, 0x16, 0x9d, 0x18, 0x0a, 0x03, 0xc8, 0x08, 0x0c, 0x1f, 0x60, 0x58,
  0x0e, 00, 0xd3, 0xd4, 0xd5, 0xd6, 0xd7, 0xd8, 0xd9, 0xda, 0xdb, 0xdc, 0xde, 0xdd, 0x44, 0x0b,
  0x44, 00, 00, 00, 0x74, 0x02, 00, 00, 0xd0, 0x30, 00, 00, 0xd4, 0x03, 00, 00,
  00, 0x44, 0x0e, 0x60, 0x58, 0x0c, 0x1d, 0x60, 0x93, 0x02, 0x94, 0x04, 0x95, 0x06, 0x96, 0x08,
  0x97, 0x0a, 0x98, 0x0c, 0x99, 0x0e, 0x9a, 0x10, 0x9b, 0x12, 0x9c, 0x14, 0x9e, 0x16, 0x9d, 0x18,
  0x03, 0x9c, 0x03, 0x0c, 0x1f, 0x60, 0x58, 0x0e, 00, 0xd3, 0xd4, 0xd5, 0xd6, 0xd7, 0xd8, 0xd9,
  0xda, 0xdb, 0xdc, 0xde, 0xdd, 00, 00, 00, 0x50, 00, 00, 00, 0xbc, 0x02, 00, 00,
  0x5c, 0x34, 00, 00, 0xc4, 0x01, 00, 00, 00, 0x44, 0x0e, 0x50, 0x54, 0x0c, 0x1d, 0x50,
  0x93, 0x02, 0x94, 0x04, 0x95, 0x06, 0x96, 0x08, 0x97, 0x0a, 0x98, 0x0c, 0x99, 0x0e, 0x9a, 0x10,
  0x9e, 0x12, 0x9d, 0x14, 0x0a, 0x02, 0xa8, 0x0c, 0x1f, 0x50, 0x54, 0x0e, 00, 0xd3, 0xd4, 0xd5,
  0xd6, 0xd7, 0xd8, 0xd9, 0xda, 0xde, 0xdd, 0x44, 0x0b, 0x02, 0xd4, 0x0c, 0x1f, 0x50, 0x54, 0x0e,
  00, 0xd3, 0xd4, 0xd5, 0xd6, 0xd7, 0xd8, 0xd9, 0xda, 0xde, 0xdd, 00, 0x4c, 00, 00, 00,
  0x10, 0x03, 00, 00, 0xcc, 0x35, 00, 00, 0x44, 0x02, 00, 00, 00, 0x44, 0x0e, 0x50,
  0x54, 0x0c, 0x1d, 0x50, 0x93, 0x02, 0x94, 0x04, 0x95, 0x06, 0x96, 0x08, 0x97, 0x0a, 0x98, 0x0c,
  0x99, 0x10, 0x9e, 0x12, 0x9d, 0x14, 0x0a, 0x02, 0x88, 0x0c, 0x1f, 0x50, 0x54, 0x0e, 00, 0xd3,
  0xd4, 0xd5, 0xd6, 0xd7, 0xd8, 0xd9, 0xde, 0xdd, 0x44, 0x0b, 0x03, 0x74, 0x01, 0x0c, 0x1f, 0x50,
  0x54, 0x0e, 00, 0xd3, 0xd4, 0xd5, 0xd6, 0xd7, 0xd8, 0xd9, 0xde, 0xdd, 0x10, 00, 00, 00,
  0x60, 0x03, 00, 00, 0xc0, 0x37, 00, 00, 0x60, 00, 00, 00, 00, 00, 00, 00,
  0x44, 00, 00, 00, 0x74, 0x03, 00, 00, 0x0c, 0x38, 00, 00, 0x3c, 0x05, 00, 00,
  00, 0x44, 0x0e, 0x80, 0x01, 0x5c, 0x0c, 0x1d, 0x60, 0x93, 0x02, 0x94, 0x04, 0x95, 0x06, 0x96,
  0x08, 0x97, 0x0a, 0x98, 0x0c, 0x99, 0x0e, 0x9a, 0x10, 0x9b, 0x12, 0x9c, 0x14, 0x9e, 0x16, 0x9d,
  0x18, 0x03, 0xfc, 0x04, 0x0c, 0x1f, 0x80, 0x01, 0x5c, 0x0e, 00, 0xd3, 0xd4, 0xd5, 0xd6, 0xd7,
  0xd8, 0xd9, 0xda, 0xdb, 0xdc, 0xde, 0xdd, 00, 0x44, 00, 00, 00, 0xbc, 0x03, 00, 00,
  00, 0x3d, 00, 00, 0xcc, 0x04, 00, 00, 00, 0x44, 0x0e, 0xa0, 0x01, 0x5c, 0x0c, 0x1d,
  0x60, 0x93, 0x02, 0x94, 0x04, 0x95, 0x06, 0x96, 0x08, 0x97, 0x0a, 0x98, 0x0c, 0x99, 0x0e, 0x9a,
  0x10, 0x9b, 0x12, 0x9c, 0x14, 0x9e, 0x16, 0x9d, 0x18, 0x03, 0x8c, 0x04, 0x0c, 0x1f, 0xa0, 0x01,
  0x5c, 0x0e, 00, 0xd3, 0xd4, 0xd5, 0xd6, 0xd7, 0xd8, 0xd9, 0xda, 0xdb, 0xdc, 0xde, 0xdd, 00,
  0x44, 00, 00, 00, 0x04, 0x04, 00, 00, 0x84, 0x41, 00, 00, 0xa4, 0x05, 00, 00,
  00, 0x44, 0x0e, 0x90, 0x01, 0x5c, 0x0c, 0x1d, 0x60, 0x93, 0x02, 0x94, 0x04, 0x95, 0x06, 0x96,
  0x08, 0x97, 0x0a, 0x98, 0x0c, 0x99, 0x0e, 0x9a, 0x10, 0x9b, 0x12, 0x9c, 0x14, 0x9e, 0x16, 0x9d,
  0x18, 0x03, 0x64, 0x05, 0x0c, 0x1f, 0x90, 0x01, 0x5c, 0x0e, 00, 0xd3, 0xd4, 0xd5, 0xd6, 0xd7,
  0xd8, 0xd9, 0xda, 0xdb, 0xdc, 0xde, 0xdd, 00, 0x44, 00, 00, 00, 0x4c, 0x04, 00, 00,
  0xe0, 0x46, 00, 00, 0x68, 0x09, 00, 00, 00, 0x44, 0x0e, 0x90, 0x01, 0x5c, 0x0c, 0x1d,
  0x60, 0x93, 0x02, 0x94, 0x04, 0x95, 0x06, 0x96, 0x08, 0x97, 0x0a, 0x98, 0x0c, 0x99, 0x0e, 0x9a,
  0x10, 0x9b, 0x12, 0x9c, 0x14, 0x9e, 0x16, 0x9d, 0x18, 0x03, 0x28, 0x09, 0x0c, 0x1f, 0x90, 0x01,
  0x5c, 0x0e, 00, 0xd3, 0xd4, 0xd5, 0xd6, 0xd7, 0xd8, 0xd9, 0xda, 0xdb, 0xdc, 0xde, 0xdd, 00,
  0x10, 00, 00, 00, 0x94, 0x04, 00, 00, 00, 0x50, 00, 00, 0xec, 0x01, 00, 00,
  00, 00, 00, 00, 0x28, 00, 00, 00, 0xa8, 0x04, 00, 00, 0xd8, 0x51, 00, 00,
  0x60, 00, 00, 00, 00, 0x44, 0x0e, 0x20, 0x48, 0x0c, 0x1d, 0x20, 0x93, 0x02, 0x94, 0x04,
  0x9e, 0x06, 0x9d, 0x08, 0x02, 0x48, 0x0c, 0x1f, 0x20, 0x48, 0x0e, 00, 0xd3, 0xd4, 0xde, 0xdd,
  0x10, 00, 00, 00, 0xd4, 0x04, 00, 00, 0x0c, 0x52, 00, 00, 0x14, 00, 00, 00,
  00, 00, 00, 00, 0x10, 00, 00, 00, 0xe8, 0x04, 00, 00, 0x0c, 0x52, 00, 00,
  0x10, 00, 00, 00, 00, 00, 00, 00, 0x10, 00, 00, 00, 0xfc, 0x04, 00, 00,
  0x08, 0x52, 00, 00, 0x44, 00, 00, 00, 00, 00, 00, 00, 0x10, 00, 00, 00,
  0x10, 0x05, 00, 00, 0x38, 0x52, 00, 00, 0x10, 00, 00, 00, 00, 00, 00, 00,
  0x10, 00, 00, 00, 0x24, 0x05, 00, 00, 0x34, 0x52, 00, 00, 0x8c, 00, 00, 00,
  00, 00, 00, 00, 0x10, 00, 00, 00, 0x38, 0x05, 00, 00, 0xe8, 0x23, 00, 00,
  0x34, 00, 00, 00, 00, 00, 00, 00, 0x10, 00, 00, 00, 0x4c, 0x05, 00, 00,
  0x98, 0x52, 00, 00, 0x20, 0x01, 00, 00, 00, 00, 00, 00, 0x10, 00, 00, 00,
  0x60, 0x05, 00, 00, 0xa4, 0x53, 00, 00, 0xac, 00, 00, 00, 00, 00, 00, 00,
  0x10, 00, 00, 00, 0x74, 0x05, 00, 00, 0x3c, 0x54, 00, 00, 0xa8, 00, 00, 00,
  00, 00, 00, 00, 0x10, 00, 00, 00, 0x88, 0x05, 00, 00, 0xd0, 0x54, 00, 00,
  0xa4, 00, 00, 00, 00, 00, 00, 00, 0x10, 00, 00, 00, 0x9c, 0x05, 00, 00,
  0x60, 0x55, 00, 00, 0xac, 00, 00, 00, 00, 00, 00, 00, 0x10, 00, 00, 00,
  0xb0, 0x05, 00, 00, 0xf8, 0x55, 00, 00, 0x94, 00, 00, 00, 00, 00, 00, 00,
  0x10, 00, 00, 00, 0xc4, 0x05, 00, 00, 0x78, 0x56, 00, 00, 0x34, 00, 00, 00,
  00, 00, 00, 00, 0x30, 00, 00, 00, 0xd8, 0x05, 00, 00, 0x98, 0x56, 00, 00,
  0x98, 00, 00, 00, 00, 0x44, 0x2d, 0x44, 0x0e, 0x70, 0x44, 0x9e, 0x04, 0x0a, 0x5c, 0x0e,
  00, 0x44, 0x2d, 0xde, 0x44, 0x0b, 0x0a, 0x02, 0x44, 0x0e, 00, 0x44, 0x2d, 0xde, 0x44, 0x0b,
  0x54, 0x0e, 00, 0x44, 0x2d, 0xde, 00, 00, 0x10, 00, 00, 00, 0x0c, 0x06, 00, 00,
  0xfc, 0x56, 00, 00, 0x9c, 0x05, 00, 00, 00, 00, 00, 00, 0x24, 00, 00, 00,
  0x20, 0x06, 00, 00, 0x84, 0x5c, 00, 00, 0x8c, 00, 00, 00, 00, 0x58, 0x2d, 0x44,
  0x0e, 0x70, 0x44, 0x93, 0x02, 0x9e, 0x04, 0x02, 0x64, 0x0e, 00, 0x44, 0x2d, 0xd3, 0xde, 00,
  00, 00, 00, 00, 0x10, 00, 00, 00, 0x48, 0x06, 00, 00, 0xf4, 0x5c, 00, 00,
  0x30, 00, 00, 00, 00, 00, 00, 00, 00, 00, 00, 00, 00, 00, 00, 00,
  0x5f, 0x24, 0x03, 0xd5, 0x1f, 0x20, 0x03, 0xd5, 0x40, 0xec, 0x04, 0x10, 0x49, 0x17, 00, 0x14,
  0x5f, 0x24, 0x03, 0xd5, 0xc0, 0x03, 0x5f, 0xd6, 0x5f, 0x24, 0x03, 0xd5, 0xfd, 0xff, 0xff, 0x17,
  0x5f, 0x24, 0x03, 0xd5, 0x60, 00, 00, 0xb4, 0xf0, 0x03, 00, 0xaa, 00, 0x02, 0x1f, 0xd6,
  0xc0, 0x03, 0x5f, 0xd6, 0x5f, 0x24, 0x03, 0xd5, 0xe1, 0x03, 00, 0xaa, 0x1f, 0x20, 0x03, 0xd5,
  00, 0xff, 0xff, 0x10, 0x1f, 0x20, 0x03, 0xd5, 0x42, 0xea, 0x04, 0x10, 0x3d, 0x17, 00, 0x14,
  0x5f, 0x24, 0x03, 0xd5, 0x1f, 0x20, 0x03, 0xd5, 0xc3, 0xe9, 0x04, 0x10, 0x3d, 0x17, 00, 0x14,
  0xfd, 0x7b, 0xbd, 0xa9, 0xf5, 0x0b, 00, 0xf9, 0xf4, 0x4f, 0x02, 0xa9, 0xfd, 0x03, 00, 0x91,
  0x68, 00, 00, 0xd0, 0x49, 0x76, 0x97, 0xd2, 0x1f, 0x20, 0x03, 0xd5, 0xaa, 0x29, 0x07, 0x10,
  0x08, 0xd5, 0x43, 0xf9, 0xc9, 0x4f, 0xaa, 0xf2, 0x29, 0x0d, 0xd6, 0xf2, 0xf3, 0x03, 00, 0xaa,
  0xe8, 0x03, 0x08, 0xcb, 0x49, 0x5f, 0xe1, 0xf2, 0xe0, 0x03, 0x1f, 0xaa, 0x08, 0x01, 0x09, 0xca,
  0xe2, 00, 0x80, 0x52, 0x43, 0x04, 0x80, 0x52, 0x08, 0x05, 00, 0x91, 0x04, 00, 0x80, 0x12,
  0xe5, 0x03, 0x1f, 0xaa, 0x08, 0x01, 0x09, 0xca, 0x49, 0x2d, 0x40, 0xa9, 0x4a, 0x85, 0x8d, 0xd2,
  0x68, 0x01, 0x08, 0x8b, 0x0a, 0x1a, 0xbc, 0xf2, 0x6b, 0x77, 0x97, 0xd2, 0x08, 0x91, 0x40, 0xf8,
  0x6a, 0x6a, 0xdd, 0xf2, 0xcb, 0x4f, 0xaa, 0xf2, 0x6a, 0x6d, 0xed, 0xf2, 0x2b, 0x0d, 0xd6, 0xf2,
  0xf4, 0x03, 0x01, 0xaa, 0xe8, 0x03, 0x08, 0xcb, 0x4b, 0x5f, 0xe1, 0xf2, 0x08, 0x01, 0x0a, 0xca,
  0x29, 0x69, 0x6b, 0xf8, 0x08, 0x05, 00, 0x91, 0x08, 0x01, 0x0a, 0xca, 0x28, 0x01, 0x08, 0x8b,
  0x08, 0x05, 00, 0x91, 00, 0x01, 0x3f, 0xd6, 0x1f, 0x04, 00, 0xb1, 0x40, 0x03, 00, 0x54,
  0x69, 0x76, 0x97, 0xd2, 0x68, 00, 00, 0xd0, 0xf5, 0x03, 00, 0xaa, 0xc9, 0x4f, 0xaa, 0xf2,
  0x08, 0xc9, 0x43, 0xf9, 0x20, 0xa8, 0x89, 0x52, 0x29, 0x0d, 0xd6, 0xf2, 0xc0, 0x6a, 0xaa, 0x72,
  0xe1, 0x03, 0x1f, 0x2a, 0x49, 0x5f, 0xe1, 0xf2, 0xe2, 0x03, 0x15, 0xaa, 0xe3, 0x03, 0x14, 0xaa,
  0x08, 0x69, 0x69, 0xf8, 0x69, 0x85, 0x8d, 0xd2, 0xe4, 0x03, 0x13, 0xaa, 0x09, 0x1a, 0xbc, 0xf2,
  0x69, 0x6a, 0xdd, 0xf2, 0x69, 0x6d, 0xed, 0xf2, 0x08, 0x01, 0x09, 0x8b, 00, 0x01, 0x3f, 0xd6,
  0xe0, 0x03, 0x15, 0xaa, 0xf4, 0x4f, 0x42, 0xa9, 0xf5, 0x0b, 0x40, 0xf9, 0xfd, 0x7b, 0xc3, 0xa8,
  0xc0, 0x03, 0x5f, 0xd6, 0xf5, 0x03, 0x1f, 0xaa, 0xe0, 0x03, 0x15, 0xaa, 0xf4, 0x4f, 0x42, 0xa9,
  0xf5, 0x0b, 0x40, 0xf9, 0xfd, 0x7b, 0xc3, 0xa8, 0xc0, 0x03, 0x5f, 0xd6, 0x42, 0x05, 00, 0xb4,
  0x48, 0x3d, 0x9d, 0xd2, 0x29, 0x70, 00, 0x91, 0x6a, 00, 00, 0xd0, 0x08, 0x53, 0xbb, 0xf2,
  0x6b, 00, 00, 0xd0, 0xec, 0x03, 0x02, 0xaa, 0xa8, 0x44, 0xda, 0xf2, 0x48, 0xb9, 0xe3, 0xf2,
  0x04, 00, 00, 0x14, 0x8c, 0x05, 00, 0xf1, 0x29, 0x01, 0x03, 0x8b, 0xc0, 0x03, 00, 0x54,
  0x2d, 0xc1, 0x5e, 0xb8, 0xbf, 0x11, 00, 0x71, 0x61, 0xff, 0xff, 0x54, 0x6d, 0xe5, 0x43, 0xf9,
  0x4e, 0xdd, 0x43, 0xf9, 0xed, 0x03, 0x0d, 0xcb, 0xad, 0x01, 0x08, 0xca, 0xad, 0x05, 00, 0x91,
  0xad, 0x01, 0x08, 0xca, 0xcd, 0x01, 0x0d, 0x8b, 0xad, 0x11, 0x40, 0xf8, 0xae, 0x01, 0x40, 0x39,
  0xdf, 0x05, 00, 0x71, 0x01, 0xfe, 0xff, 0x54, 0xa0, 0x09, 0x40, 0xbd, 00, 0x40, 0x21, 0x1e,
  0x20, 0xc1, 0x1f, 0xbc, 0x6d, 0xe5, 0x43, 0xf9, 0x4e, 0xdd, 0x43, 0xf9, 0xed, 0x03, 0x0d, 0xcb,
  0xad, 0x01, 0x08, 0xca, 0xad, 0x05, 00, 0x91, 0xad, 0x01, 0x08, 0xca, 0xcd, 0x01, 0x0d, 0x8b,
  0xad, 0x11, 0x40, 0xf8, 0xa0, 0x05, 0x40, 0xbd, 00, 0x40, 0x21, 0x1e, 0x20, 0x01, 00, 0xbd,
  0xe1, 0xff, 0xff, 0x17, 0x69, 0x3d, 0x9d, 0xd2, 0x68, 00, 00, 0xd0, 0x09, 0x53, 0xbb, 0xf2,
  0x08, 0xd9, 0x43, 0xf9, 0xa9, 0x44, 0xda, 0xf2, 0x49, 0xb9, 0xe3, 0xf2, 0x04, 0x69, 0x69, 0xf8,
  0x80, 00, 0x1f, 0xd6, 0x68, 00, 00, 0xd0, 0x49, 0x05, 0x9a, 0xd2, 0x6a, 00, 00, 0xd0,
  0x08, 0x01, 0x44, 0xf9, 0x49, 0xee, 0xae, 0xf2, 0x4a, 0xf1, 0x43, 0xf9, 0x89, 0xd0, 0xd2, 0xf2,
  0x1f, 0x20, 0x03, 0xd5, 0xc1, 0xf8, 0xff, 0x10, 0xe8, 0x07, 0x08, 0xcb, 0x69, 0xff, 0xfd, 0xf2,
  0x1f, 0x20, 0x03, 0xd5, 0x22, 0xdd, 0x07, 0x10, 0x08, 0x01, 0x09, 0xca, 0xa9, 0x02, 0x8d, 0xd2,
  0x29, 0x77, 0xa7, 0xf2, 0x08, 0x09, 00, 0x91, 0x49, 0x68, 0xd9, 0xf2, 0xa9, 0xff, 0xee, 0xf2,
  0x08, 0x01, 0x09, 0xca, 0xe9, 0x4e, 0x82, 0xd2, 0x48, 0x01, 0x08, 0x8b, 0x89, 0x95, 0xaa, 0xf2,
  0x08, 0x11, 0x40, 0xf8, 0xe9, 0xf8, 0xdf, 0xf2, 0xc9, 0x33, 0xf5, 0xf2, 0x03, 0x01, 0x09, 0x8b,
  0x60, 00, 0x1f, 0xd6, 0xff, 0x83, 0x02, 0xd1, 0xe9, 0x23, 0x03, 0x6d, 0xfd, 0x7b, 0x04, 0xa9,
  0xfc, 0x6f, 0x05, 0xa9, 0xfa, 0x67, 0x06, 0xa9, 0xf8, 0x5f, 0x07, 0xa9, 0xf6, 0x57, 0x08, 0xa9,
  0xf4, 0x4f, 0x09, 0xa9, 0xfd, 0x03, 0x01, 0x91, 0x75, 00, 00, 0xd0, 0xb5, 0x42, 0x25, 0x91,
  0x3c, 0xb4, 0x92, 0xd2, 0xa8, 0x2e, 0x40, 0xf9, 0x1c, 0xf4, 0xa6, 0xf2, 0xa9, 0x4e, 0x40, 0xf9,
  0xbc, 0x75, 0xd4, 0xf2, 0xab, 0x01, 0x80, 0x52, 0xac, 0x01, 0x80, 0xd2, 0x3c, 0x62, 0xec, 0xf2,
  0xe8, 0x03, 0x08, 0xcb, 0xac, 0x83, 0x1e, 0xf8, 0x08, 0x01, 0x1c, 0xca, 0xe9, 0x03, 0x09, 0xcb,
  0xad, 0x02, 0x80, 0x52, 0x08, 0x31, 0x0b, 0x9b, 0xaa, 0x2e, 0x47, 0xa9, 0x0c, 0x42, 0x8b, 0xd2,
  0x29, 0x01, 0x1c, 0xca, 0xb8, 0x02, 0x80, 0xd2, 0x2c, 0x41, 0xaf, 0xf2, 0x29, 0x61, 0x0d, 0x9b,
  0x76, 00, 00, 0xd0, 0xd6, 0x82, 0x20, 0x91, 0xea, 0x13, 0x0a, 0xcb, 0x6c, 0x5a, 0xc7, 0xf2,
  0x4c, 0x23, 0xe6, 0xf2, 0xcd, 0x3a, 0x47, 0xa9, 0x4a, 0x01, 0x0c, 0xca, 0xcf, 0x4e, 0x40, 0xf9,
  0xcc, 0x2e, 0x40, 0xf9, 0x4a, 0x41, 00, 0x91, 0x7b, 0xa1, 0x81, 0xd2, 0x08, 0x01, 0x1c, 0xca,
  0x4a, 0x01, 0x1c, 0xca, 0x29, 0x01, 0x1c, 0xca, 0x1b, 0xf0, 0xb0, 0xf2, 0xaa, 0x01, 0x0a, 0x8b,
  0xad, 0x0e, 0x40, 0xf9, 0xe9, 0x01, 0x09, 0x8b, 0x88, 0x01, 0x08, 0x8b, 0x4a, 0x11, 0x40, 0xb8,
  0x29, 0x91, 0x42, 0xf8, 0xec, 0x03, 0x0d, 0xcb, 0x7b, 0xf5, 0xca, 0xf2, 0x08, 0x11, 0x40, 0xb8,
  0x8c, 0x01, 0x1c, 0xca, 0x9b, 0x0e, 0xf9, 0xf2, 0xea, 0x03, 0x0a, 0x4b, 0x8d, 0x14, 0x88, 0x52,
  0x8c, 0x09, 0x0c, 0x8b, 0xe9, 0x03, 0x09, 0xcb, 0x0a, 0x01, 0x0a, 0x4a, 0x8d, 0xf9, 0xbb, 0x72,
  0x29, 0x01, 0x1b, 0xca, 0xeb, 0x03, 0x0b, 0xcb, 0x4a, 0x7d, 0x0d, 0x1b, 0xcd, 0x0e, 0x40, 0xf9,
  0x8c, 0x15, 00, 0x91, 0x29, 0x09, 0x09, 0x8b, 0x6b, 0x01, 0x1c, 0xca, 0x8c, 0x01, 0x1c, 0xca,
  0x6b, 0x11, 0x0b, 0x8b, 0x73, 0x70, 0x8c, 0xd2, 0xac, 0x01, 0x0c, 0x8b, 0x29, 0x15, 00, 0x91,
  0x5a, 0x01, 0x08, 0x4a, 0x8c, 0x91, 0x42, 0xf8, 0x28, 0x01, 0x1b, 0xca, 0x69, 0x45, 00, 0x91,
  0xd7, 0x42, 0x83, 0xd2, 0x29, 0x01, 0x1c, 0xca, 0x33, 0xa2, 0xbb, 0xf2, 0x17, 0xe0, 0xa1, 0xf2,
  0x88, 0x01, 0x08, 0x8b, 0xc9, 0x01, 0x09, 0x8b, 0x1f, 0x20, 0x03, 0xd5, 0xb9, 0xd0, 0x07, 0x10,
  0xb3, 0x80, 0xc6, 0xf2, 0xf7, 0xea, 0xd5, 0xf2, 0x08, 0x05, 00, 0x91, 0x21, 0x45, 00, 0x91,
  0xe0, 0x03, 0x19, 0xaa, 0xb4, 0x02, 0x80, 0x52, 0x73, 0x77, 0xfb, 0xf2, 0x17, 0x1d, 0xf2, 0xf2,
  00, 0x01, 0x3f, 0xd6, 0xa8, 0x4e, 0x40, 0xf9, 0xc9, 0x4e, 0x40, 0xf9, 0xcb, 00, 0x80, 0x52,
  0xaa, 0x0e, 0x40, 0xf9, 0xcc, 00, 0x80, 0xd2, 0xe8, 0x03, 0x08, 0xcb, 0xec, 0x07, 00, 0xf9,
  0x08, 0x01, 0x1c, 0xca, 0x08, 0x61, 0x14, 0x9b, 0x1f, 0x20, 0x03, 0xd5, 0x94, 0xce, 0x07, 0x10,
  0xe0, 0x03, 0x14, 0xaa, 0x08, 0x01, 0x1c, 0xca, 0x28, 0x01, 0x08, 0x8b, 0xe9, 0x03, 0x0a, 0xcb,
  0xaa, 0x3e, 0x40, 0xf9, 0x08, 0x11, 0x43, 0xf8, 0x29, 0x01, 0x1c, 0xca, 0x29, 0x09, 0x09, 0x8b,
  0xea, 0x03, 0x0a, 0xcb, 0xe8, 0x03, 0x08, 0xcb, 0x4a, 0x01, 0x1c, 0xca, 0x08, 0x01, 0x1b, 0xca,
  0x29, 0x15, 00, 0x91, 0x4a, 0x11, 0x0a, 0x8b, 0x08, 0x31, 0x0b, 0x9b, 0xcb, 0x0e, 0x40, 0xf9,
  0x29, 0x01, 0x1c, 0xca, 0x4a, 0x45, 00, 0x91, 0x69, 0x01, 0x09, 0x8b, 0xcb, 0x3e, 0x40, 0xf9,
  0x29, 0x11, 0x43, 0xf8, 0x08, 0x01, 0x1b, 0xca, 0x28, 0x01, 0x08, 0x8b, 0x49, 0x01, 0x1c, 0xca,
  0x69, 0x01, 0x09, 0x8b, 0x08, 0x05, 00, 0x91, 0x21, 0x05, 0x01, 0x91, 00, 0x01, 0x3f, 0xd6,
  0xa8, 0x4e, 0x40, 0xf9, 0xa9, 0x02, 0x80, 0x52, 0xca, 0x4e, 0x40, 0xf9, 0xe1, 0x03, 0x19, 0xaa,
  0xe2, 0x03, 0x14, 0xaa, 0xe8, 0x03, 0x08, 0xcb, 0x08, 0x01, 0x1c, 0xca, 0x08, 0x61, 0x09, 0x9b,
  0xa9, 0x0e, 0x40, 0xf9, 0xe9, 0x03, 0x09, 0xcb, 0x29, 0x01, 0x1c, 0xca, 0x29, 0x09, 0x09, 0x8b,
  0x08, 0x01, 0x1c, 0xca, 0x48, 0x01, 0x08, 0x8b, 0xca, 0x0e, 0x40, 0xf9, 0x29, 0x15, 00, 0x91,
  0x08, 0x11, 0x41, 0xf8, 0x29, 0x01, 0x1c, 0xca, 0x49, 0x01, 0x09, 0x8b, 0xe8, 0x07, 0x08, 0xcb,
  0x29, 0x11, 0x41, 0xf8, 0x08, 0x01, 0x17, 0xca, 0x08, 0x09, 00, 0x91, 0x08, 0x01, 0x1b, 0xca,
  0x28, 0x01, 0x08, 0x8b, 0x89, 0xeb, 0x97, 0x52, 0x69, 0x06, 0xa4, 0x72, 0x08, 0x05, 00, 0x91,
  0x40, 0x03, 0x09, 0x0b, 00, 0x01, 0x3f, 0xd6, 0xa9, 0x2a, 0x41, 0xa9, 0x8c, 0xd0, 0x8a, 0xd2,
  0xa8, 0x4e, 0x40, 0xf9, 0x4c, 0xd0, 0xbb, 0xf2, 0xab, 0x02, 0x40, 0xf9, 0x8c, 0xd6, 0xd1, 0xf2,
  0xcd, 0x3a, 0x41, 0xa9, 0xe9, 0x0b, 0x09, 0xcb, 0xe8, 0x03, 0x08, 0xcb, 0xcc, 0x88, 0xf1, 0xf2,
  0x08, 0x01, 0x1c, 0xca, 0xeb, 0x07, 0x0b, 0xcb, 0xcf, 0x4e, 0x40, 0xf9, 0x29, 0x01, 0x0c, 0xca,
  0xac, 0x02, 0x80, 0x52, 0xea, 0x03, 0x0a, 0xcb, 0x08, 0x61, 0x0c, 0x9b, 0x4c, 0x68, 0x85, 0xd2,
  0x29, 0x11, 00, 0x91, 0x2c, 0xe8, 0xad, 0xf2, 0x29, 0x01, 0x1c, 0xca, 0x4a, 0x01, 0x1c, 0xca,
  0x4c, 0xeb, 0xc8, 0xf2, 0xa9, 0x01, 0x09, 0x8b, 0x4a, 0x09, 0x0a, 0x8b, 0x6c, 0xc4, 0xf8, 0xf2,
  0x29, 0x11, 0x40, 0xb8, 0x4d, 0xcc, 0x90, 0x52, 0x6b, 0x01, 0x0c, 0xca, 0xcc, 0x02, 0x40, 0xf9,
  0x8d, 0x89, 0xb7, 0x72, 0x6b, 0x09, 00, 0x91, 0x08, 0x01, 0x1c, 0xca, 0x4a, 0x15, 00, 0x91,
  0x6b, 0x01, 0x1c, 0xca, 0xe8, 0x01, 0x08, 0x8b, 0x4a, 0x01, 0x1c, 0xca, 0x8b, 0x01, 0x0b, 0x8b,
  0x08, 0x91, 0x41, 0xf8, 0xac, 0x3e, 0x40, 0xf9, 0x6b, 0x11, 0x40, 0xb8, 0xca, 0x01, 0x0a, 0x8b,
  0x1f, 0x20, 0x03, 0xd5, 0x54, 0xc2, 0x07, 0x10, 0xe8, 0x03, 0x08, 0xcb, 0xec, 0x03, 0x0c, 0xcb,
  0xeb, 0x03, 0x0b, 0x4b, 0x08, 0x01, 0x1b, 0xca, 0x8c, 0x01, 0x1c, 0xca, 0x2b, 0x01, 0x0b, 0x4a,
  0x08, 0x05, 0x08, 0x8b, 0x8c, 0x11, 0x0c, 0x8b, 0x6b, 0x7d, 0x0d, 0x1b, 0x4a, 0x91, 0x41, 0xf8,
  0xcd, 0x3e, 0x40, 0xf9, 0x08, 0x0d, 00, 0x91, 0x8c, 0x45, 00, 0x91, 0xda, 0x33, 0x8f, 0x52,
  0x08, 0x01, 0x1b, 0xca, 0xe0, 0x03, 0x14, 0xaa, 0x7a, 0x76, 0xa8, 0x72, 0x77, 0x01, 0x09, 0x4a,
  0x89, 0x01, 0x1c, 0xca, 0x48, 0x01, 0x08, 0x8b, 0xa9, 0x01, 0x09, 0x8b, 0x08, 0x05, 00, 0x91,
  0x21, 0xe9, 0x01, 0x91, 00, 0x01, 0x3f, 0xd6, 0xa8, 0x0e, 0x40, 0xf9, 0xc9, 0x0e, 0x40, 0xf9,
  0xe1, 0x02, 0x1a, 0x0b, 0x5a, 0xa3, 0x8a, 0xd2, 0xe0, 0x03, 0x14, 0xaa, 0xe8, 0x03, 0x08, 0xcb,
  0xda, 0x2d, 0xb6, 0xf2, 0x08, 0x01, 0x1c, 0xca, 0xba, 0x9b, 0xcb, 0xf2, 0x08, 0x09, 0x08, 0x8b,
  0x7a, 0x77, 0xfc, 0xf2, 0x08, 0x15, 00, 0x91, 0x08, 0x01, 0x1c, 0xca, 0x28, 0x01, 0x08, 0x8b,
  0x89, 0xa1, 0x81, 0xd2, 0x09, 0xf0, 0xb0, 0xf2, 0x08, 0x11, 0x40, 0xf8, 0x69, 0xf5, 0xca, 0xf2,
  0x89, 0x0e, 0xf9, 0xf2, 0x08, 0x01, 0x09, 0x8b, 00, 0x01, 0x3f, 0xd6, 0xa8, 0x4e, 0x40, 0xf9,
  0xb7, 0x02, 0x80, 0x52, 0xc9, 0x4e, 0x40, 0xf9, 0xaa, 0x0e, 0x40, 0xf9, 0xac, 0x01, 0x80, 0x52,
  0xab, 0x83, 0x5e, 0xf8, 0xe8, 0x03, 0x08, 0xcb, 0x1f, 0x20, 0x03, 0xd5, 0x99, 0xbc, 0x07, 0x10,
  0x08, 0x01, 0x1c, 0xca, 0xf4, 0x03, 00, 0xaa, 0xe0, 0x03, 0x19, 0xaa, 0x08, 0x61, 0x17, 0x9b,
  0x08, 0x01, 0x1c, 0xca, 0x28, 0x01, 0x08, 0x8b, 0xe9, 0x03, 0x0a, 0xcb, 0xaa, 0x3e, 0x40, 0xf9,
  0x08, 0x91, 0x46, 0xf8, 0x29, 0x01, 0x1c, 0xca, 0x29, 0x09, 0x09, 0x8b, 0xea, 0x03, 0x0a, 0xcb,
  0xe8, 0x03, 0x08, 0xcb, 0x4a, 0x01, 0x1c, 0xca, 0x08, 0x01, 0x1b, 0xca, 0x29, 0x15, 00, 0x91,
  0x4a, 0x11, 0x0a, 0x8b, 0x08, 0x2d, 0x0c, 0x9b, 0xcb, 0x0e, 0x40, 0xf9, 0x29, 0x01, 0x1c, 0xca,
  0x4a, 0x45, 00, 0x91, 0x69, 0x01, 0x09, 0x8b, 0xcb, 0x3e, 0x40, 0xf9, 0x29, 0x91, 0x46, 0xf8,
  0x08, 0x01, 0x1b, 0xca, 0x28, 0x01, 0x08, 0x8b, 0x49, 0x01, 0x1c, 0xca, 0x69, 0x01, 0x09, 0x8b,
  0x08, 0x05, 00, 0x91, 0x21, 0x0d, 0x03, 0x91, 00, 0x01, 0x3f, 0xd6, 0xa8, 0x4e, 0x40, 0xf9,
  0xa9, 0x0e, 0x40, 0xf9, 0x0b, 0x0b, 0x8d, 0xd2, 0xca, 0x4e, 0x40, 0xf9, 0x0b, 0x80, 0xa7, 0xf2,
  0xe0, 0x03, 0x14, 0xaa, 0xe8, 0x03, 0x08, 0xcb, 0xe9, 0x03, 0x09, 0xcb, 0x8b, 0xab, 0xd7, 0xf2,
  0x08, 0x01, 0x1c, 0xca, 0x29, 0x01, 0x1c, 0xca, 0x4b, 0x74, 0xe8, 0xf2, 0x08, 0x61, 0x17, 0x9b,
  0x29, 0x09, 0x09, 0x8b, 0xe1, 0x03, 0x19, 0xaa, 0xf8, 0x13, 00, 0xf9, 0x29, 0x15, 00, 0x91,
  0x29, 0x01, 0x1c, 0xca, 0x08, 0x01, 0x1c, 0xca, 0x48, 0x01, 0x08, 0x8b, 0xca, 0x0e, 0x40, 0xf9,
  0x08, 0x11, 0x44, 0xf8, 0x49, 0x01, 0x09, 0x8b, 0xe8, 0x0f, 0x08, 0xcb, 0x29, 0x11, 0x44, 0xf8,
  0x08, 0x01, 0x0b, 0xca, 0x08, 0x21, 00, 0x91, 0x08, 0x01, 0x1b, 0xca, 0x28, 0x01, 0x08, 0x8b,
  0x08, 0x05, 00, 0x91, 00, 0x01, 0x3f, 0xd6, 0x68, 0xd7, 0x98, 0xd2, 0x09, 0x88, 0x92, 0xd2,
  0x1f, 00, 00, 0xf1, 0xc8, 0x61, 0xbe, 0xf2, 0x69, 0x12, 0xaa, 0xf2, 0x6e, 0x6d, 0x8d, 0xd2,
  0xa8, 0x9b, 0xcb, 0xf2, 0xa9, 0x9b, 0xcb, 0xf2, 0x2e, 0xb4, 0xb1, 0xf2, 0x68, 0x77, 0xfc, 0xf2,
  0x69, 0x77, 0xfc, 0xf2, 0xae, 0x9b, 0xcb, 0xf2, 0x08, 0x01, 0x89, 0x9a, 0x6e, 0x77, 0xfc, 0xf2,
  0x74, 00, 00, 0xd0, 0x94, 0x82, 0x22, 0x91, 0xe8, 0x03, 00, 0xf9, 0x6f, 00, 00, 0xd0,
  0xef, 0x41, 0x27, 0x91, 0x48, 0x34, 0x90, 0xd2, 0x50, 0x02, 0x80, 0x52, 0x48, 0x14, 0xbe, 0xf2,
  0x71, 0x04, 0x80, 0x52, 0xe0, 0x0b, 00, 0xf9, 0xa8, 0x9b, 0xcb, 0xf2, 0x68, 0x77, 0xfc, 0xf2,
  0x0b, 00, 00, 0x14, 0x6b, 00, 0x80, 0x52, 0x4a, 0x79, 0x6b, 0xf8, 0x29, 0x79, 0x6b, 0xf8,
  0xea, 0x03, 0x0a, 0xcb, 0x4a, 0x01, 0x13, 0xca, 0x6a, 0x2d, 0x0a, 0x9b, 0x4a, 0x01, 0x13, 0xca,
  0x29, 0x01, 0x0a, 0x8b, 0x29, 0x05, 00, 0x91, 0x20, 0x01, 0x1f, 0xd6, 0x1f, 0x01, 0x1a, 0xeb,
  0x62, 00, 00, 0x54, 0xeb, 0x03, 0x1f, 0xaa, 0x02, 00, 00, 0x14, 0xcb, 0x01, 0x80, 0x52,
  0xe9, 0x45, 0x40, 0xf9, 0x6a, 0x04, 0x80, 0xd2, 0x8c, 0x46, 0x40, 0xf9, 0x8d, 0x02, 0x40, 0xf9,
  0xe9, 0x03, 0x09, 0xcb, 0x29, 0x01, 0x1c, 0xca, 0x29, 0x29, 0x11, 0x9b, 0xea, 0x01, 0x40, 0xf9,
  0xea, 0x03, 0x0a, 0xcb, 0x29, 0x01, 0x1c, 0xca, 0x89, 0x01, 0x09, 0x8b, 0x4c, 0x01, 0x1c, 0xca,
  0x2a, 0x05, 00, 0x91, 0x49, 0x02, 0x80, 0xd2, 0x89, 0x25, 0x10, 0x9b, 0x4c, 0x79, 0x6b, 0xf8,
  0xec, 0x03, 0x0c, 0xcb, 0x8c, 0x01, 0x13, 0xca, 0x6c, 0x2d, 0x0c, 0x9b, 0x29, 0x01, 0x1c, 0xca,
  0xa9, 0x01, 0x09, 0x8b, 0x29, 0x05, 00, 0x91, 0x2b, 0x79, 0x6b, 0xf8, 0x8c, 0x01, 0x13, 0xca,
  0x6b, 0x01, 0x0c, 0x8b, 0x6b, 0x05, 00, 0x91, 0x60, 0x01, 0x1f, 0xd6, 0x1f, 0x01, 0x0e, 0xeb,
  0x62, 0x01, 00, 0x54, 0xeb, 00, 0x80, 0x52, 0x0a, 00, 00, 0x14, 0x4b, 0x34, 0x90, 0xd2,
  0x4b, 0x14, 0xbe, 0xf2, 0xab, 0x9b, 0xcb, 0xf2, 0x6b, 0x77, 0xfc, 0xf2, 0x1f, 0x01, 0x0b, 0xeb,
  0xa2, 0x02, 00, 0x54, 0x4b, 0x01, 0x80, 0x52, 0x14, 00, 00, 0x14, 0x8b, 0x01, 0x80, 0x52,
  0x4c, 0x79, 0x6b, 0xf8, 0xec, 0x03, 0x0c, 0xcb, 0x8c, 0x01, 0x13, 0xca, 0x6c, 0x2d, 0x0c, 0x9b,
  0x2b, 0x79, 0x6b, 0xf8, 0x8c, 0x01, 0x13, 0xca, 0x6b, 0x01, 0x0c, 0x8b, 0x6b, 0x05, 00, 0x91,
  0x60, 0x01, 0x1f, 0xd6, 0x0b, 0x88, 0x92, 0xd2, 0x6b, 0x12, 0xaa, 0xf2, 0xab, 0x9b, 0xcb, 0xf2,
  0x6b, 0x77, 0xfc, 0xf2, 0x1f, 0x01, 0x0b, 0xeb, 0xa1, 0x03, 00, 0x54, 0x6b, 0x01, 0x80, 0x52,
  0x1c, 00, 00, 0x14, 0x0b, 0x01, 0x80, 0x52, 0x4c, 0x79, 0x6b, 0xf8, 0xec, 0x03, 0x0c, 0xcb,
  0x8c, 0x01, 0x13, 0xca, 0x6c, 0x2d, 0x0c, 0x9b, 0x2b, 0x79, 0x6b, 0xf8, 0x8c, 0x01, 0x13, 0xca,
  0x6b, 0x01, 0x0c, 0x8b, 0x6b, 0x05, 00, 0x91, 0x60, 0x01, 0x1f, 0xd6, 0x1f, 0x01, 0x1a, 0xeb,
  0xa1, 0xf5, 0xff, 0x54, 0x4b, 00, 0x80, 0x52, 0xac, 0xff, 0xff, 0x17, 0x1f, 0x01, 0x0e, 0xeb,
  0xa1, 0x19, 00, 0x54, 0x8b, 00, 0x80, 0x52, 0xcc, 00, 00, 0x14, 0x6b, 0xd7, 0x98, 0xd2,
  0xcb, 0x61, 0xbe, 0xf2, 0xab, 0x9b, 0xcb, 0xf2, 0x6b, 0x77, 0xfc, 0xf2, 0x1f, 0x01, 0x0b, 0xeb,
  0xa2, 0x55, 00, 0x54, 0x0b, 0x02, 0x80, 0x52, 0xac, 0x02, 00, 0x14, 0xab, 00, 0x80, 0x52,
  0x4a, 0x79, 0x6b, 0xf8, 0x29, 0x79, 0x6b, 0xf8, 0xea, 0x03, 0x0a, 0xcb, 0x4a, 0x01, 0x13, 0xca,
  0x6a, 0x2d, 0x0a, 0x9b, 0x4a, 0x01, 0x13, 0xca, 0x29, 0x01, 0x0a, 0x8b, 0x29, 0x05, 00, 0x91,
  0x20, 0x01, 0x1f, 0xd6, 0x74, 00, 00, 0xd0, 0x94, 0xa2, 0x25, 0x91, 0xa9, 0x02, 0x80, 0x52,
  0x88, 0x42, 0x40, 0xf9, 0xf9, 0x13, 0x40, 0xf9, 0x76, 00, 00, 0xd0, 0xd6, 0xe2, 0x20, 0x91,
  0xe0, 0x0b, 0x40, 0xf9, 0xb5, 0x02, 0x80, 0x52, 0xe8, 0x03, 0x08, 0xcb, 0xca, 0x42, 0x40, 0xf9,
  0x08, 0x01, 0x1c, 0xca, 0x08, 0x65, 0x09, 0x9b, 0x89, 0x02, 0x40, 0xf9, 0xe9, 0x03, 0x09, 0xcb,
  0x29, 0x01, 0x1c, 0xca, 0x29, 0x09, 0x09, 0x8b, 0x08, 0x01, 0x1c, 0xca, 0x48, 0x01, 0x08, 0x8b,
  0xca, 0x02, 0x40, 0xf9, 0x29, 0x15, 00, 0x91, 0x08, 0x91, 0x44, 0xf8, 0x29, 0x01, 0x1c, 0xca,
  0x49, 0x01, 0x09, 0x8b, 0xe8, 0x03, 0x08, 0xcb, 0x29, 0x91, 0x44, 0xf8, 0x08, 0x01, 0x1b, 0xca,
  0x08, 0x0d, 0x08, 0x8b, 0x08, 0x25, 00, 0x91, 0x08, 0x01, 0x1b, 0xca, 0x28, 0x01, 0x08, 0x8b,
  0x08, 0x05, 00, 0x91, 00, 0x01, 0x3f, 0xd6, 0x88, 0x1e, 0x40, 0xf9, 0x89, 0x66, 0x40, 0xf9,
  0x8a, 0x01, 0x80, 0xd2, 0x8b, 0x42, 0x40, 0xf9, 0x8c, 0x01, 0x80, 0x52, 0x8d, 0x02, 0x40, 0xf9,
  0xe8, 0x03, 0x08, 0xcb, 0xe9, 0x03, 0x09, 0xcb, 0xce, 0x42, 0x40, 0xf9, 0x08, 0x01, 0x1c, 0xca,
  0x29, 0x01, 0x1c, 0xca, 0xeb, 0x03, 0x0b, 0xcb, 0x08, 0x29, 0x0c, 0x9b, 0xca, 0x03, 0x80, 0xd2,
  0xcc, 0x03, 0x80, 0x52, 0x1f, 0x20, 0x03, 0xd5, 0xd8, 0x9b, 0x07, 0x10, 0x29, 0x29, 0x0c, 0x9b,
  0x6a, 0x01, 0x1c, 0xca, 0xcb, 0x1e, 0x40, 0xf9, 0xcc, 0x66, 0x40, 0xf9, 0xe0, 0x03, 0x18, 0xaa,
  0x4a, 0x65, 0x15, 0x9b, 0xb5, 0x02, 0x80, 0x52, 0x08, 0x01, 0x1c, 0xca, 0x68, 0x01, 0x08, 0x8b,
  0xeb, 0x03, 0x0d, 0xcb, 0xcd, 0x02, 0x40, 0xf9, 0x6b, 0x01, 0x1c, 0xca, 0x29, 0x01, 0x1c, 0xca,
  0x08, 0x11, 0x40, 0xb8, 0x6b, 0x09, 0x0b, 0x8b, 0x89, 0x01, 0x09, 0x8b, 0x8c, 0x32, 0x40, 0xf9,
  0x4a, 0x01, 0x1c, 0xca, 0x29, 0x11, 0x40, 0xb8, 0xca, 0x01, 0x0a, 0x8b, 0x6b, 0x15, 00, 0x91,
  0xec, 0x03, 0x0c, 0xcb, 0x4a, 0x91, 0x42, 0xf8, 0x6b, 0x01, 0x1c, 0xca, 0xe9, 0x03, 0x09, 0x4b,
  0x8c, 0x01, 0x1c, 0xca, 0xab, 0x01, 0x0b, 0x8b, 0x6d, 0xaf, 0x9c, 0x52, 0xea, 0x03, 0x0a, 0xcb,
  0x09, 0x01, 0x09, 0x4a, 0x8c, 0x11, 0x0c, 0x8b, 0x4a, 0x01, 0x1b, 0xca, 0x0d, 0x48, 0xbb, 0x72,
  0x6b, 0x91, 0x42, 0xf8, 0x4a, 0x09, 0x0a, 0x8b, 0x29, 0x7d, 0x0d, 0x1b, 0xcd, 0x32, 0x40, 0xf9,
  0x8c, 0x45, 00, 0x91, 0x4a, 0x15, 00, 0x91, 0x4a, 0x01, 0x1b, 0xca, 0x37, 0x01, 0x08, 0x4a,
  0x6a, 0x01, 0x0a, 0x8b, 0x8b, 0x01, 0x1c, 0xca, 0xa9, 0x01, 0x0b, 0x8b, 0x48, 0x05, 00, 0x91,
  0x21, 0x45, 00, 0x91, 00, 0x01, 0x3f, 0xd6, 0x88, 0x42, 0x40, 0xf9, 0xc9, 0x42, 0x40, 0xf9,
  0x8a, 0x02, 0x40, 0xf9, 0xcb, 0x02, 0x40, 0xf9, 0xe8, 0x03, 0x08, 0xcb, 0x08, 0x01, 0x1c, 0xca,
  0x08, 0x65, 0x15, 0x9b, 0x1f, 0x20, 0x03, 0xd5, 0x95, 0x98, 0x07, 0x10, 0xe0, 0x03, 0x15, 0xaa,
  0x08, 0x01, 0x1c, 0xca, 0x28, 0x01, 0x08, 0x8b, 0xe9, 0x03, 0x0a, 0xcb, 0x8a, 0x32, 0x40, 0xf9,
  0x08, 0x91, 0x47, 0xf8, 0x29, 0x01, 0x1c, 0xca, 0x29, 0x09, 0x09, 0x8b, 0xea, 0x03, 0x0a, 0xcb,
  0xe8, 0x03, 0x08, 0xcb, 0x4a, 0x01, 0x1c, 0xca, 0x08, 0x01, 0x1b, 0xca, 0x29, 0x15, 00, 0x91,
  0x4a, 0x11, 0x0a, 0x8b, 0x0c, 0xed, 0x7c, 0xd3, 0x29, 0x01, 0x1c, 0xca, 0x69, 0x01, 0x09, 0x8b,
  0xcb, 0x32, 0x40, 0xf9, 0x4a, 0x45, 00, 0x91, 0x88, 0x01, 0x08, 0xcb, 0x29, 0x91, 0x47, 0xf8,
  0x08, 0x3d, 00, 0x91, 0x08, 0x01, 0x1b, 0xca, 0x28, 0x01, 0x08, 0x8b, 0x49, 0x01, 0x1c, 0xca,
  0x69, 0x01, 0x09, 0x8b, 0x08, 0x05, 00, 0x91, 0x21, 0x89, 0x04, 0x91, 00, 0x01, 0x3f, 0xd6,
  0x88, 0x42, 0x40, 0xf9, 0xa9, 0x02, 0x80, 0x52, 0xca, 0x42, 0x40, 0xf9, 0xe1, 0x03, 0x18, 0xaa,
  0xe2, 0x03, 0x15, 0xaa, 0xe8, 0x03, 0x08, 0xcb, 0x08, 0x01, 0x1c, 0xca, 0x08, 0x65, 0x09, 0x9b,
  0x89, 0x02, 0x40, 0xf9, 0x74, 00, 00, 0xd0, 0x94, 0x82, 0x22, 0x91, 0xe9, 0x03, 0x09, 0xcb,
  0x29, 0x01, 0x1c, 0xca, 0x29, 0x09, 0x09, 0x8b, 0x08, 0x01, 0x1c, 0xca, 0x48, 0x01, 0x08, 0x8b,
  0xca, 0x02, 0x40, 0xf9, 0x29, 0x15, 00, 0x91, 0x29, 0x01, 0x1c, 0xca, 0x08, 0x11, 0x41, 0xf8,
  0x49, 0x01, 0x09, 0x8b, 0xca, 0x42, 0x83, 0xd2, 0x0a, 0xe0, 0xa1, 0xf2, 0xe8, 0x07, 0x08, 0xcb,
  0x29, 0x11, 0x41, 0xf8, 0xea, 0xea, 0xd5, 0xf2, 0x0a, 0x1d, 0xf2, 0xf2, 0x08, 0x01, 0x0a, 0xca,
  0x08, 0x09, 00, 0x91, 0x08, 0x01, 0x1b, 0xca, 0x28, 0x01, 0x08, 0x8b, 0xa9, 0x50, 0x83, 0x52,
  0xe9, 0xb7, 0xa4, 0x72, 0x08, 0x05, 00, 0x91, 0xe0, 0x02, 0x09, 0x0b, 00, 0x01, 0x3f, 0xd6,
  0x6e, 0x6d, 0x8d, 0xd2, 0x68, 0xd7, 0x98, 0xd2, 0x71, 0x04, 0x80, 0x52, 0x2e, 0xb4, 0xb1, 0xf2,
  0xc8, 0x61, 0xbe, 0xf2, 0x50, 0x02, 0x80, 0x52, 0xae, 0x9b, 0xcb, 0xf2, 0xa8, 0x9b, 0xcb, 0xf2,
  0x6f, 00, 00, 0xd0, 0xef, 0x41, 0x27, 0x91, 0x6e, 0x77, 0xfc, 0xf2, 0x68, 0x77, 0xfc, 0xf2,
  0xe7, 0xfe, 0xff, 0x17, 0xcb, 00, 0x80, 0x52, 0x4a, 0x79, 0x6b, 0xf8, 0x29, 0x79, 0x6b, 0xf8,
  0xea, 0x03, 0x0a, 0xcb, 0x4a, 0x01, 0x13, 0xca, 0x6a, 0x2d, 0x0a, 0x9b, 0x4a, 0x01, 0x13, 0xca,
  0x29, 0x01, 0x0a, 0x8b, 0x29, 0x05, 00, 0x91, 0x20, 0x01, 0x1f, 0xd6, 0x73, 00, 00, 0xd0,
  0x73, 0x22, 0x25, 0x91, 0x1f, 0x20, 0x03, 0xd5, 0x55, 0xc9, 0x06, 0x10, 0x68, 0x02, 0x40, 0xf9,
  0xb9, 0x83, 0x5e, 0xf8, 0xa9, 0x06, 0x40, 0xf9, 0xec, 0x08, 0x80, 0x12, 0x77, 0x01, 0x80, 0xd2,
  0xe8, 0x03, 0x08, 0xcb, 0xb9, 0x83, 0x1e, 0xf8, 0xb6, 0x02, 0x80, 0x52, 0x08, 0x01, 0x1c, 0xca,
  0xf8, 0x13, 0x40, 0xf9, 0x08, 0x05, 00, 0x91, 0x08, 0x01, 0x1c, 0xca, 0x28, 0x01, 0x08, 0x8b,
  0x19, 0x11, 00, 0xf8, 0x68, 0x3a, 0x40, 0xf9, 0x69, 0x1a, 0x40, 0xf9, 0xe8, 0x03, 0x08, 0xcb,
  0xe9, 0x03, 0x09, 0xcb, 0x08, 0x01, 0x1c, 0xca, 0x29, 0x01, 0x1c, 0xca, 0x0a, 0xed, 0x7c, 0xd3,
  0x2b, 0xf1, 0x7d, 0xd3, 0x48, 0x01, 0x08, 0xcb, 0x69, 0x01, 0x09, 0xcb, 0xaa, 0x3e, 0x40, 0xf9,
  0x08, 0x3d, 00, 0x91, 0xab, 0x1e, 0x40, 0xf9, 0x29, 0x1d, 00, 0x91, 0x08, 0x01, 0x1c, 0xca,
  0x29, 0x01, 0x1c, 0xca, 0x48, 0x01, 0x08, 0x8b, 0x6a, 0x02, 0x40, 0xf9, 0x69, 0x01, 0x09, 0x8b,
  0x08, 0x05, 0x40, 0x39, 0x29, 0x05, 0x40, 0x39, 0xab, 0x06, 0x40, 0xf9, 0xea, 0x03, 0x0a, 0xcb,
  0xe8, 0x03, 0x08, 0x4b, 0x4a, 0x01, 0x1c, 0xca, 0x28, 0x01, 0x08, 0x4a, 0x4a, 0x05, 00, 0x91,
  0x08, 0x7d, 0x0c, 0x1b, 0x4a, 0x01, 0x1c, 0xca, 0x4c, 0xe6, 0x9b, 0x52, 0x6a, 0x01, 0x0a, 0x8b,
  0x4b, 0xb4, 0x92, 0xd2, 0x8c, 0xbd, 0xbf, 0x72, 0x4a, 0x11, 0x40, 0xf8, 0x0b, 0xf4, 0xa6, 0xf2,
  0x08, 0x01, 0x09, 0x4a, 0x69, 0x01, 0x80, 0x52, 0xab, 0x75, 0xd4, 0xf2, 0x08, 0x21, 0x01, 0x11,
  0x2b, 0x62, 0xec, 0xf2, 0x48, 0x01, 00, 0x39, 0x68, 0x2a, 0x40, 0xf9, 0xaa, 0x02, 0x40, 0xf9,
  0xe8, 0x03, 0x08, 0xcb, 0x4a, 0x69, 0x6b, 0xb8, 0xab, 0x06, 0x40, 0xf9, 0x08, 0x01, 0x1c, 0xca,
  0x08, 0x5d, 0x09, 0x9b, 0xa9, 0x2e, 0x40, 0xf9, 0x08, 0x01, 0x1c, 0xca, 0x28, 0x01, 0x08, 0x8b,
  0x69, 0x02, 0x40, 0xf9, 0x08, 0x11, 0x40, 0xb8, 0xe9, 0x03, 0x09, 0xcb, 0xe8, 0x03, 0x08, 0x4b,
  0x29, 0x01, 0x1c, 0xca, 0x48, 0x01, 0x08, 0x4a, 0x29, 0x05, 00, 0x91, 0x08, 0x7d, 0x0c, 0x1b,
  0x29, 0x01, 0x1c, 0xca, 0x0c, 0x06, 0x94, 0x52, 0x69, 0x01, 0x09, 0x8b, 0x4b, 0x03, 0x80, 0x52,
  0x6c, 0x87, 0xa7, 0x72, 0x29, 0x11, 0x40, 0xf8, 0x08, 0x01, 0x0a, 0x4a, 0xca, 0x19, 0x84, 0x52,
  0x6a, 0x42, 0xa0, 0x72, 0x08, 0x01, 0x0a, 0x0b, 0x4a, 0x03, 0x80, 0xd2, 0x28, 0x05, 00, 0xb9,
  0x68, 0x66, 0x40, 0xf9, 0x69, 0x82, 0x40, 0xf9, 0xe8, 0x03, 0x08, 0xcb, 0xe9, 0x03, 0x09, 0xcb,
  0x08, 0x01, 0x1c, 0xca, 0x29, 0x01, 0x1c, 0xca, 0x08, 0x29, 0x0b, 0x9b, 0x29, 0x15, 0x09, 0x8b,
  0xaa, 0x6a, 0x40, 0xf9, 0xab, 0x86, 0x40, 0xf9, 0x29, 0x85, 00, 0x91, 0x29, 0x01, 0x1c, 0xca,
  0x69, 0x01, 0x09, 0x8b, 0xab, 0x06, 0x40, 0xf9, 0x08, 0x01, 0x1c, 0xca, 0x29, 0x11, 0x40, 0xb8,
  0x48, 0x01, 0x08, 0x8b, 0x6a, 0x02, 0x40, 0xf9, 0x08, 0x11, 0x40, 0xb8, 0xea, 0x03, 0x0a, 0xcb,
  0xe8, 0x03, 0x08, 0x4b, 0x4a, 0x01, 0x1c, 0xca, 0x28, 0x01, 0x08, 0x4a, 0x4a, 0x05, 00, 0x91,
  0x08, 0x7d, 0x0c, 0x1b, 0x4a, 0x01, 0x1c, 0xca, 0x6a, 0x01, 0x0a, 0x8b, 0x4a, 0x11, 0x40, 0xf8,
  0x08, 0x01, 0x09, 0x4a, 0x09, 0xfa, 0x8b, 0x52, 0x89, 0x78, 0xb8, 0x72, 0x08, 0x01, 0x09, 0x0b,
  0xa9, 0x02, 0x80, 0x52, 0x48, 0x09, 00, 0xb9, 0x68, 0x52, 0x40, 0xf9, 0xaa, 0x56, 0x40, 0xf9,
  0xe8, 0x03, 0x08, 0xcb, 0x08, 0x01, 0x1c, 0xca, 0x08, 0x61, 0x09, 0x9b, 0x69, 0x12, 0x40, 0xf9,
  0xe9, 0x03, 0x09, 0xcb, 0x29, 0x01, 0x1c, 0xca, 0x29, 0x09, 0x09, 0x8b, 0x08, 0x01, 0x1c, 0xca,
  0x48, 0x01, 0x08, 0x8b, 0xaa, 0x16, 0x40, 0xf9, 0x29, 0x15, 00, 0x91, 0x08, 0x91, 0x40, 0xf8,
  0x29, 0x01, 0x1c, 0xca, 0x49, 0x01, 0x09, 0x8b, 0xe8, 0x03, 0x08, 0xcb, 0x29, 0x91, 0x40, 0xf8,
  0x08, 0x01, 0x1b, 0xca, 0x08, 0x05, 00, 0x91, 0x08, 0x01, 0x1b, 0xca, 0x28, 0x01, 0x08, 0x8b,
  0x08, 0x05, 00, 0x91, 00, 0x01, 0x3f, 0xd6, 0x68, 0x52, 0x40, 0xf9, 0xa9, 0x56, 0x40, 0xf9,
  0x6b, 0x01, 0x80, 0x52, 0x6a, 0x12, 0x40, 0xf9, 0xfa, 0x03, 00, 0x2a, 0xe8, 0x03, 0x08, 0xcb,
  0x08, 0x01, 0x1c, 0xca, 0x08, 0x61, 0x16, 0x9b, 0xb6, 0x02, 0x80, 0x52, 0x08, 0x01, 0x1c, 0xca,
  0x28, 0x01, 0x08, 0x8b, 0xe9, 0x03, 0x0a, 0xcb, 0x6a, 0x42, 0x40, 0xf9, 0x08, 0x91, 0x45, 0xf8,
  0x29, 0x01, 0x1c, 0xca, 0x29, 0x09, 0x09, 0x8b, 0xea, 0x03, 0x0a, 0xcb, 0xe8, 0x03, 0x08, 0xcb,
  0x4a, 0x01, 0x1c, 0xca, 0x08, 0x01, 0x1b, 0xca, 0x29, 0x15, 00, 0x91, 0x4a, 0x11, 0x0a, 0x8b,
  0x08, 0x5d, 0x0b, 0x9b, 0xab, 0x16, 0x40, 0xf9, 0x29, 0x01, 0x1c, 0xca, 0x4a, 0x45, 00, 0x91,
  0x1f, 0x20, 0x03, 0xd5, 0x97, 0x78, 0x07, 0x10, 0x69, 0x01, 0x09, 0x8b, 0xab, 0x46, 0x40, 0xf9,
  0xe0, 0x03, 0x17, 0xaa, 0x29, 0x91, 0x45, 0xf8, 0x08, 0x01, 0x1b, 0xca, 0x28, 0x01, 0x08, 0x8b,
  0x49, 0x01, 0x1c, 0xca, 0x69, 0x01, 0x09, 0x8b, 0x08, 0x05, 00, 0x91, 0x21, 0x65, 0x06, 0x91,
  00, 0x01, 0x3f, 0xd6, 0x68, 0x52, 0x40, 0xf9, 0x69, 0x12, 0x40, 0xf9, 0xe0, 0x03, 0x17, 0xaa,
  0xaa, 0x56, 0x40, 0xf9, 0xe1, 0x03, 0x19, 0xaa, 0xe2, 0x03, 0x1a, 0x2a, 0xe8, 0x03, 0x08, 0xcb,
  0xe9, 0x03, 0x09, 0xcb, 0x08, 0x01, 0x1c, 0xca, 0x29, 0x01, 0x1c, 0xca, 0x08, 0x61, 0x16, 0x9b,
  0x29, 0x09, 0x09, 0x8b, 0xb6, 0x02, 0x80, 0x52, 0x29, 0x15, 00, 0x91, 0x29, 0x01, 0x1c, 0xca,
  0x08, 0x01, 0x1c, 0xca, 0x48, 0x01, 0x08, 0x8b, 0xaa, 0x16, 0x40, 0xf9, 0x08, 0x11, 0x42, 0xf8,
  0x49, 0x01, 0x09, 0x8b, 0x8a, 0x85, 0x86, 0xd2, 0x0a, 0xc0, 0xa3, 0xf2, 0xe8, 0x0b, 0x08, 0xcb,
  0x29, 0x11, 0x42, 0xf8, 0xca, 0xd5, 0xcb, 0xf2, 0x2a, 0x3a, 0xe4, 0xf2, 0x08, 0x01, 0x0a, 0xca,
  0x08, 0x11, 00, 0x91, 0x08, 0x01, 0x1b, 0xca, 0x28, 0x01, 0x08, 0x8b, 0x08, 0x05, 00, 0x91,
  00, 0x01, 0x3f, 0xd6, 0x68, 0x52, 0x40, 0xf9, 0x69, 0x12, 0x40, 0xf9, 0xaa, 0x56, 0x40, 0xf9,
  0xe8, 0x03, 0x08, 0xcb, 0xe9, 0x03, 0x09, 0xcb, 0x08, 0x01, 0x1c, 0xca, 0x29, 0x01, 0x1c, 0xca,
  0x08, 0x61, 0x16, 0x9b, 0x29, 0x09, 0x09, 0x8b, 0xb6, 0x02, 0x80, 0x52, 0x29, 0x15, 00, 0x91,
  0x29, 0x01, 0x1c, 0xca, 0x08, 0x01, 0x1c, 0xca, 0x48, 0x01, 0x08, 0x8b, 0xaa, 0x16, 0x40, 0xf9,
  0x08, 0x91, 0x40, 0xf8, 0x49, 0x01, 0x09, 0x8b, 0xe8, 0x03, 0x08, 0xcb, 0x29, 0x91, 0x40, 0xf8,
  0x08, 0x01, 0x1b, 0xca, 0x08, 0x05, 00, 0x91, 0x08, 0x01, 0x1b, 0xca, 0x28, 0x01, 0x08, 0x8b,
  0x08, 0x05, 00, 0x91, 00, 0x01, 0x3f, 0xd6, 0x68, 0x62, 0x40, 0xf9, 0x6b, 0x26, 0x4a, 0xa9,
  0x2a, 0x03, 0x80, 0xd2, 0x2c, 0x03, 0x80, 0x52, 0x1f, 0x20, 0x03, 0xd5, 0xba, 0x6a, 0x07, 0x10,
  0xe8, 0x03, 0x08, 0xcb, 0xe0, 0x1f, 00, 0xb9, 0x08, 0x01, 0x1c, 0xca, 0xe9, 0x03, 0x09, 0xcb,
  0xeb, 0x03, 0x0b, 0xcb, 0x08, 0x29, 0x0c, 0x9b, 0x29, 0x01, 0x1c, 0xca, 0xca, 0x02, 0x80, 0xd2,
  0xcc, 0x02, 0x80, 0x52, 0xae, 0xb6, 0x4a, 0xa9, 0x1f, 0x20, 0x03, 0xd5, 0x29, 0x29, 0x0c, 0x9b,
  0x6a, 0x01, 0x1c, 0xca, 0xab, 0x66, 0x40, 0xf9, 0x6c, 0x12, 0x40, 0xf9, 0xe0, 0x03, 0x1a, 0xaa,
  0x4a, 0x61, 0x16, 0x9b, 0x08, 0x01, 0x1c, 0xca, 0x68, 0x01, 0x08, 0x8b, 0xeb, 0x03, 0x0c, 0xcb,
  0x6c, 0x42, 0x40, 0xf9, 0x6b, 0x01, 0x1c, 0xca, 0x29, 0x01, 0x1c, 0xca, 0x08, 0x11, 0x40, 0xb8,
  0x6b, 0x09, 0x0b, 0x8b, 0xa9, 0x01, 0x09, 0x8b, 0xad, 0x16, 0x40, 0xf9, 0x4a, 0x01, 0x1c, 0xca,
  0x29, 0x11, 0x40, 0xb8, 0xec, 0x03, 0x0c, 0xcb, 0xca, 0x01, 0x0a, 0x8b, 0x6b, 0x15, 00, 0x91,
  0x8c, 0x01, 0x1c, 0xca, 0x4a, 0x91, 0x42, 0xf8, 0x6b, 0x01, 0x1c, 0xca, 0xe9, 0x03, 0x09, 0x4b,
  0xab, 0x01, 0x0b, 0x8b, 0x8d, 0x6f, 0x9f, 0x52, 0x09, 0x01, 0x09, 0x4a, 0xea, 0x03, 0x0a, 0xcb,
  0x8c, 0x11, 0x0c, 0x8b, 0xed, 0x81, 0xb6, 0x72, 0x4a, 0x01, 0x1b, 0xca, 0x29, 0x7d, 0x0d, 0x1b,
  0x6b, 0x91, 0x42, 0xf8, 0x4a, 0x09, 0x0a, 0x8b, 0xad, 0x46, 0x40, 0xf9, 0x8c, 0x45, 00, 0x91,
  0x4a, 0x15, 00, 0x91, 0x37, 0x01, 0x08, 0x4a, 0x4a, 0x01, 0x1b, 0xca, 0x6a, 0x01, 0x0a, 0x8b,
  0x8b, 0x01, 0x1c, 0xca, 0xa9, 0x01, 0x0b, 0x8b, 0x48, 0x05, 00, 0x91, 0x21, 0x45, 00, 0x91,
  00, 0x01, 0x3f, 0xd6, 0x68, 0x52, 0x40, 0xf9, 0xb9, 0x02, 0x80, 0x52, 0x69, 0x12, 0x40, 0xf9,
  0xaa, 0x56, 0x40, 0xf9, 0xf6, 0x03, 0x1b, 0xaa, 0xdb, 0x42, 0x83, 0xd2, 0xe8, 0x03, 0x08, 0xcb,
  0xe9, 0x03, 0x09, 0xcb, 0x1b, 0xe0, 0xa1, 0xf2, 0x08, 0x01, 0x1c, 0xca, 0x29, 0x01, 0x1c, 0xca,
  0xfb, 0xea, 0xd5, 0xf2, 0x08, 0x61, 0x19, 0x9b, 0x29, 0x09, 0x09, 0x8b, 0x1b, 0x1d, 0xf2, 0xf2,
  0xa3, 0x83, 0x5e, 0xf8, 0xe4, 0x1f, 0x40, 0xb9, 0xe1, 0x03, 0x1a, 0xaa, 0x29, 0x15, 00, 0x91,
  0x1f, 0x20, 0x03, 0xd5, 0x82, 0x65, 0x07, 0x10, 0x29, 0x01, 0x1c, 0xca, 0x08, 0x01, 0x1c, 0xca,
  0x48, 0x01, 0x08, 0x8b, 0xaa, 0x16, 0x40, 0xf9, 0x08, 0x11, 0x41, 0xf8, 0x49, 0x01, 0x09, 0x8b,
  0xe8, 0x07, 0x08, 0xcb, 0x29, 0x11, 0x41, 0xf8, 0x08, 0x01, 0x1b, 0xca, 0x08, 0x09, 00, 0x91,
  0x08, 0x01, 0x16, 0xca, 0x28, 0x01, 0x08, 0x8b, 0x89, 0x90, 0x80, 0x52, 0x09, 0x7e, 0xa9, 0x72,
  0x08, 0x05, 00, 0x91, 0xe0, 0x02, 0x09, 0x0b, 00, 0x01, 0x3f, 0xd6, 0x68, 0x5e, 0x40, 0xf9,
  0x6b, 0x52, 0x40, 0xf9, 0x0d, 0x03, 0x80, 0x52, 0x69, 0x02, 0x40, 0xf9, 0x0a, 0x03, 0x80, 0xd2,
  0x6c, 0x7a, 0x40, 0xf9, 0xe8, 0x03, 0x08, 0xcb, 0xeb, 0x03, 0x0b, 0xcb, 0xbb, 0x02, 0x80, 0x52,
  0x08, 0x01, 0x1c, 0xca, 0xe9, 0x03, 0x09, 0xcb, 0x6b, 0x01, 0x1c, 0xca, 0x08, 0x29, 0x0d, 0x9b,
  0x29, 0x01, 0x1c, 0xca, 0xaa, 0x06, 0x40, 0xf9, 0x29, 0x05, 00, 0x91, 0xec, 0x03, 0x0c, 0xcb,
  0xad, 0x62, 0x40, 0xf9, 0x1f, 0x20, 0x03, 0xd5, 0x6b, 0x61, 0x19, 0x9b, 0x29, 0x01, 0x1c, 0xca,
  0x8c, 0x01, 0x1c, 0xca, 0x49, 0x01, 0x09, 0x8b, 0x6a, 0x12, 0x40, 0xf9, 0x8e, 0xe9, 0x7b, 0xd3,
  0x29, 0x11, 0x40, 0xf8, 0x1f, 0x20, 0x03, 0xd5, 0xb9, 0x60, 0x07, 0x10, 0x08, 0x01, 0x1c, 0xca,
  0xea, 0x03, 0x0a, 0xcb, 0xcc, 0x01, 0x0c, 0xcb, 0xa8, 0x01, 0x08, 0x8b, 0xad, 0x56, 0x40, 0xf9,
  0x4a, 0x01, 0x1c, 0xca, 0x6b, 0x01, 0x1c, 0xca, 0xae, 0x7e, 0x40, 0xf9, 0x8c, 0x7d, 00, 0x91,
  0xab, 0x01, 0x0b, 0x8b, 0x4a, 0x09, 0x0a, 0x8b, 0x8c, 0x01, 0x1c, 0xca, 0x6b, 0x91, 0x43, 0xf8,
  0xcc, 0x01, 0x0c, 0x8b, 0xad, 0x16, 0x40, 0xf9, 0x4a, 0x15, 00, 0x91, 0x6e, 0x42, 0x40, 0xf9,
  0x8c, 0x11, 0x40, 0xb8, 0xeb, 0x03, 0x0b, 0xcb, 0x4a, 0x01, 0x1c, 0xca, 0x08, 0x11, 0x40, 0xb8,
  0x6b, 0x01, 0x16, 0xca, 0xaa, 0x01, 0x0a, 0x8b, 0xee, 0x03, 0x0e, 0xcb, 0x6d, 0xf1, 0x7d, 0xd3,
  0xce, 0x01, 0x1c, 0xca, 0xec, 0x03, 0x0c, 0x4b, 0x0c, 0x01, 0x0c, 0x4a, 0x4a, 0x91, 0x43, 0xf8,
  0x3a, 0x01, 0x40, 0x39, 0xab, 0x01, 0x0b, 0xcb, 0xcd, 0x11, 0x0e, 0x8b, 0x4e, 0x50, 0x9c, 0x52,
  0x6e, 0xa8, 0xa8, 0x72, 0x6b, 0x1d, 00, 0x91, 0xe0, 0x03, 0x19, 0xaa, 0x8c, 0x7d, 0x0e, 0x1b,
  0xae, 0x46, 0x40, 0xf9, 0xad, 0x45, 00, 0x91, 0x20, 0x85, 0x40, 0x2d, 0x6b, 0x01, 0x16, 0xca,
  0xa9, 0x01, 0x1c, 0xca, 0x4a, 0x01, 0x0b, 0x8b, 0xc9, 0x01, 0x09, 0x8b, 0x97, 0x01, 0x08, 0x4a,
  0x48, 0x05, 00, 0x91, 0x21, 0x71, 0x07, 0x91, 0x08, 0xc0, 0x22, 0x1e, 0x29, 0xc0, 0x22, 0x1e,
  00, 0x01, 0x3f, 0xd6, 0x68, 0x52, 0x40, 0xf9, 0x69, 0x12, 0x40, 0xf9, 00, 0x41, 0x60, 0x1e,
  0xaa, 0x56, 0x40, 0xf9, 0x21, 0x41, 0x60, 0x1e, 0x73, 0x70, 0x8c, 0xd2, 0xe8, 0x03, 0x08, 0xcb,
  0xe9, 0x03, 0x09, 0xcb, 0xe3, 0x03, 0x1a, 0x2a, 0x08, 0x01, 0x1c, 0xca, 0x29, 0x01, 0x1c, 0xca,
  0x5a, 0xa3, 0x8a, 0xd2, 0x08, 0x61, 0x1b, 0x9b, 0x29, 0x09, 0x09, 0x8b, 0x33, 0xa2, 0xbb, 0xf2,
  0xda, 0x2d, 0xb6, 0xf2, 0xb3, 0x80, 0xc6, 0xf2, 0x1f, 0x20, 0x03, 0xd5, 0xa1, 0x52, 0x07, 0x10,
  0x29, 0x15, 00, 0x91, 0xe2, 0x03, 0x19, 0xaa, 0x29, 0x01, 0x1c, 0xca, 0xba, 0x9b, 0xcb, 0xf2,
  0x73, 0x77, 0xfb, 0xf2, 0xfb, 0x03, 0x16, 0xaa, 0x7a, 0x77, 0xfc, 0xf2, 0x08, 0x01, 0x1c, 0xca,
  0x48, 0x01, 0x08, 0x8b, 0xaa, 0x16, 0x40, 0xf9, 0x08, 0x11, 0x41, 0xf8, 0x49, 0x01, 0x09, 0x8b,
  0xca, 0x42, 0x83, 0xd2, 0x0a, 0xe0, 0xa1, 0xf2, 0xe8, 0x07, 0x08, 0xcb, 0x29, 0x11, 0x41, 0xf8,
  0xea, 0xea, 0xd5, 0xf2, 0x0a, 0x1d, 0xf2, 0xf2, 0x08, 0x01, 0x0a, 0xca, 0x08, 0x09, 00, 0x91,
  0x08, 0x01, 0x16, 0xca, 0x28, 0x01, 0x08, 0x8b, 0xc9, 0xaf, 0x83, 0x52, 0x89, 0x57, 0xb7, 0x72,
  0x08, 0x05, 00, 0x91, 0xe0, 0x02, 0x09, 0x0b, 00, 0x01, 0x3f, 0xd6, 0x6e, 0x6d, 0x8d, 0xd2,
  0x71, 0x04, 0x80, 0x52, 0x50, 0x02, 0x80, 0x52, 0x2e, 0xb4, 0xb1, 0xf2, 0x6f, 00, 00, 0xb0,
  0xef, 0x41, 0x27, 0x91, 0xae, 0x9b, 0xcb, 0xf2, 0xe8, 0x03, 0x1a, 0xaa, 0x6e, 0x77, 0xfc, 0xf2,
  0xff, 0xfc, 0xff, 0x17, 0x2b, 0x02, 0x80, 0x52, 0x4c, 0x79, 0x6b, 0xf8, 0xec, 0x03, 0x0c, 0xcb,
  0x8c, 0x01, 0x13, 0xca, 0x6c, 0x2d, 0x0c, 0x9b, 0x2b, 0x79, 0x6b, 0xf8, 0x8c, 0x01, 0x13, 0xca,
  0x6b, 0x01, 0x0c, 0x8b, 0x6b, 0x05, 00, 0x91, 0x60, 0x01, 0x1f, 0xd6, 0x4b, 0x34, 0x90, 0xd2,
  0x4b, 0x14, 0xbe, 0xf2, 0xab, 0x9b, 0xcb, 0xf2, 0x6b, 0x77, 0xfc, 0xf2, 0x1f, 0x01, 0x0b, 0xeb,
  0x61, 0x01, 00, 0x54, 0x2b, 00, 0x80, 0x52, 0x0a, 00, 00, 0x14, 0x6b, 0xd7, 0x98, 0xd2,
  0xcb, 0x61, 0xbe, 0xf2, 0xab, 0x9b, 0xcb, 0xf2, 0x6b, 0x77, 0xfc, 0xf2, 0x1f, 0x01, 0x0b, 0xeb,
  0xe1, 0x01, 00, 0x54, 0xeb, 0x01, 0x80, 0x52, 0x0e, 00, 00, 0x14, 0x2b, 0x01, 0x80, 0x52,
  0x4a, 0x79, 0x6b, 0xf8, 0x29, 0x79, 0x6b, 0xf8, 0xea, 0x03, 0x0a, 0xcb, 0x4a, 0x01, 0x13, 0xca,
  0x6a, 0x2d, 0x0a, 0x9b, 0x4a, 0x01, 0x13, 0xca, 0x29, 0x01, 0x0a, 0x8b, 0x29, 0x05, 00, 0x91,
  0x20, 0x01, 0x1f, 0xd6, 0xe8, 0x03, 0x40, 0xf9, 0xd9, 0xfc, 0xff, 0x17, 0xab, 0x01, 0x80, 0x52,
  0x4a, 0x79, 0x6b, 0xf8, 0x29, 0x79, 0x6b, 0xf8, 0xea, 0x03, 0x0a, 0xcb, 0x4a, 0x01, 0x13, 0xca,
  0x6a, 0x2d, 0x0a, 0x9b, 0x4a, 0x01, 0x13, 0xca, 0x29, 0x01, 0x0a, 0x8b, 0x29, 0x05, 00, 0x91,
  0x20, 0x01, 0x1f, 0xd6, 0x74, 00, 00, 0xb0, 0x94, 0xa2, 0x25, 0x91, 0x8a, 0x02, 0x80, 0xd2,
  0x88, 0xa6, 0x47, 0xa9, 0x8b, 0x02, 0x80, 0x52, 0xb5, 0x02, 0x80, 0x52, 0xf9, 0x13, 0x40, 0xf9,
  0xcc, 00, 0x80, 0x52, 0xed, 0x07, 0x40, 0xf9, 0x78, 00, 00, 0xb0, 0x18, 0xe3, 0x20, 0x91,
  0xe8, 0x03, 0x08, 0xcb, 0xe9, 0x03, 0x09, 0xcb, 0xce, 0x01, 0x80, 0xd2, 0x08, 0x01, 0x1c, 0xca,
  0x29, 0x01, 0x1c, 0xca, 0xcf, 0x01, 0x80, 0x52, 0x08, 0x29, 0x0b, 0x9b, 0x8b, 0x2a, 0x40, 0xa9,
  0x1f, 0x20, 0x03, 0xd5, 0xb6, 0x49, 0x07, 0x10, 0x29, 0x65, 0x15, 0x9b, 0xe0, 0x03, 0x16, 0xaa,
  0xea, 0x03, 0x0a, 0xcb, 0xeb, 0x03, 0x0b, 0xcb, 0x4a, 0x01, 0x1c, 0xca, 0x6b, 0x01, 0x1c, 0xca,
  0x4a, 0x35, 0x0c, 0x9b, 0x0c, 0xb7, 0x47, 0xa9, 0x08, 0x01, 0x1c, 0xca, 0x6b, 0x09, 0x0b, 0x8b,
  0x29, 0x01, 0x1c, 0xca, 0xa9, 0x01, 0x09, 0x8b, 0x88, 0x01, 0x08, 0x8b, 0x6b, 0x15, 00, 0x91,
  0x0d, 0x33, 0x40, 0xa9, 0x29, 0x11, 0x47, 0xf8, 0x4a, 0x01, 0x1c, 0xca, 0x08, 0x11, 0x40, 0xf8,
  0x6b, 0x01, 0x1c, 0xca, 0xe9, 0x03, 0x09, 0xcb, 0x8a, 0x01, 0x0a, 0x8b, 0x29, 0x01, 0x1b, 0xca,
  0x8c, 0x32, 0x40, 0xf9, 0x4a, 0x11, 0x40, 0xf8, 0x1f, 0x20, 0x03, 0xd5, 0x29, 0x39, 0x0f, 0x9b,
  0x8e, 0x5e, 0x8e, 0xd2, 0x6e, 0x93, 0xa7, 0xf2, 0xec, 0x03, 0x0c, 0xcb, 0xab, 0x01, 0x0b, 0x8b,
  0xea, 0x03, 0x0a, 0xcb, 0xee, 0xcf, 0xc2, 0xf2, 0x8c, 0x01, 0x1c, 0xca, 0x0a, 0x01, 0x0a, 0xca,
  0xee, 0x8e, 0xe3, 0xf2, 0x8c, 0x11, 0x0c, 0x8b, 0x4a, 0x7d, 0x0e, 0x9b, 0x6b, 0x11, 0x47, 0xf8,
  0x0d, 0x33, 0x40, 0xf9, 0x29, 0x01, 0x1b, 0xca, 0x8c, 0x45, 00, 0x91, 0x69, 0x01, 0x09, 0x8b,
  0x8b, 0x01, 0x1c, 0xca, 0x57, 0x01, 0x08, 0xca, 0x28, 0x05, 00, 0x91, 0xa9, 0x01, 0x0b, 0x8b,
  0x21, 0x75, 0x05, 0x91, 00, 0x01, 0x3f, 0xd6, 0x88, 0x42, 0x40, 0xf9, 0x09, 0x43, 0x40, 0xf9,
  0x5a, 0x01, 0x80, 0xd2, 0x8a, 0x02, 0x40, 0xf9, 0xe0, 0x03, 0x16, 0xaa, 0xe8, 0x03, 0x08, 0xcb,
  0x08, 0x01, 0x1c, 0xca, 0x08, 0x65, 0x15, 0x9b, 0x55, 0x01, 0x80, 0x52, 0x08, 0x01, 0x1c, 0xca,
  0x28, 0x01, 0x08, 0x8b, 0xe9, 0x03, 0x0a, 0xcb, 0x0a, 0x03, 0x40, 0xf9, 0x08, 0x11, 0x45, 0xf8,
  0x29, 0x01, 0x1c, 0xca, 0x29, 0x09, 0x09, 0x8b, 0xe8, 0x03, 0x08, 0xcb, 0x08, 0x01, 0x1b, 0xca,
  0x29, 0x15, 00, 0x91, 0x08, 0x69, 0x15, 0x9b, 0x29, 0x01, 0x1c, 0xca, 0x49, 0x01, 0x09, 0x8b,
  0x29, 0x11, 0x45, 0xf8, 0x08, 0x01, 0x1b, 0xca, 0x28, 0x01, 0x08, 0x8b, 0x89, 0xa1, 0x91, 0xd2,
  0x89, 0x6c, 0xb8, 0xf2, 0x08, 0x05, 00, 0x91, 0x09, 0x30, 0xdd, 0xf2, 0x09, 0x71, 0xfc, 0xf2,
  0xe1, 0x02, 0x09, 0x8b, 00, 0x01, 0x3f, 0xd6, 0x88, 0x7e, 0x40, 0xf9, 0x89, 0x16, 0x40, 0xf9,
  0x8b, 0x04, 0x80, 0x52, 0x8a, 0x04, 0x80, 0xd2, 0x6e, 0x6d, 0x8d, 0xd2, 0x71, 0x04, 0x80, 0x52,
  0xe8, 0x03, 0x08, 0xcb, 0xe9, 0x03, 0x09, 0xcb, 0x2e, 0xb4, 0xb1, 0xf2, 0x08, 0x01, 0x1c, 0xca,
  0x29, 0x01, 0x1c, 0xca, 0xae, 0x9b, 0xcb, 0xf2, 0x08, 0x29, 0x0b, 0x9b, 0x0a, 0x7f, 0x40, 0xf9,
  0x0b, 0x17, 0x40, 0xf9, 0x50, 0x02, 0x80, 0x52, 0x6f, 00, 00, 0xb0, 0xef, 0x41, 0x27, 0x91,
  0x29, 0x69, 0x15, 0x9b, 0x5a, 0xa3, 0x8a, 0xd2, 0x6e, 0x77, 0xfc, 0xf2, 0xda, 0x2d, 0xb6, 0xf2,
  0x74, 00, 00, 0xb0, 0x94, 0x82, 0x22, 0x91, 0xba, 0x9b, 0xcb, 0xf2, 0xa0, 0x83, 0x1e, 0xf8,
  0x08, 0x01, 0x1c, 0xca, 0x7a, 0x77, 0xfc, 0xf2, 0x48, 0x01, 0x08, 0x8b, 0x6a, 0xa3, 0x87, 0xd2,
  0x29, 0x01, 0x1c, 0xca, 0x08, 0x11, 0x40, 0xf8, 0xca, 0x73, 0xa5, 0xf2, 0x69, 0x01, 0x09, 0x8b,
  0x2a, 0x5e, 0xc9, 0xf2, 0x29, 0x11, 0x40, 0xf8, 0xe8, 0x03, 0x08, 0xcb, 0x8a, 0x97, 0xe7, 0xf2,
  0x28, 0x01, 0x08, 0xca, 0x08, 0x7d, 0x0a, 0x9b, 0x08, 0x01, 0x09, 0xca, 0xa9, 0x5c, 0x98, 0xd2,
  0x29, 0x8c, 0xba, 0xf2, 0xc9, 0xa1, 0xd6, 0xf2, 0x69, 0x68, 0xf8, 0xf2, 0x08, 0x01, 0x09, 0x8b,
  0x1f, 0x01, 00, 0xeb, 0xe8, 0x03, 0x1a, 0xaa, 0x20, 0x87, 0xff, 0x54, 0xe8, 0x03, 0x0e, 0xaa,
  0x37, 0xfc, 0xff, 0x17, 0x7a, 00, 00, 0xb0, 0x5a, 0xa3, 0x25, 0x91, 0x6a, 0x02, 0x80, 0x52,
  0x48, 0x3b, 0x40, 0xf9, 0x49, 0x27, 0x40, 0xf9, 0x4c, 0x43, 0x40, 0xf9, 0x6b, 0x02, 0x80, 0xd2,
  0xb4, 0x02, 0x80, 0x52, 0xf8, 0x13, 0x40, 0xf9, 0xe8, 0x03, 0x08, 0xcb, 0xe9, 0x03, 0x09, 0xcb,
  0xec, 0x03, 0x0c, 0xcb, 0x08, 0x01, 0x1c, 0xca, 0x29, 0x01, 0x1c, 0xca, 0x79, 00, 00, 0xb0,
  0x39, 0xe3, 0x20, 0x91, 0x08, 0x2d, 0x0a, 0x9b, 0xca, 0x01, 0x80, 0x52, 0xcb, 0x01, 0x80, 0xd2,
  0x4d, 0x03, 0x40, 0xf9, 0x4e, 0x55, 0x91, 0x52, 0x29, 0x2d, 0x0a, 0x9b, 0x8a, 0x01, 0x1c, 0xca,
  0x2b, 0x27, 0x40, 0xf9, 0x2c, 0x3b, 0x40, 0xf9, 0xed, 0x03, 0x0d, 0xcb, 0xae, 0x66, 0xa1, 0x72,
  0x4a, 0x61, 0x14, 0x9b, 0x1f, 0x20, 0x03, 0xd5, 0x53, 0x31, 0x07, 0x10, 0x08, 0x01, 0x1c, 0xca,
  0xd7, 0xaa, 0x8e, 0x52, 0xe0, 0x03, 0x13, 0xaa, 0x88, 0x01, 0x08, 0x8b, 0x4c, 0x33, 0x40, 0xf9,
  0x57, 0x99, 0xbe, 0x72, 0x29, 0x01, 0x1c, 0xca, 0x08, 0x11, 0x40, 0xb8, 0x69, 0x01, 0x09, 0x8b,
  0x2b, 0x43, 0x40, 0xf9, 0xec, 0x03, 0x0c, 0xcb, 0x4a, 0x01, 0x1c, 0xca, 0x29, 0x11, 0x40, 0xb8,
  0x8c, 0x01, 0x1c, 0xca, 0x6a, 0x01, 0x0a, 0x8b, 0xab, 0x01, 0x1c, 0xca, 0x2d, 0x03, 0x40, 0xf9,
  0x4a, 0x91, 0x42, 0xf8, 0x6b, 0x09, 0x0b, 0x8b, 0xe9, 0x03, 0x09, 0x4b, 0x09, 0x01, 0x09, 0x4a,
  0x8c, 0x11, 0x0c, 0x8b, 0xea, 0x03, 0x0a, 0xcb, 0x6b, 0x15, 00, 0x91, 0x29, 0x7d, 0x0e, 0x1b,
  0x4a, 0x01, 0x1b, 0xca, 0x6b, 0x01, 0x1c, 0xca, 0x8c, 0x45, 00, 0x91, 0x4a, 0x09, 0x0a, 0x8b,
  0xab, 0x01, 0x0b, 0x8b, 0x2d, 0x33, 0x40, 0xf9, 0x6b, 0x91, 0x42, 0xf8, 0x36, 0x01, 0x08, 0x4a,
  0x89, 0x01, 0x1c, 0xca, 0x4a, 0x15, 00, 0x91, 0xa9, 0x01, 0x09, 0x8b, 0x4a, 0x01, 0x1b, 0xca,
  0x21, 0x45, 00, 0x91, 0x68, 0x01, 0x0a, 0x8b, 0x08, 0x05, 00, 0x91, 00, 0x01, 0x3f, 0xd6,
  0x48, 0x43, 0x40, 0xf9, 0x29, 0x43, 0x40, 0xf9, 0x8c, 0x01, 0x80, 0xd2, 0x4a, 0x03, 0x40, 0xf9,
  0x4b, 0x33, 0x40, 0xf9, 0x1f, 0x20, 0x03, 0xd5, 0xb5, 0x31, 0x07, 0x10, 0xe8, 0x03, 0x08, 0xcb,
  0x08, 0x01, 0x1c, 0xca, 0xeb, 0x03, 0x0b, 0xcb, 0xe0, 0x03, 0x15, 0xaa, 0x08, 0x61, 0x14, 0x9b,
  0x6b, 0x01, 0x1c, 0xca, 0x08, 0x01, 0x1c, 0xca, 0x28, 0x01, 0x08, 0x8b, 0xe9, 0x03, 0x0a, 0xcb,
  0x8a, 0x01, 0x80, 0x52, 0x08, 0x11, 0x46, 0xf8, 0x29, 0x01, 0x1c, 0xca, 0x29, 0x09, 0x09, 0x8b,
  0xe8, 0x03, 0x08, 0xcb, 0x08, 0x01, 0x1b, 0xca, 0x29, 0x15, 00, 0x91, 0x08, 0x31, 0x0a, 0x9b,
  0x2a, 0x03, 0x40, 0xf9, 0x29, 0x01, 0x1c, 0xca, 0x49, 0x01, 0x09, 0x8b, 0x6a, 0x11, 0x0b, 0x8b,
  0x2b, 0x33, 0x40, 0xf9, 0x29, 0x11, 0x46, 0xf8, 0x4a, 0x45, 00, 0x91, 0x08, 0x01, 0x1b, 0xca,
  0x28, 0x01, 0x08, 0x8b, 0x49, 0x01, 0x1c, 0xca, 0x69, 0x01, 0x09, 0x8b, 0x08, 0x05, 00, 0x91,
  0x21, 0x95, 0x08, 0x91, 00, 0x01, 0x3f, 0xd6, 0x48, 0x43, 0x40, 0xf9, 0x49, 0x03, 0x40, 0xf9,
  0xc0, 0x02, 0x17, 0x0b, 0x2a, 0x43, 0x40, 0xf9, 0xe1, 0x03, 0x13, 0xaa, 0xe8, 0x03, 0x08, 0xcb,
  0xe9, 0x03, 0x09, 0xcb, 0x08, 0x01, 0x1c, 0xca, 0x29, 0x01, 0x1c, 0xca, 0x08, 0x61, 0x14, 0x9b,
  0x29, 0x09, 0x09, 0x8b, 0x29, 0x15, 00, 0x91, 0x29, 0x01, 0x1c, 0xca, 0x08, 0x01, 0x1c, 0xca,
  0x48, 0x01, 0x08, 0x8b, 0x2a, 0x03, 0x40, 0xf9, 0x08, 0x11, 0x41, 0xf8, 0x49, 0x01, 0x09, 0x8b,
  0xca, 0x42, 0x83, 0xd2, 0x0a, 0xe0, 0xa1, 0xf2, 0xe8, 0x07, 0x08, 0xcb, 0x29, 0x11, 0x41, 0xf8,
  0xea, 0xea, 0xd5, 0xf2, 0x0a, 0x1d, 0xf2, 0xf2, 0x08, 0x01, 0x0a, 0xca, 0x08, 0x09, 00, 0x91,
  0x08, 0x01, 0x1b, 0xca, 0x28, 0x01, 0x08, 0x8b, 0x03, 0x05, 00, 0x91, 0xe2, 0x03, 0x15, 0xaa,
  0xf4, 0x4f, 0x49, 0xa9, 0xf6, 0x57, 0x48, 0xa9, 0xf8, 0x5f, 0x47, 0xa9, 0xfa, 0x67, 0x46, 0xa9,
  0xfc, 0x6f, 0x45, 0xa9, 0xfd, 0x7b, 0x44, 0xa9, 0xe9, 0x23, 0x43, 0x6d, 0xff, 0x83, 0x02, 0x91,
  0x60, 00, 0x1f, 0xd6, 0x89, 0x5f, 0x85, 0xd2, 0x68, 00, 00, 0xb0, 0x89, 0xce, 0xa9, 0xf2,
  0x0a, 0x35, 0x45, 0xf9, 0x49, 0x7a, 0xd7, 0xf2, 0x09, 0x19, 0xf0, 0xf2, 0x4a, 0x69, 0x69, 0xb8,
  0x5f, 0x05, 00, 0x71, 0xa0, 0x05, 00, 0x54, 0x2a, 0x60, 0x40, 0x39, 0xeb, 0x03, 0x2a, 0x2a,
  0x0b, 00, 00, 0x39, 0x2c, 0x64, 0x40, 0x39, 0x2d, 0x04, 0x40, 0x39, 0x4a, 0x01, 0x0c, 0x4b,
  0x8b, 0x01, 0x0b, 0x4b, 0xbf, 0x01, 00, 0x72, 0xaa, 0x01, 0x0a, 0x4a, 0x6b, 0x01, 0x0d, 0x4a,
  0x4a, 0x05, 0x8b, 0x5a, 0x4a, 0x01, 0x0d, 0x4a, 0x0a, 0x04, 00, 0x39, 0x2b, 0x68, 0x40, 0x39,
  0x6a, 0x01, 0x0a, 0x0b, 0xeb, 0x03, 0x2a, 0x2a, 0x0b, 0x08, 00, 0x39, 0x2c, 0x6c, 0x40, 0x39,
  0x2d, 0x0c, 0x40, 0x39, 0x4a, 0x01, 0x0c, 0x4b, 0x8b, 0x01, 0x0b, 0x4b, 0xbf, 0x01, 00, 0x72,
  0xaa, 0x01, 0x0a, 0x4a, 0x6b, 0x01, 0x0d, 0x4a, 0x4a, 0x05, 0x8b, 0x5a, 0x4a, 0x01, 0x0d, 0x4a,
  0x0a, 0x0c, 00, 0x39, 0x2b, 0x70, 0x40, 0x39, 0x6a, 0x01, 0x0a, 0x0b, 0xeb, 0x03, 0x2a, 0x2a,
  0x0b, 0x10, 00, 0x39, 0x2c, 0x74, 0x40, 0x39, 0x2d, 0x14, 0x40, 0x39, 0x4a, 0x01, 0x0c, 0x4b,
  0x8b, 0x01, 0x0b, 0x4b, 0xbf, 0x01, 00, 0x72, 0xaa, 0x01, 0x0a, 0x4a, 0x6b, 0x01, 0x0d, 0x4a,
  0x4a, 0x05, 0x8b, 0x5a, 0x4a, 0x01, 0x0d, 0x4a, 0x0a, 0x14, 00, 0x39, 0x2a, 00, 0x80, 0x52,
  0x08, 0x35, 0x45, 0xf9, 0x0a, 0x69, 0x29, 0xb8, 0xc0, 0x03, 0x5f, 0xd6, 0xe8, 0x1a, 0x81, 0xd2,
  0x69, 00, 00, 0xb0, 0x08, 0x23, 0xa4, 0xf2, 0x2a, 0x39, 0x45, 0xf9, 0xe8, 0x1e, 0xd0, 0xf2,
  0x08, 0xdc, 0xef, 0xf2, 0x4a, 0x69, 0x68, 0xb8, 0x5f, 0x05, 00, 0x71, 0xe0, 0x0a, 00, 0x54,
  0x2a, 0x44, 0x40, 0x39, 0xeb, 0x03, 0x2a, 0x2a, 0x0b, 00, 00, 0x39, 0x2c, 0x48, 0x40, 0x39,
  0x2d, 0x04, 0x40, 0x39, 0x4a, 0x01, 0x0c, 0x4b, 0x8b, 0x01, 0x0b, 0x4b, 0xbf, 0x01, 00, 0x72,
  0xaa, 0x01, 0x0a, 0x4a, 0x6b, 0x01, 0x0d, 0x4a, 0x4a, 0x05, 0x8b, 0x5a, 0x4a, 0x01, 0x0d, 0x4a,
  0x0a, 0x04, 00, 0x39, 0x2b, 0x4c, 0x40, 0x39, 0x6a, 0x01, 0x0a, 0x0b, 0xeb, 0x03, 0x2a, 0x2a,
  0x0b, 0x08, 00, 0x39, 0x2c, 0x50, 0x40, 0x39, 0x2d, 0x0c, 0x40, 0x39, 0x4a, 0x01, 0x0c, 0x4b,
  0x8b, 0x01, 0x0b, 0x4b, 0xbf, 0x01, 00, 0x72, 0xaa, 0x01, 0x0a, 0x4a, 0x6b, 0x01, 0x0d, 0x4a,
  0x4a, 0x05, 0x8b, 0x5a, 0x4a, 0x01, 0x0d, 0x4a, 0x0a, 0x0c, 00, 0x39, 0x2b, 0x54, 0x40, 0x39,
  0x6a, 0x01, 0x0a, 0x0b, 0xeb, 0x03, 0x2a, 0x2a, 0x0b, 0x10, 00, 0x39, 0x2c, 0x58, 0x40, 0x39,
  0x2d, 0x14, 0x40, 0x39, 0x4a, 0x01, 0x0c, 0x4b, 0x8b, 0x01, 0x0b, 0x4b, 0xbf, 0x01, 00, 0x72,
  0xaa, 0x01, 0x0a, 0x4a, 0x6b, 0x01, 0x0d, 0x4a, 0x4a, 0x05, 0x8b, 0x5a, 0x4a, 0x01, 0x0d, 0x4a,
  0x0a, 0x14, 00, 0x39, 0x2b, 0x5c, 0x40, 0x39, 0x6a, 0x01, 0x0a, 0x0b, 0xeb, 0x03, 0x2a, 0x2a,
  0x0b, 0x18, 00, 0x39, 0x2c, 0x60, 0x40, 0x39, 0x2d, 0x1c, 0x40, 0x39, 0x4a, 0x01, 0x0c, 0x4b,
  0x8b, 0x01, 0x0b, 0x4b, 0xbf, 0x01, 00, 0x72, 0xaa, 0x01, 0x0a, 0x4a, 0x6b, 0x01, 0x0d, 0x4a,
  0x4a, 0x05, 0x8b, 0x5a, 0x4a, 0x01, 0x0d, 0x4a, 0x0a, 0x1c, 00, 0x39, 0x2b, 0x64, 0x40, 0x39,
  0x6a, 0x01, 0x0a, 0x0b, 0xeb, 0x03, 0x2a, 0x2a, 0x0b, 0x20, 00, 0x39, 0x2c, 0x68, 0x40, 0x39,
  0x2d, 0x24, 0x40, 0x39, 0x4a, 0x01, 0x0c, 0x4b, 0x8b, 0x01, 0x0b, 0x4b, 0xbf, 0x01, 00, 0x72,
  0xaa, 0x01, 0x0a, 0x4a, 0x6b, 0x01, 0x0d, 0x4a, 0x4a, 0x05, 0x8b, 0x5a, 0x4a, 0x01, 0x0d, 0x4a,
  0x0a, 0x24, 00, 0x39, 0x2b, 0x6c, 0x40, 0x39, 0x6a, 0x01, 0x0a, 0x0b, 0xeb, 0x03, 0x2a, 0x2a,
  0x0b, 0x28, 00, 0x39, 0x2c, 0x70, 0x40, 0x39, 0x2d, 0x2c, 0x40, 0x39, 0x29, 0x39, 0x45, 0xf9,
  0x4a, 0x01, 0x0c, 0x4b, 0x8b, 0x01, 0x0b, 0x4b, 0xbf, 0x01, 00, 0x72, 0xaa, 0x01, 0x0a, 0x4a,
  0x6b, 0x01, 0x0d, 0x4a, 0x4a, 0x05, 0x8b, 0x5a, 0x4a, 0x01, 0x0d, 0x4a, 0x0a, 0x2c, 00, 0x39,
  0x2a, 00, 0x80, 0x52, 0x2a, 0x69, 0x28, 0xb8, 0xc0, 0x03, 0x5f, 0xd6, 0xa9, 0x49, 0x94, 0xd2,
  0x68, 00, 00, 0xb0, 0x89, 0x71, 0xa8, 0xf2, 0x0a, 0x3d, 0x45, 0xf9, 0x09, 0xb6, 0xce, 0xf2,
  0xc9, 0x09, 0xf0, 0xf2, 0x4a, 0x69, 0x69, 0xb8, 0x5f, 0x05, 00, 0x71, 0xa0, 0x02, 00, 0x54,
  0xea, 0x03, 0x1f, 0xaa, 0xeb, 0x03, 0x1f, 0x2a, 0x2c, 00, 0x0a, 0x8b, 0x8d, 0x75, 0x40, 0x39,
  0x8c, 0x01, 0x40, 0x39, 0x4e, 0x7d, 0x0c, 0x1b, 0xaf, 0x01, 0x0b, 0x4b, 0xab, 0x01, 0x0b, 0x0b,
  0xed, 0x01, 0x0c, 0x4a, 0x8b, 0x01, 0x2b, 0x4a, 0xdf, 0x01, 00, 0x72, 0x6b, 0x05, 0x8d, 0x5a,
  0x6b, 0x01, 0x0c, 0x4a, 0x0b, 0x68, 0x2a, 0x38, 0x4a, 0x05, 00, 0x91, 0x5f, 0x6d, 00, 0xf1,
  0x41, 0xfe, 0xff, 0x54, 0x08, 0x3d, 0x45, 0xf9, 0x2a, 00, 0x80, 0x52, 0x0a, 0x69, 0x29, 0xb8,
  0xc0, 0x03, 0x5f, 0xd6, 0xa9, 0x22, 0x8c, 0xd2, 0x68, 00, 00, 0xb0, 0xe9, 0x13, 0xb8, 0xf2,
  0x0a, 0x41, 0x45, 0xf9, 0xe9, 0x4f, 0xd7, 0xf2, 0x09, 0x52, 0xe5, 0xf2, 0x4a, 0x69, 0x69, 0xb8,
  0x5f, 0x05, 00, 0x71, 0x40, 0x04, 00, 0x54, 0x2c, 0x59, 0x88, 0xd2, 0xea, 0x03, 0x1f, 0xaa,
  0xed, 0x03, 0x1f, 0x2a, 0xcc, 0x42, 0xb6, 0xf2, 0xeb, 0x02, 0x80, 0x52, 0xee, 0x02, 0x80, 0x52,
  0x0c, 0xb2, 0xd0, 0xf2, 0x8c, 0x85, 0xec, 0xf2, 0x4f, 0x7d, 0xcc, 0x9b, 0x50, 0x01, 0x0f, 0xcb,
  0xef, 0x05, 0x50, 0x8b, 0x30, 0x68, 0x6e, 0x38, 0xef, 0xfd, 0x44, 0xd3, 0x02, 0x02, 0x0d, 0x4b,
  0x0d, 0x02, 0x0d, 0x0b, 0xef, 0xa9, 0x0b, 0x9b, 0x4a, 0x05, 00, 0x91, 0x31, 0x68, 0x6f, 0x38,
  0xef, 0x7d, 0x11, 0x1b, 0x50, 00, 0x11, 0x4a, 0x2d, 0x02, 0x2d, 0x4a, 0xff, 0x01, 00, 0x72,
  0xcf, 0x05, 00, 0x91, 0x0e, 00, 0x0e, 0x8b, 0xad, 0x05, 0x90, 0x5a, 0xff, 0x31, 0x01, 0xf1,
  0xad, 0x01, 0x11, 0x4a, 0xcd, 0x91, 0x1e, 0x38, 0xee, 0x03, 0x0f, 0xaa, 0x61, 0xfd, 0xff, 0x54,
  0x08, 0x41, 0x45, 0xf9, 0x2a, 00, 0x80, 0x52, 0x0a, 0x69, 0x29, 0xb8, 0xc0, 0x03, 0x5f, 0xd6,
  0xa8, 0x8d, 0x99, 0xd2, 0x69, 00, 00, 0xb0, 0xe8, 0xb4, 0xb0, 0xf2, 0x2a, 0x45, 0x45, 0xf9,
  0x48, 0xf8, 0xc2, 0xf2, 0x88, 0xb7, 0xe5, 0xf2, 0x4a, 0x69, 0x68, 0xb8, 0x5f, 0x05, 00, 0x71,
  0xe0, 0x0a, 00, 0x54, 0x2a, 0x6c, 0x40, 0x39, 0xeb, 0x03, 0x2a, 0x2a, 0x0b, 00, 00, 0x39,
  0x2c, 0x70, 0x40, 0x39, 0x2d, 0x04, 0x40, 0x39, 0x4a, 0x01, 0x0c, 0x4b, 0x8b, 0x01, 0x0b, 0x4b,
  0xbf, 0x01, 00, 0x72, 0xaa, 0x01, 0x0a, 0x4a, 0x6b, 0x01, 0x0d, 0x4a, 0x4a, 0x05, 0x8b, 0x5a,
  0x4a, 0x01, 0x0d, 0x4a, 0x0a, 0x04, 00, 0x39, 0x2b, 0x74, 0x40, 0x39, 0x6a, 0x01, 0x0a, 0x0b,
  0xeb, 0x03, 0x2a, 0x2a, 0x0b, 0x08, 00, 0x39, 0x2c, 0x78, 0x40, 0x39, 0x2d, 0x0c, 0x40, 0x39,
  0x4a, 0x01, 0x0c, 0x4b, 0x8b, 0x01, 0x0b, 0x4b, 0xbf, 0x01, 00, 0x72, 0xaa, 0x01, 0x0a, 0x4a,
  0x6b, 0x01, 0x0d, 0x4a, 0x4a, 0x05, 0x8b, 0x5a, 0x4a, 0x01, 0x0d, 0x4a, 0x0a, 0x0c, 00, 0x39,
  0x2b, 0x7c, 0x40, 0x39, 0x6a, 0x01, 0x0a, 0x0b, 0xeb, 0x03, 0x2a, 0x2a, 0x0b, 0x10, 00, 0x39,
  0x2c, 0x80, 0x40, 0x39, 0x2d, 0x14, 0x40, 0x39, 0x4a, 0x01, 0x0c, 0x4b, 0x8b, 0x01, 0x0b, 0x4b,
  0xbf, 0x01, 00, 0x72, 0xaa, 0x01, 0x0a, 0x4a, 0x6b, 0x01, 0x0d, 0x4a, 0x4a, 0x05, 0x8b, 0x5a,
  0x4a, 0x01, 0x0d, 0x4a, 0x0a, 0x14, 00, 0x39, 0x2b, 0x84, 0x40, 0x39, 0x6a, 0x01, 0x0a, 0x0b,
  0xeb, 0x03, 0x2a, 0x2a, 0x0b, 0x18, 00, 0x39, 0x2c, 0x88, 0x40, 0x39, 0x2d, 0x1c, 0x40, 0x39,
  0x4a, 0x01, 0x0c, 0x4b, 0x8b, 0x01, 0x0b, 0x4b, 0xbf, 0x01, 00, 0x72, 0xaa, 0x01, 0x0a, 0x4a,
  0x6b, 0x01, 0x0d, 0x4a, 0x4a, 0x05, 0x8b, 0x5a, 0x4a, 0x01, 0x0d, 0x4a, 0x0a, 0x1c, 00, 0x39,
  0x2b, 0x8c, 0x40, 0x39, 0x6a, 0x01, 0x0a, 0x0b, 0xeb, 0x03, 0x2a, 0x2a, 0x0b, 0x20, 00, 0x39,
  0x2c, 0x90, 0x40, 0x39, 0x2d, 0x24, 0x40, 0x39, 0x4a, 0x01, 0x0c, 0x4b, 0x8b, 0x01, 0x0b, 0x4b,
  0xbf, 0x01, 00, 0x72, 0xaa, 0x01, 0x0a, 0x4a, 0x6b, 0x01, 0x0d, 0x4a, 0x4a, 0x05, 0x8b, 0x5a,
  0x4a, 0x01, 0x0d, 0x4a, 0x0a, 0x24, 00, 0x39, 0x2b, 0x94, 0x40, 0x39, 0x6a, 0x01, 0x0a, 0x0b,
  0xeb, 0x03, 0x2a, 0x2a, 0x0b, 0x28, 00, 0x39, 0x2c, 0x98, 0x40, 0x39, 0x2d, 0x2c, 0x40, 0x39,
  0x29, 0x45, 0x45, 0xf9, 0x4a, 0x01, 0x0c, 0x4b, 0x8b, 0x01, 0x0b, 0x4b, 0xbf, 0x01, 00, 0x72,
  0xaa, 0x01, 0x0a, 0x4a, 0x6b, 0x01, 0x0d, 0x4a, 0x4a, 0x05, 0x8b, 0x5a, 0x4a, 0x01, 0x0d, 0x4a,
  0x0a, 0x2c, 00, 0x39, 0x2a, 00, 0x80, 0x52, 0x2a, 0x69, 0x28, 0xb8, 0xc0, 0x03, 0x5f, 0xd6,
  0x49, 0xe8, 0x8a, 0xd2, 0x68, 00, 00, 0x90, 0x29, 0xb5, 0xb2, 0xf2, 0x0a, 0x49, 0x45, 0xf9,
  0xe9, 0xed, 0xcc, 0xf2, 0x09, 0x40, 0xf5, 0xf2, 0x4a, 0x69, 0x69, 0xb8, 0x5f, 0x05, 00, 0x71,
  0x60, 0x07, 00, 0x54, 0x2a, 0x6c, 0x40, 0x39, 0xeb, 0x03, 0x2a, 0x2a, 0x0b, 00, 00, 0x39,
  0x2c, 0x70, 0x40, 0x39, 0x2d, 0x04, 0x40, 0x39, 0x4a, 0x01, 0x0c, 0x4b, 0x8b, 0x01, 0x0b, 0x4b,
  0xbf, 0x01, 00, 0x72, 0xaa, 0x01, 0x0a, 0x4a, 0x6b, 0x01, 0x0d, 0x4a, 0x4a, 0x05, 0x8b, 0x5a,
  0x4a, 0x01, 0x0d, 0x4a, 0x0a, 0x04, 00, 0x39, 0x2b, 0x74, 0x40, 0x39, 0x6a, 0x01, 0x0a, 0x0b,
  0xeb, 0x03, 0x2a, 0x2a, 0x0b, 0x08, 00, 0x39, 0x2c, 0x78, 0x40, 0x39, 0x2d, 0x0c, 0x40, 0x39,
  0x4a, 0x01, 0x0c, 0x4b, 0x8b, 0x01, 0x0b, 0x4b, 0xbf, 0x01, 00, 0x72, 0xaa, 0x01, 0x0a, 0x4a,
  0x6b, 0x01, 0x0d, 0x4a, 0x4a, 0x05, 0x8b, 0x5a, 0x4a, 0x01, 0x0d, 0x4a, 0x0a, 0x0c, 00, 0x39,
  0x2b, 0x7c, 0x40, 0x39, 0x6a, 0x01, 0x0a, 0x0b, 0xeb, 0x03, 0x2a, 0x2a, 0x0b, 0x10, 00, 0x39,
  0x2c, 0x80, 0x40, 0x39, 0x2d, 0x14, 0x40, 0x39, 0x4a, 0x01, 0x0c, 0x4b, 0x8b, 0x01, 0x0b, 0x4b,
  0xbf, 0x01, 00, 0x72, 0xaa, 0x01, 0x0a, 0x4a, 0x6b, 0x01, 0x0d, 0x4a, 0x4a, 0x05, 0x8b, 0x5a,
  0x4a, 0x01, 0x0d, 0x4a, 0x0a, 0x14, 00, 0x39, 0x2b, 0x84, 0x40, 0x39, 0x6a, 0x01, 0x0a, 0x0b,
  0xeb, 0x03, 0x2a, 0x2a, 0x0b, 0x18, 00, 0x39, 0x2c, 0x88, 0x40, 0x39, 0x2d, 0x1c, 0x40, 0x39,
  0x4a, 0x01, 0x0c, 0x4b, 0x8b, 0x01, 0x0b, 0x4b, 0xbf, 0x01, 00, 0x72, 0xaa, 0x01, 0x0a, 0x4a,
  0x6b, 0x01, 0x0d, 0x4a, 0x4a, 0x05, 0x8b, 0x5a, 0x4a, 0x01, 0x0d, 0x4a, 0x0a, 0x1c, 00, 0x39,
  0x2a, 00, 0x80, 0x52, 0x08, 0x49, 0x45, 0xf9, 0x0a, 0x69, 0x29, 0xb8, 0xc0, 0x03, 0x5f, 0xd6,
  0x09, 0x85, 0x9e, 0xd2, 0x68, 00, 00, 0x90, 0x89, 0x6a, 0xa2, 0xf2, 0x0a, 0x4d, 0x45, 0xf9,
  0x69, 0x4c, 0xc1, 0xf2, 0x49, 0x94, 0xe0, 0xf2, 0x4a, 0x69, 0x69, 0xb8, 0x5f, 0x05, 00, 0x71,
  0xa0, 0x02, 00, 0x54, 0xea, 0x03, 0x1f, 0xaa, 0xeb, 0x03, 0x1f, 0x2a, 0x2c, 00, 0x0a, 0x8b,
  0x8d, 0x7d, 0x40, 0x39, 0x8c, 0x01, 0x40, 0x39, 0x4e, 0x7d, 0x0c, 0x1b, 0xaf, 0x01, 0x0b, 0x4b,
  0xab, 0x01, 0x0b, 0x0b, 0xed, 0x01, 0x0c, 0x4a, 0x8b, 0x01, 0x2b, 0x4a, 0xdf, 0x01, 00, 0x72,
  0x6b, 0x05, 0x8d, 0x5a, 0x6b, 0x01, 0x0c, 0x4a, 0x0b, 0x68, 0x2a, 0x38, 0x4a, 0x05, 00, 0x91,
  0x5f, 0x51, 00, 0xf1, 0x41, 0xfe, 0xff, 0x54, 0x08, 0x4d, 0x45, 0xf9, 0x2a, 00, 0x80, 0x52,
  0x0a, 0x69, 0x29, 0xb8, 0xc0, 0x03, 0x5f, 0xd6, 0xa9, 0x6e, 0x8f, 0xd2, 0x68, 00, 00, 0x90,
  0xc9, 0xd2, 0xb0, 0xf2, 0x0a, 0x51, 0x45, 0xf9, 0xc9, 0x5f, 0xdc, 0xf2, 0x49, 0xdc, 0xef, 0xf2,
  0x4a, 0x69, 0x69, 0xb8, 0x5f, 0x05, 00, 0x71, 0xa0, 0x02, 00, 0x54, 0xea, 0x03, 0x1f, 0xaa,
  0xeb, 0x03, 0x1f, 0x2a, 0x2c, 00, 0x0a, 0x8b, 0x8d, 0x71, 0x40, 0x39, 0x8c, 0x01, 0x40, 0x39,
  0x4e, 0x7d, 0x0c, 0x1b, 0xaf, 0x01, 0x0b, 0x4b, 0xab, 0x01, 0x0b, 0x0b, 0xed, 0x01, 0x0c, 0x4a,
  0x8b, 0x01, 0x2b, 0x4a, 0xdf, 0x01, 00, 0x72, 0x6b, 0x05, 0x8d, 0x5a, 0x6b, 0x01, 0x0c, 0x4a,
  0x0b, 0x68, 0x2a, 0x38, 0x4a, 0x05, 00, 0x91, 0x5f, 0x69, 00, 0xf1, 0x41, 0xfe, 0xff, 0x54,
  0x08, 0x51, 0x45, 0xf9, 0x2a, 00, 0x80, 0x52, 0x0a, 0x69, 0x29, 0xb8, 0xc0, 0x03, 0x5f, 0xd6,
  0x28, 0xb6, 0x9d, 0xd2, 0x69, 00, 00, 0x90, 0xa8, 0x6b, 0xa8, 0xf2, 0x2a, 0x55, 0x45, 0xf9,
  0x08, 0x39, 0xca, 0xf2, 0x88, 0xe9, 0xe0, 0xf2, 0x4a, 0x69, 0x68, 0xb8, 0x5f, 0x05, 00, 0x71,
  0xe0, 0x0a, 00, 0x54, 0x2a, 0x44, 0x40, 0x39, 0xeb, 0x03, 0x2a, 0x2a, 0x0b, 00, 00, 0x39,
  0x2c, 0x48, 0x40, 0x39, 0x2d, 0x04, 0x40, 0x39, 0x4a, 0x01, 0x0c, 0x4b, 0x8b, 0x01, 0x0b, 0x4b,
  0xbf, 0x01, 00, 0x72, 0xaa, 0x01, 0x0a, 0x4a, 0x6b, 0x01, 0x0d, 0x4a, 0x4a, 0x05, 0x8b, 0x5a,
  0x4a, 0x01, 0x0d, 0x4a, 0x0a, 0x04, 00, 0x39, 0x2b, 0x4c, 0x40, 0x39, 0x6a, 0x01, 0x0a, 0x0b,
  0xeb, 0x03, 0x2a, 0x2a, 0x0b, 0x08, 00, 0x39, 0x2c, 0x50, 0x40, 0x39, 0x2d, 0x0c, 0x40, 0x39,
  0x4a, 0x01, 0x0c, 0x4b, 0x8b, 0x01, 0x0b, 0x4b, 0xbf, 0x01, 00, 0x72, 0xaa, 0x01, 0x0a, 0x4a,
  0x6b, 0x01, 0x0d, 0x4a, 0x4a, 0x05, 0x8b, 0x5a, 0x4a, 0x01, 0x0d, 0x4a, 0x0a, 0x0c, 00, 0x39,
  0x2b, 0x54, 0x40, 0x39, 0x6a, 0x01, 0x0a, 0x0b, 0xeb, 0x03, 0x2a, 0x2a, 0x0b, 0x10, 00, 0x39,
  0x2c, 0x58, 0x40, 0x39, 0x2d, 0x14, 0x40, 0x39, 0x4a, 0x01, 0x0c, 0x4b, 0x8b, 0x01, 0x0b, 0x4b,
  0xbf, 0x01, 00, 0x72, 0xaa, 0x01, 0x0a, 0x4a, 0x6b, 0x01, 0x0d, 0x4a, 0x4a, 0x05, 0x8b, 0x5a,
  0x4a, 0x01, 0x0d, 0x4a, 0x0a, 0x14, 00, 0x39, 0x2b, 0x5c, 0x40, 0x39, 0x6a, 0x01, 0x0a, 0x0b,
  0xeb, 0x03, 0x2a, 0x2a, 0x0b, 0x18, 00, 0x39, 0x2c, 0x60, 0x40, 0x39, 0x2d, 0x1c, 0x40, 0x39,
  0x4a, 0x01, 0x0c, 0x4b, 0x8b, 0x01, 0x0b, 0x4b, 0xbf, 0x01, 00, 0x72, 0xaa, 0x01, 0x0a, 0x4a,
  0x6b, 0x01, 0x0d, 0x4a, 0x4a, 0x05, 0x8b, 0x5a, 0x4a, 0x01, 0x0d, 0x4a, 0x0a, 0x1c, 00, 0x39,
  0x2b, 0x64, 0x40, 0x39, 0x6a, 0x01, 0x0a, 0x0b, 0xeb, 0x03, 0x2a, 0x2a, 0x0b, 0x20, 00, 0x39,
  0x2c, 0x68, 0x40, 0x39, 0x2d, 0x24, 0x40, 0x39, 0x4a, 0x01, 0x0c, 0x4b, 0x8b, 0x01, 0x0b, 0x4b,
  0xbf, 0x01, 00, 0x72, 0xaa, 0x01, 0x0a, 0x4a, 0x6b, 0x01, 0x0d, 0x4a, 0x4a, 0x05, 0x8b, 0x5a,
  0x4a, 0x01, 0x0d, 0x4a, 0x0a, 0x24, 00, 0x39, 0x2b, 0x6c, 0x40, 0x39, 0x6a, 0x01, 0x0a, 0x0b,
  0xeb, 0x03, 0x2a, 0x2a, 0x0b, 0x28, 00, 0x39, 0x2c, 0x70, 0x40, 0x39, 0x2d, 0x2c, 0x40, 0x39,
  0x29, 0x55, 0x45, 0xf9, 0x4a, 0x01, 0x0c, 0x4b, 0x8b, 0x01, 0x0b, 0x4b, 0xbf, 0x01, 00, 0x72,
  0xaa, 0x01, 0x0a, 0x4a, 0x6b, 0x01, 0x0d, 0x4a, 0x4a, 0x05, 0x8b, 0x5a, 0x4a, 0x01, 0x0d, 0x4a,
  0x0a, 0x2c, 00, 0x39, 0x2a, 00, 0x80, 0x52, 0x2a, 0x69, 0x28, 0xb8, 0xc0, 0x03, 0x5f, 0xd6,
  0x68, 00, 00, 0xb0, 0x29, 0x90, 0x9d, 0xd2, 0x6a, 00, 00, 0xb0, 0x08, 0x49, 0x40, 0xf9,
  0xa9, 0x42, 0xac, 0xf2, 0x4a, 0x39, 0x40, 0xf9, 0x29, 0x4a, 0xcb, 0xf2, 0x1f, 0x20, 0x03, 0xd5,
  0x60, 0xe4, 0x06, 0x10, 0xe8, 0x07, 0x08, 0xcb, 0x09, 0xf6, 0xe4, 0xf2, 0x08, 0x01, 0x09, 0xca,
  0x09, 0xc8, 0x9e, 0xd2, 0x49, 0x21, 0xb6, 0xf2, 0x08, 0x09, 00, 0x91, 0x09, 0xa5, 0xc5, 0xf2,
  0x09, 0x7b, 0xe2, 0xf2, 0x08, 0x01, 0x09, 0xca, 0x29, 0x7a, 0x82, 0xd2, 0x89, 0x6c, 0xbc, 0xf2,
  0x48, 0x69, 0x68, 0xf8, 0x29, 0x41, 0xcb, 0xf2, 0x89, 0x62, 0xe7, 0xf2, 0x01, 0x01, 0x09, 0x8b,
  0x20, 00, 0x1f, 0xd6, 0x09, 0xbb, 0x97, 0xd2, 0x68, 00, 00, 0xb0, 0x49, 0x1d, 0xa3, 0xf2,
  0x08, 0x7d, 0x41, 0xf9, 0x29, 0x43, 0xc8, 0xf2, 0x29, 0x14, 0xfb, 0xf2, 0x08, 0x69, 0x69, 0xf8,
  0x49, 0x3c, 0x99, 0xd2, 0x69, 0x37, 0xa4, 0xf2, 0x89, 0xbe, 0xd6, 0xf2, 0x29, 0x02, 0xfe, 0xf2,
  00, 0x01, 0x09, 0x8b, 00, 00, 0x1f, 0xd6, 0x68, 00, 00, 0xb0, 0x29, 0x1d, 0x9e, 0xd2,
  0x1f, 0x20, 0x03, 0xd5, 0xea, 0x5d, 0x06, 0x10, 0x08, 0x65, 0x40, 0xf9, 0x89, 0x8a, 0xa9, 0xf2,
  0xa9, 0x17, 0xce, 0xf2, 0x4c, 0x1d, 0x9e, 0xd2, 0xe2, 00, 0x80, 0x52, 0x29, 0x33, 0xf0, 0xf2,
  0xe8, 0x03, 0x08, 0xcb, 0x8c, 0x8a, 0xa9, 0xf2, 0x08, 0x01, 0x09, 0xca, 0x4a, 0x2d, 0x40, 0xa9,
  0x08, 0x05, 00, 0x91, 0xac, 0x17, 0xce, 0xf2, 0x08, 0x01, 0x09, 0xca, 0x2c, 0x33, 0xf0, 0xf2,
  0x09, 00, 0x9b, 0x52, 0x68, 0x01, 0x08, 0x8b, 0x4a, 0x69, 0x6c, 0xf8, 0x8c, 0x0a, 0x8c, 0xd2,
  0x09, 0x01, 0x09, 0x8b, 0x0b, 0x05, 0x40, 0x91, 0x0c, 0xe1, 0xb4, 0xf2, 0x29, 0x01, 0x0b, 0xca,
  0xcc, 0xed, 0xce, 0xf2, 0x0b, 00, 0x9a, 0x52, 0x3f, 0x05, 0x40, 0xf1, 0x09, 00, 0x9c, 0x52,
  0xcc, 0x8b, 0xed, 0xf2, 0x08, 0x05, 00, 0x91, 0x61, 0x31, 0x89, 0x9a, 0x43, 0x01, 0x0c, 0x8b,
  00, 0xcd, 0x74, 0x92, 0x60, 00, 0x1f, 0xd6, 0xfd, 0x7b, 0xba, 0xa9, 0xfc, 0x6f, 0x01, 0xa9,
  0xfa, 0x67, 0x02, 0xa9, 0xf8, 0x5f, 0x03, 0xa9, 0xf6, 0x57, 0x04, 0xa9, 0xf4, 0x4f, 0x05, 0xa9,
  0xfd, 0x03, 00, 0x91, 0x36, 00, 00, 0xcb, 0x39, 0xe8, 0x91, 0xd2, 0x18, 0xf4, 0x98, 0xd2,
  0xc9, 0xfe, 0x42, 0x93, 0x57, 0x10, 0x87, 0xd2, 0xb9, 0x38, 0xb0, 0xf2, 0x58, 0x1c, 0xb8, 0xf2,
  0x17, 0xf4, 0xb2, 0xf2, 0x08, 0xc0, 0xbf, 0x12, 0x3f, 0x01, 00, 0xf1, 0x79, 0xe4, 0xca, 0xf2,
  0x38, 0x72, 0xc5, 0xf2, 0x29, 0x55, 0x89, 0xda, 0xf7, 0xba, 0xdd, 0xf2, 0xf4, 0x03, 0x02, 0xaa,
  0xf3, 0x03, 00, 0xaa, 0x3f, 0x01, 0x08, 0xeb, 0x59, 0x09, 0xfc, 0xf2, 0xb8, 0x04, 0xee, 0xf2,
  0x57, 0xc1, 0xe1, 0xf2, 0x43, 0x0c, 00, 0x54, 0x68, 0x22, 00, 0x11, 0xf5, 0x03, 0x01, 0xaa,
  0x1c, 0x09, 0x40, 0xf2, 0x88, 00, 0x80, 0x52, 0x01, 0x05, 0x88, 0x1a, 0x34, 0x1b, 00, 0xb4,
  0x68, 00, 00, 0xb0, 0x29, 0x08, 0x01, 0x0b, 0x08, 0x91, 0x40, 0xf9, 0x36, 0x79, 0x1f, 0x53,
  0x69, 00, 00, 0xb0, 0xe8, 0x07, 0x08, 0xcb, 0x29, 0x79, 0x40, 0xf9, 0xdf, 0x02, 0x03, 0xeb,
  0x08, 0x01, 0x19, 0xca, 0x08, 0x09, 00, 0x91, 0x08, 0x01, 0x18, 0xca, 0x28, 0x01, 0x08, 0x8b,
  0xe9, 0x16, 00, 0x54, 0x7a, 00, 00, 0xb0, 0x5a, 0x83, 0x04, 0x91, 0x75, 00, 00, 0xb0,
  0xb5, 0xc2, 0x03, 0x91, 0x49, 0x07, 0x40, 0xf9, 0x6b, 0x10, 0x87, 0xd2, 0xaa, 0x06, 0x40, 0xf9,
  0x0b, 0xf4, 0xb2, 0xf2, 0x08, 0x01, 0x40, 0xf9, 0xe9, 0x03, 0x09, 0xcb, 0xeb, 0xba, 0xdd, 0xf2,
  0x1f, 0x20, 0x03, 0xd5, 0x73, 0x8d, 0x0d, 0x10, 0x29, 0x01, 0x18, 0xca, 0x4b, 0xc1, 0xe1, 0xf2,
  0x29, 0x05, 0x09, 0x8b, 0x08, 0x01, 0x0b, 0x8b, 0xe0, 0x03, 0x13, 0xaa, 0x29, 0x0d, 00, 0x91,
  0x29, 0x01, 0x18, 0xca, 0x49, 0x01, 0x09, 0x8b, 0x21, 0x71, 00, 0x91, 00, 0x01, 0x3f, 0xd6,
  0x48, 0x0f, 0x40, 0xf9, 0x49, 0x2f, 0x40, 0xa9, 0xaa, 0x0e, 0x40, 0xf9, 0xac, 0x20, 0x8e, 0xd2,
  0x1f, 0x20, 0x03, 0xd5, 0xf4, 0x8b, 0x0d, 0x10, 0xe8, 0x03, 0x08, 0xcb, 0x0c, 0xe8, 0xa5, 0xf2,
  0x08, 0x01, 0x18, 0xca, 0xe9, 0x07, 0x09, 0xcb, 0xec, 0x75, 0xdb, 0xf2, 0x08, 0x09, 0x08, 0x8b,
  0xac, 0x82, 0xe3, 0xf2, 0xe0, 0x03, 0x14, 0xaa, 0x29, 0x01, 0x19, 0xca, 0x08, 0x15, 00, 0x91,
  0x29, 0x09, 00, 0x91, 0x08, 0x01, 0x18, 0xca, 0x29, 0x01, 0x18, 0xca, 0x48, 0x01, 0x08, 0x8b,
  0xea, 0x03, 0x0b, 0xcb, 0x08, 0x11, 0x41, 0xf8, 0xab, 0x36, 0x40, 0xa9, 0x4a, 0x01, 0x18, 0xca,
  0xe8, 0x07, 0x08, 0xcb, 0x4a, 0x05, 0x0a, 0x8b, 0x69, 0x01, 0x09, 0x8b, 0x08, 0x01, 0x0c, 0xca,
  0x29, 0x09, 0x40, 0xf9, 0x4a, 0x0d, 00, 0x91, 0x08, 0x09, 00, 0x91, 0x4a, 0x01, 0x18, 0xca,
  0x08, 0x01, 0x17, 0xca, 0x28, 0x01, 0x08, 0x8b, 0xa9, 0x01, 0x0a, 0x8b, 0x21, 0x55, 0x01, 0x91,
  00, 0x01, 0x3f, 0xd6, 0x48, 0x0f, 0x40, 0xf9, 0x49, 0x03, 0x40, 0xf9, 0x2b, 0x41, 0x9c, 0xd2,
  0xaa, 0x0e, 0x40, 0xf9, 0x0b, 0xd0, 0xab, 0xf2, 0xc0, 00, 0x80, 0x52, 0xe8, 0x03, 0x08, 0xcb,
  0xe9, 0x07, 0x09, 0xcb, 0xcb, 0xeb, 0xd6, 0xf2, 0x08, 0x01, 0x18, 0xca, 0x6b, 0x05, 0xe7, 0xf2,
  0xe1, 0x03, 0x13, 0xaa, 0x08, 0x09, 0x08, 0x8b, 0x29, 0x01, 0x19, 0xca, 0xe2, 0x03, 0x14, 0xaa,
  0x29, 0x09, 00, 0x91, 0xe3, 0x03, 0x16, 0x2a, 0x5a, 00, 00, 0x14, 0x34, 0x24, 00, 0xb4,
  0x68, 00, 00, 0xb0, 0x69, 00, 00, 0xb0, 0x7f, 0x24, 00, 0xf1, 0x08, 0x91, 0x40, 0xf9,
  0x29, 0x79, 0x40, 0xf9, 0xe8, 0x07, 0x08, 0xcb, 0x08, 0x01, 0x19, 0xca, 0x08, 0x09, 00, 0x91,
  0x08, 0x01, 0x18, 0xca, 0x28, 0x01, 0x08, 0x8b, 0x08, 0x20, 00, 0x54, 0x76, 00, 00, 0xb0,
  0xd6, 0x82, 0x04, 0x91, 0x75, 00, 00, 0xb0, 0xb5, 0xc2, 0x03, 0x91, 0xc9, 0x06, 0x40, 0xf9,
  0x6b, 0x10, 0x87, 0xd2, 0xaa, 0x06, 0x40, 0xf9, 0x0b, 0xf4, 0xb2, 0xf2, 0x08, 0x01, 0x40, 0xf9,
  0xe9, 0x03, 0x09, 0xcb, 0xeb, 0xba, 0xdd, 0xf2, 0x1f, 0x20, 0x03, 0xd5, 0x33, 0x82, 0x0d, 0x10,
  0x29, 0x01, 0x18, 0xca, 0x4b, 0xc1, 0xe1, 0xf2, 0x29, 0x05, 0x09, 0x8b, 0x08, 0x01, 0x0b, 0x8b,
  0xe0, 0x03, 0x13, 0xaa, 0x29, 0x0d, 00, 0x91, 0x29, 0x01, 0x18, 0xca, 0x49, 0x01, 0x09, 0x8b,
  0x21, 0x71, 00, 0x91, 00, 0x01, 0x3f, 0xd6, 0xc8, 0x0e, 0x40, 0xf9, 0xc9, 0x2e, 0x40, 0xa9,
  0xaa, 0x0e, 0x40, 0xf9, 0xac, 0x20, 0x8e, 0xd2, 0x1f, 0x20, 0x03, 0xd5, 0xb4, 0x80, 0x0d, 0x10,
  0xe8, 0x03, 0x08, 0xcb, 0x0c, 0xe8, 0xa5, 0xf2, 0x08, 0x01, 0x18, 0xca, 0xe9, 0x07, 0x09, 0xcb,
  0xec, 0x75, 0xdb, 0xf2, 0x08, 0x09, 0x08, 0x8b, 0xac, 0x82, 0xe3, 0xf2, 0xe0, 0x03, 0x14, 0xaa,
  0x29, 0x01, 0x19, 0xca, 0x08, 0x15, 00, 0x91, 0x29, 0x09, 00, 0x91, 0x08, 0x01, 0x18, 0xca,
  0x29, 0x01, 0x18, 0xca, 0x48, 0x01, 0x08, 0x8b, 0xea, 0x03, 0x0b, 0xcb, 0x08, 0x11, 0x41, 0xf8,
  0xab, 0x36, 0x40, 0xa9, 0x4a, 0x01, 0x18, 0xca, 0xe8, 0x07, 0x08, 0xcb, 0x4a, 0x05, 0x0a, 0x8b,
  0x69, 0x01, 0x09, 0x8b, 0x08, 0x01, 0x0c, 0xca, 0x29, 0x09, 0x40, 0xf9, 0x4a, 0x0d, 00, 0x91,
  0x08, 0x09, 00, 0x91, 0x4a, 0x01, 0x18, 0xca, 0x08, 0x01, 0x17, 0xca, 0x28, 0x01, 0x08, 0x8b,
  0xa9, 0x01, 0x0a, 0x8b, 0x21, 0x55, 0x01, 0x91, 00, 0x01, 0x3f, 0xd6, 0xc8, 0x0e, 0x40, 0xf9,
  0xc9, 0x02, 0x40, 0xf9, 0x2b, 0x41, 0x9c, 0xd2, 0xaa, 0x0e, 0x40, 0xf9, 0x0b, 0xd0, 0xab, 0xf2,
  0xc0, 00, 0x80, 0x52, 0xe8, 0x03, 0x08, 0xcb, 0xe9, 0x07, 0x09, 0xcb, 0xcb, 0xeb, 0xd6, 0xf2,
  0x08, 0x01, 0x18, 0xca, 0x6b, 0x05, 0xe7, 0xf2, 0xe1, 0x03, 0x13, 0xaa, 0x08, 0x09, 0x08, 0x8b,
  0x29, 0x01, 0x19, 0xca, 0xe2, 0x03, 0x14, 0xaa, 0x29, 0x09, 00, 0x91, 0x43, 0x01, 0x80, 0x52,
  0x08, 0x15, 00, 0x91, 0x29, 0x01, 0x18, 0xca, 0x08, 0x01, 0x18, 0xca, 0x48, 0x01, 0x08, 0x8b,
  0xaa, 0x02, 0x40, 0xf9, 0x08, 0x11, 0x42, 0xf8, 0x49, 0x01, 0x09, 0x8b, 0xe8, 0x0b, 0x08, 0xcb,
  0x29, 0x11, 0x40, 0xf9, 0x08, 0x01, 0x0b, 0xca, 0x08, 0x11, 00, 0x91, 0x08, 0x01, 0x17, 0xca,
  0x28, 0x01, 0x08, 0x8b, 00, 0x01, 0x3f, 0xd6, 0x53, 0x01, 00, 0x14, 0x69, 00, 00, 0xb0,
  0x6a, 00, 00, 0xb0, 0x08, 0x05, 0x40, 0xf9, 0x29, 0x9d, 0x40, 0xf9, 0x4a, 0x85, 0x40, 0xf9,
  0xe0, 0x03, 0x13, 0xaa, 0xe2, 0x03, 0x14, 0xaa, 0xe9, 0x03, 0x09, 0xcb, 0x29, 0x01, 0x18, 0xca,
  0x29, 0x09, 0x09, 0x8b, 0x29, 0x15, 00, 0x91, 0x29, 0x01, 0x18, 0xca, 0x49, 0x01, 0x09, 0x8b,
  0x29, 0x91, 0x40, 0xf8, 0xe9, 0x03, 0x09, 0xcb, 0x29, 0x01, 0x17, 0xca, 0x29, 0x05, 00, 0x91,
  0x29, 0x01, 0x17, 0xca, 0x08, 0x01, 0x09, 0x8b, 0x08, 0x05, 00, 0x91, 00, 0x01, 0x3f, 0xd6,
  0x7a, 00, 00, 0xb0, 0x5a, 0x83, 0x04, 0x91, 0x7b, 00, 00, 0xb0, 0x7b, 0xc3, 0x03, 0x91,
  0x48, 0x0f, 0x40, 0xf9, 0x4a, 0x03, 0x40, 0xf9, 0x69, 0x0f, 0x40, 0xf9, 0x6b, 0x02, 0x82, 0x52,
  0x60, 0xce, 0x74, 0x92, 0xe8, 0x03, 0x08, 0xcb, 0x6b, 0x02, 0x0b, 0x8b, 0xe2, 00, 0x80, 0x52,
  0x08, 0x01, 0x18, 0xca, 0x08, 0x09, 0x08, 0x8b, 0x08, 0x15, 00, 0x91, 0x08, 0x01, 0x18, 0xca,
  0x28, 0x01, 0x08, 0x8b, 0xe9, 0x07, 0x0a, 0xcb, 0x6a, 0x03, 0x40, 0xf9, 0x08, 0x91, 0x42, 0xf8,
  0x29, 0x01, 0x19, 0xca, 0xe8, 0x03, 0x08, 0xcb, 0x29, 0x09, 00, 0x91, 0x08, 0x01, 0x17, 0xca,
  0x29, 0x01, 0x18, 0xca, 0x08, 0x09, 0x08, 0x8b, 0x49, 0x01, 0x09, 0x8b, 0x6a, 0xfe, 0x3f, 0x91,
  0x29, 0x15, 0x40, 0xf9, 0x6a, 0x01, 0x0a, 0xca, 0x0b, 00, 0x82, 0x52, 0x08, 0x15, 00, 0x91,
  0x5f, 0x05, 0x40, 0xf1, 0x0a, 00, 0x84, 0x52, 0x08, 0x01, 0x17, 0xca, 0x61, 0x31, 0x8a, 0x9a,
  0x28, 0x01, 0x08, 0x8b, 0x08, 0x05, 00, 0x91, 00, 0x01, 0x3f, 0xd6, 0xe0, 0x23, 00, 0x34,
  0x48, 0x0f, 0x40, 0xf9, 0x69, 0x0f, 0x40, 0xf9, 0xca, 00, 0x80, 0x52, 0xeb, 00, 0x80, 0xd2,
  0xe8, 0x03, 0x08, 0xcb, 0x08, 0x01, 0x18, 0xca, 0x08, 0x09, 0x08, 0x8b, 0x08, 0x15, 00, 0x91,
  0x08, 0x01, 0x18, 0xca, 0x28, 0x01, 0x08, 0x8b, 0x49, 0x03, 0x40, 0xf9, 0x08, 0x11, 0x43, 0xf8,
  0xe9, 0x07, 0x09, 0xcb, 0xe8, 0x03, 0x08, 0xcb, 0x08, 0x01, 0x17, 0xca, 0x29, 0x01, 0x19, 0xca,
  0x08, 0x2d, 0x0a, 0x9b, 0x6a, 0x03, 0x40, 0xf9, 0x29, 0x09, 00, 0x91, 0x29, 0x01, 0x18, 0xca,
  0x54, 0x01, 0x09, 0x8b, 0x89, 0x1a, 0x40, 0xf9, 0x08, 0x01, 0x17, 0xca, 0x28, 0x01, 0x08, 0x8b,
  00, 0x01, 0x3f, 0xd6, 0x48, 0x07, 0x40, 0xf9, 0x6b, 0x10, 0x87, 0xd2, 0x6a, 0x07, 0x40, 0xf9,
  0x0b, 0xf4, 0xb2, 0xf2, 0x89, 0x02, 0x40, 0xf9, 0x1f, 0x20, 0x03, 0xd5, 0xb5, 0x6c, 0x0d, 0x10,
  0xe8, 0x03, 0x08, 0xcb, 0xeb, 0xba, 0xdd, 0xf2, 0x08, 0x01, 0x18, 0xca, 0x4b, 0xc1, 0xe1, 0xf2,
  0x14, 00, 0x40, 0xb9, 0x08, 0x05, 0x08, 0x8b, 0x29, 0x01, 0x0b, 0x8b, 0xe0, 0x03, 0x15, 0xaa,
  0x08, 0x0d, 00, 0x91, 0x08, 0x01, 0x18, 0xca, 0x48, 0x01, 0x08, 0x8b, 0x01, 0x71, 00, 0x91,
  0x20, 0x01, 0x3f, 0xd6, 0x48, 0x0f, 0x40, 0xf9, 0x69, 0x0f, 0x40, 0xf9, 0x1f, 0x20, 0x03, 0xd5,
  0x16, 0x6d, 0x0d, 0x10, 0x4a, 0x2f, 0x40, 0xa9, 0xe8, 0x03, 0x08, 0xcb, 0xe0, 0x03, 0x16, 0xaa,
  0x08, 0x01, 0x18, 0xca, 0x08, 0x09, 0x08, 0x8b, 0xea, 0x07, 0x0a, 0xcb, 0x08, 0x15, 00, 0x91,
  0x08, 0x01, 0x18, 0xca, 0x28, 0x01, 0x08, 0x8b, 0x49, 0x01, 0x19, 0xca, 0xea, 0x03, 0x0b, 0xcb,
  0x08, 0x91, 0x41, 0xf8, 0x6b, 0x33, 0x40, 0xa9, 0x29, 0x09, 00, 0x91, 0x4a, 0x01, 0x18, 0xca,
  0xe8, 0x03, 0x08, 0xcb, 0x29, 0x01, 0x18, 0xca, 0x4a, 0x05, 0x0a, 0x8b, 0x08, 0x01, 0x17, 0xca,
  0x69, 0x01, 0x09, 0x8b, 0x08, 0x05, 0x08, 0x8b, 0x29, 0x0d, 0x40, 0xf9, 0x4a, 0x0d, 00, 0x91,
  0x08, 0x0d, 00, 0x91, 0x08, 0x01, 0x17, 0xca, 0x28, 0x01, 0x08, 0x8b, 0x49, 0x01, 0x18, 0xca,
  0x89, 0x01, 0x09, 0x8b, 0x08, 0x05, 00, 0x91, 0x21, 0xf5, 0x02, 0x91, 00, 0x01, 0x3f, 0xd6,
  0x48, 0x0f, 0x40, 0xf9, 0x49, 0x03, 0x40, 0xf9, 0x2b, 0x41, 0x9c, 0xd2, 0x6a, 0x0f, 0x40, 0xf9,
  0x0b, 0xd0, 0xab, 0xf2, 0xc0, 00, 0x80, 0x52, 0xe8, 0x03, 0x08, 0xcb, 0xe9, 0x07, 0x09, 0xcb,
  0xcb, 0xeb, 0xd6, 0xf2, 0x08, 0x01, 0x18, 0xca, 0x6b, 0x05, 0xe7, 0xf2, 0xe1, 0x03, 0x15, 0xaa,
  0x08, 0x09, 0x08, 0x8b, 0x29, 0x01, 0x19, 0xca, 0xe2, 0x03, 0x16, 0xaa, 0x29, 0x09, 00, 0x91,
  0xe3, 0x03, 0x14, 0x2a, 0xe4, 0x03, 0x13, 0xaa, 0x08, 0x15, 00, 0x91, 0x29, 0x01, 0x18, 0xca,
  0x85, 0x02, 0x80, 0x52, 0xa4, 00, 00, 0x14, 0x69, 00, 00, 0xb0, 0x6a, 00, 00, 0xb0,
  0x08, 0x05, 0x40, 0xf9, 0x29, 0x9d, 0x40, 0xf9, 0x4a, 0x85, 0x40, 0xf9, 0xe0, 0x03, 0x13, 0xaa,
  0x21, 00, 0x80, 0x52, 0xe2, 0x03, 0x14, 0xaa, 0xe9, 0x03, 0x09, 0xcb, 0x29, 0x01, 0x18, 0xca,
  0x29, 0x09, 0x09, 0x8b, 0x29, 0x15, 00, 0x91, 0x29, 0x01, 0x18, 0xca, 0x49, 0x01, 0x09, 0x8b,
  0x29, 0x91, 0x40, 0xf8, 0xe9, 0x03, 0x09, 0xcb, 0x29, 0x01, 0x17, 0xca, 0x29, 0x05, 00, 0x91,
  0x29, 0x01, 0x17, 0xca, 0x08, 0x01, 0x09, 0x8b, 0x08, 0x05, 00, 0x91, 00, 0x01, 0x3f, 0xd6,
  0x7a, 00, 00, 0xb0, 0x5a, 0x83, 0x04, 0x91, 0x7b, 00, 00, 0xb0, 0x7b, 0xc3, 0x03, 0x91,
  0x48, 0x0f, 0x40, 0xf9, 0x4a, 0x03, 0x40, 0xf9, 0x69, 0x0f, 0x40, 0xf9, 0x6b, 00, 0x82, 0x52,
  0x60, 0xce, 0x74, 0x92, 0xe8, 0x03, 0x08, 0xcb, 0x6b, 0x02, 0x0b, 0x8b, 0xe2, 00, 0x80, 0x52,
  0x08, 0x01, 0x18, 0xca, 0x08, 0x09, 0x08, 0x8b, 0x08, 0x15, 00, 0x91, 0x08, 0x01, 0x18, 0xca,
  0x28, 0x01, 0x08, 0x8b, 0xe9, 0x07, 0x0a, 0xcb, 0x6a, 0x03, 0x40, 0xf9, 0x08, 0x91, 0x42, 0xf8,
  0x29, 0x01, 0x19, 0xca, 0xe8, 0x03, 0x08, 0xcb, 0x29, 0x09, 00, 0x91, 0x08, 0x01, 0x17, 0xca,
  0x29, 0x01, 0x18, 0xca, 0x08, 0x09, 0x08, 0x8b, 0x49, 0x01, 0x09, 0x8b, 0x6a, 0xfe, 0x3f, 0x91,
  0x29, 0x15, 0x40, 0xf9, 0x6a, 0x01, 0x0a, 0xca, 0x0b, 00, 0x82, 0x52, 0x08, 0x15, 00, 0x91,
  0x5f, 0x05, 0x40, 0xf1, 0x0a, 00, 0x84, 0x52, 0x08, 0x01, 0x17, 0xca, 0x61, 0x31, 0x8a, 0x9a,
  0x28, 0x01, 0x08, 0x8b, 0x08, 0x05, 00, 0x91, 00, 0x01, 0x3f, 0xd6, 0x20, 0x11, 00, 0x34,
  0x48, 0x0f, 0x40, 0xf9, 0x69, 0x0f, 0x40, 0xf9, 0xca, 00, 0x80, 0x52, 0xeb, 00, 0x80, 0xd2,
  0xe8, 0x03, 0x08, 0xcb, 0x08, 0x01, 0x18, 0xca, 0x08, 0x09, 0x08, 0x8b, 0x08, 0x15, 00, 0x91,
  0x08, 0x01, 0x18, 0xca, 0x28, 0x01, 0x08, 0x8b, 0x49, 0x03, 0x40, 0xf9, 0x08, 0x11, 0x43, 0xf8,
  0xe9, 0x07, 0x09, 0xcb, 0xe8, 0x03, 0x08, 0xcb, 0x08, 0x01, 0x17, 0xca, 0x29, 0x01, 0x19, 0xca,
  0x08, 0x2d, 0x0a, 0x9b, 0x6a, 0x03, 0x40, 0xf9, 0x29, 0x09, 00, 0x91, 0x29, 0x01, 0x18, 0xca,
  0x54, 0x01, 0x09, 0x8b, 0x89, 0x1a, 0x40, 0xf9, 0x08, 0x01, 0x17, 0xca, 0x28, 0x01, 0x08, 0x8b,
  00, 0x01, 0x3f, 0xd6, 0x48, 0x07, 0x40, 0xf9, 0x6b, 0x10, 0x87, 0xd2, 0x6a, 0x07, 0x40, 0xf9,
  0x0b, 0xf4, 0xb2, 0xf2, 0x89, 0x02, 0x40, 0xf9, 0x1f, 0x20, 0x03, 0xd5, 0x35, 0x58, 0x0d, 0x10,
  0xe8, 0x03, 0x08, 0xcb, 0xeb, 0xba, 0xdd, 0xf2, 0x08, 0x01, 0x18, 0xca, 0x4b, 0xc1, 0xe1, 0xf2,
  0x14, 00, 0x40, 0xb9, 0x08, 0x05, 0x08, 0x8b, 0x29, 0x01, 0x0b, 0x8b, 0xe0, 0x03, 0x15, 0xaa,
  0x08, 0x0d, 00, 0x91, 0x08, 0x01, 0x18, 0xca, 0x48, 0x01, 0x08, 0x8b, 0x01, 0x71, 00, 0x91,
  0x20, 0x01, 0x3f, 0xd6, 0x48, 0x0f, 0x40, 0xf9, 0x69, 0x0f, 0x40, 0xf9, 0x1f, 0x20, 0x03, 0xd5,
  0x96, 0x58, 0x0d, 0x10, 0x4a, 0x2f, 0x40, 0xa9, 0xe8, 0x03, 0x08, 0xcb, 0xe0, 0x03, 0x16, 0xaa,
  0x08, 0x01, 0x18, 0xca, 0x08, 0x09, 0x08, 0x8b, 0xea, 0x07, 0x0a, 0xcb, 0x08, 0x15, 00, 0x91,
  0x08, 0x01, 0x18, 0xca, 0x28, 0x01, 0x08, 0x8b, 0x49, 0x01, 0x19, 0xca, 0xea, 0x03, 0x0b, 0xcb,
  0x08, 0x91, 0x41, 0xf8, 0x6b, 0x33, 0x40, 0xa9, 0x29, 0x09, 00, 0x91, 0x4a, 0x01, 0x18, 0xca,
  0xe8, 0x03, 0x08, 0xcb, 0x29, 0x01, 0x18, 0xca, 0x4a, 0x05, 0x0a, 0x8b, 0x08, 0x01, 0x17, 0xca,
  0x69, 0x01, 0x09, 0x8b, 0x08, 0x05, 0x08, 0x8b, 0x29, 0x0d, 0x40, 0xf9, 0x4a, 0x0d, 00, 0x91,
  0x08, 0x0d, 00, 0x91, 0x08, 0x01, 0x17, 0xca, 0x28, 0x01, 0x08, 0x8b, 0x49, 0x01, 0x18, 0xca,
  0x89, 0x01, 0x09, 0x8b, 0x08, 0x05, 00, 0x91, 0x21, 0xf5, 0x02, 0x91, 00, 0x01, 0x3f, 0xd6,
  0x48, 0x0f, 0x40, 0xf9, 0x49, 0x03, 0x40, 0xf9, 0x2b, 0x41, 0x9c, 0xd2, 0x6a, 0x0f, 0x40, 0xf9,
  0x0b, 0xd0, 0xab, 0xf2, 0xc0, 00, 0x80, 0x52, 0xe8, 0x03, 0x08, 0xcb, 0xe9, 0x07, 0x09, 0xcb,
  0xcb, 0xeb, 0xd6, 0xf2, 0x08, 0x01, 0x18, 0xca, 0x6b, 0x05, 0xe7, 0xf2, 0xe1, 0x03, 0x15, 0xaa,
  0x08, 0x09, 0x08, 0x8b, 0x29, 0x01, 0x19, 0xca, 0xe2, 0x03, 0x16, 0xaa, 0x29, 0x09, 00, 0x91,
  0xe3, 0x03, 0x14, 0x2a, 0xe4, 0x03, 0x13, 0xaa, 0x08, 0x15, 00, 0x91, 0x29, 0x01, 0x18, 0xca,
  0x85, 00, 0x80, 0x52, 0x08, 0x01, 0x18, 0xca, 0x48, 0x01, 0x08, 0x8b, 0x6a, 0x03, 0x40, 0xf9,
  0x08, 0x11, 0x42, 0xf8, 0x49, 0x01, 0x09, 0x8b, 0xe8, 0x0b, 0x08, 0xcb, 0x29, 0x11, 0x40, 0xf9,
  0x08, 0x01, 0x0b, 0xca, 0x08, 0x11, 00, 0x91, 0x08, 0x01, 0x17, 0xca, 0x28, 0x01, 0x08, 0x8b,
  00, 0x01, 0x3f, 0xd6, 0xf4, 0x03, 0x1f, 0xaa, 0xe0, 0x03, 0x14, 0xaa, 0xf4, 0x4f, 0x45, 0xa9,
  0xf6, 0x57, 0x44, 0xa9, 0xf8, 0x5f, 0x43, 0xa9, 0xfa, 0x67, 0x42, 0xa9, 0xfc, 0x6f, 0x41, 0xa9,
  0xfd, 0x7b, 0xc6, 0xa8, 0xc0, 0x03, 0x5f, 0xd6, 0xe8, 0x03, 0x13, 0xaa, 0xbc, 00, 00, 0xb4,
  0xe9, 0x03, 0x84, 0x52, 0xe8, 0x03, 0x13, 0xaa, 0x69, 0xa0, 0xba, 0x72, 0x09, 0x45, 00, 0xb8,
  0xe9, 0xff, 0xff, 0xb0, 0x61, 0x52, 00, 0x91, 0xe0, 0x03, 0x13, 0xaa, 0x20, 0xe9, 0x44, 0xfd,
  0x15, 0x05, 00, 0xf9, 00, 0x01, 00, 0xfd, 0x25, 0x0a, 00, 0x94, 0xeb, 0xff, 0xff, 0x17,
  0xf5, 0x03, 0x13, 0xaa, 0x01, 0x80, 0xa2, 0x52, 0xe2, 0x03, 0x13, 0xaa, 0xa0, 0x46, 0x40, 0xb8,
  0xc1, 0x6e, 0x02, 0x33, 0x43, 0x0a, 00, 0x94, 0xe0, 0x03, 0x13, 0xaa, 0xe1, 0x03, 0x15, 0xaa,
  0x1b, 0x0a, 00, 0x94, 0xe1, 0xff, 0xff, 0x17, 0xfd, 0x7b, 0xba, 0xa9, 0xfc, 0x6f, 0x01, 0xa9,
  0xfa, 0x67, 0x02, 0xa9, 0xf8, 0x5f, 0x03, 0xa9, 0xf6, 0x57, 0x04, 0xa9, 0xf4, 0x4f, 0x05, 0xa9,
  0xfd, 0x03, 00, 0x91, 0xff, 0x03, 0x0e, 0xd1, 0x76, 00, 00, 0xb0, 0x17, 0x95, 0x97, 0xd2,
  0x1f, 0x20, 0x03, 0xd5, 0x78, 0x12, 0x06, 0x10, 0xc8, 0xae, 0x40, 0xf9, 0x97, 0x58, 0xb5, 0xf2,
  0x77, 0x7d, 0xd1, 0xf2, 0x09, 0xc8, 0x21, 0x8b, 0xb7, 0xdf, 0xed, 0xf2, 0xe8, 0x03, 0x08, 0xcb,
  0xa2, 0x83, 0x3e, 0xa9, 0x08, 0x01, 0x17, 0xca, 0xe0, 0x27, 0x01, 0xa9, 0x2b, 0x97, 0x97, 0xd2,
  0x08, 0x05, 00, 0x91, 0x8b, 0x58, 0xb5, 0xf2, 0xb9, 0xbc, 0x80, 0xd2, 0x08, 0x01, 0x17, 0xca,
  0x09, 0x2b, 0x40, 0xa9, 0x6b, 0x7d, 0xd1, 0xf2, 0x48, 0x01, 0x08, 0x8b, 0x4a, 0x79, 0x81, 0xd2,
  0x99, 0x02, 0xb0, 0xf2, 0x08, 0x11, 0x41, 0xf8, 0x0a, 0x05, 0xa0, 0xf2, 0xab, 0xdf, 0xed, 0xf2,
  0xea, 0xaa, 0xc7, 0xf2, 0x79, 0xd5, 0xc3, 0xf2, 0x29, 0x69, 0x6b, 0xf8, 0xe8, 0x07, 0x08, 0xcb,
  0x4a, 0xd6, 0xf1, 0xf2, 0x39, 0xeb, 0xf8, 0xf2, 0xf3, 0x03, 0x02, 0xaa, 0xf5, 0x03, 0x01, 0x2a,
  0xf4, 0x03, 00, 0xaa, 0x08, 0x01, 0x0a, 0xca, 0x01, 0x69, 0x80, 0x52, 0xe2, 0x03, 0x1f, 0x2a,
  0x08, 0x09, 00, 0x91, 0x03, 0x69, 0x80, 0x52, 0x08, 0x01, 0x19, 0xca, 0x28, 0x01, 0x08, 0x8b,
  0xe9, 0x43, 00, 0x91, 0x08, 0x05, 00, 0x91, 0x20, 0x41, 00, 0x91, 00, 0x01, 0x3f, 0xd6,
  0xbf, 0x06, 00, 0x71, 0xab, 0x13, 00, 0x54, 0xb4, 0x06, 00, 0x11, 0x35, 0x9a, 0x97, 0xd2,
  0x3a, 0x98, 0x97, 0xd2, 0x3b, 0x99, 0x97, 0xd2, 0x9c, 0xf2, 0x82, 0xd2, 0x95, 0x58, 0xb5, 0xf2,
  0x9a, 0x58, 0xb5, 0xf2, 0x9b, 0x58, 0xb5, 0xf2, 0x1c, 0x0a, 0xa0, 0xf2, 0x75, 0x7d, 0xd1, 0xf2,
  0x7a, 0x7d, 0xd1, 0xf2, 0x7b, 0x7d, 0xd1, 0xf2, 0xdc, 0x55, 0xcf, 0xf2, 0xb5, 0xdf, 0xed, 0xf2,
  0xba, 0xdf, 0xed, 0xf2, 0xbb, 0xdf, 0xed, 0xf2, 0x9c, 0xac, 0xe3, 0xf2, 0xc8, 00, 0x80, 0xd2,
  0xe8, 0x07, 00, 0xf9, 0x04, 00, 00, 0x14, 0x94, 0x06, 00, 0x51, 0x9f, 0x06, 00, 0x71,
  0x89, 0x10, 00, 0x54, 0xc8, 0xae, 0x40, 0xf9, 0x09, 0x2b, 0x40, 0xa9, 0xa0, 0x43, 00, 0xd1,
  0xa1, 0x63, 00, 0xd1, 0xe2, 0x43, 00, 0x91, 0xe8, 0x03, 0x08, 0xcb, 0x08, 0x01, 0x17, 0xca,
  0x29, 0x69, 0x75, 0xf8, 0x08, 0x05, 00, 0x91, 0x08, 0x01, 0x17, 0xca, 0x48, 0x01, 0x08, 0x8b,
  0x08, 0x91, 0x42, 0xf8, 0xe8, 0x03, 0x08, 0xcb, 0x08, 0x01, 0x19, 0xca, 0x08, 0x09, 0x08, 0x8b,
  0x08, 0x15, 00, 0x91, 0x08, 0x01, 0x19, 0xca, 0x28, 0x01, 0x08, 0x8b, 0x08, 0x05, 00, 0x91,
  00, 0x01, 0x3f, 0xd6, 0x20, 0xfd, 0x07, 0x37, 0xc8, 0xae, 0x40, 0xf9, 0x09, 0x2b, 0x40, 0xa9,
  0xa0, 0x43, 00, 0xd1, 0xa1, 0x63, 00, 0xd1, 0xe2, 0x43, 00, 0x91, 0xe8, 0x03, 0x08, 0xcb,
  0x08, 0x01, 0x17, 0xca, 0x29, 0x69, 0x7a, 0xf8, 0x08, 0x05, 00, 0x91, 0x08, 0x01, 0x17, 0xca,
  0x48, 0x01, 0x08, 0x8b, 0x08, 0x91, 0x41, 0xf8, 0xe8, 0x03, 0x08, 0xcb, 0x08, 0x01, 0x19, 0xca,
  0x08, 0x05, 0x08, 0x8b, 0x08, 0x0d, 00, 0x91, 0x08, 0x01, 0x19, 0xca, 0x28, 0x01, 0x08, 0x8b,
  0x08, 0x05, 00, 0x91, 00, 0x01, 0x3f, 0xd6, 0x80, 0xfa, 0x07, 0x37, 0xc8, 0xae, 0x40, 0xf9,
  0x09, 0x2b, 0x40, 0xa9, 0xa0, 0x43, 00, 0xd1, 0xa1, 0x63, 00, 0xd1, 0xe2, 0x43, 00, 0x91,
  0xe8, 0x03, 0x08, 0xcb, 0x08, 0x01, 0x17, 0xca, 0x29, 0x69, 0x7b, 0xf8, 0x08, 0x05, 00, 0x91,
  0x08, 0x01, 0x17, 0xca, 0x48, 0x01, 0x08, 0x8b, 0x08, 0x11, 0x42, 0xf8, 0xe8, 0x0b, 0x08, 0xcb,
  0x08, 0x01, 0x1c, 0xca, 0x08, 0x11, 00, 0x91, 0x08, 0x01, 0x19, 0xca, 0x28, 0x01, 0x08, 0x8b,
  0x08, 0x05, 00, 0x91, 00, 0x01, 0x3f, 0xd6, 00, 0xf8, 0x07, 0x37, 0xc8, 0xae, 0x40, 0xf9,
  0x09, 0x2b, 0x40, 0xa9, 0xa0, 0x43, 00, 0xd1, 0xa1, 0x63, 00, 0xd1, 0xe2, 0x43, 00, 0x91,
  0xe8, 0x03, 0x08, 0xcb, 0x08, 0x01, 0x17, 0xca, 0x08, 0x05, 00, 0x91, 0x08, 0x01, 0x17, 0xca,
  0x48, 0x01, 0x08, 0x8b, 0x2a, 0x96, 0x97, 0xd2, 0x08, 0x91, 0x40, 0xf8, 0x8a, 0x58, 0xb5, 0xf2,
  0x6a, 0x7d, 0xd1, 0xf2, 0xe8, 0x03, 0x08, 0xcb, 0xaa, 0xdf, 0xed, 0xf2, 0x08, 0x01, 0x19, 0xca,
  0x29, 0x69, 0x6a, 0xf8, 0x08, 0x05, 00, 0x91, 0x08, 0x01, 0x19, 0xca, 0x28, 0x01, 0x08, 0x8b,
  0x08, 0x05, 00, 0x91, 00, 0x01, 0x3f, 0xd6, 00, 0xf5, 0x07, 0x37, 0x29, 0x95, 0x97, 0xd2,
  0x08, 0x03, 0x40, 0xf9, 0xe0, 0x43, 00, 0x91, 0x89, 0x58, 0xb5, 0xf2, 0xa2, 0x87, 0x7e, 0xa9,
  0x69, 0x7d, 0xd1, 0xf2, 0xa9, 0xdf, 0xed, 0xf2, 0x08, 0x69, 0x69, 0xf8, 0xc9, 0xbc, 0x80, 0xd2,
  0x89, 0x02, 0xb0, 0xf2, 0x69, 0xd5, 0xc3, 0xf2, 0x29, 0xeb, 0xf8, 0xf2, 0x08, 0x01, 0x09, 0x8b,
  00, 0x01, 0x3f, 0xd6, 0xc8, 0xae, 0x40, 0xf9, 0x09, 0x07, 0x40, 0xf9, 0xe1, 0x03, 00, 0xaa,
  0xea, 0x07, 0x40, 0xf9, 0xe0, 0x43, 00, 0x91, 0xe8, 0x03, 0x08, 0xcb, 0x08, 0x01, 0x17, 0xca,
  0x08, 0x05, 00, 0x91, 0x08, 0x01, 0x17, 0xca, 0x28, 0x01, 0x08, 0x8b, 0xc9, 00, 0x80, 0x52,
  0x08, 0x11, 0x43, 0xf8, 0xe8, 0x03, 0x08, 0xcb, 0x08, 0x01, 0x19, 0xca, 0x08, 0x29, 0x09, 0x9b,
  0x2a, 0x9b, 0x97, 0xd2, 0x09, 0x03, 0x40, 0xf9, 0x8a, 0x58, 0xb5, 0xf2, 0x6a, 0x7d, 0xd1, 0xf2,
  0xaa, 0xdf, 0xed, 0xf2, 0x29, 0x69, 0x6a, 0xf8, 0x08, 0x01, 0x19, 0xca, 0x28, 0x01, 0x08, 0x8b,
  0x08, 0x05, 00, 0x91, 00, 0x01, 0x3f, 0xd6, 0xa9, 0xa3, 0x7e, 0xa9, 0x0a, 0x45, 0x40, 0xb8,
  0xa8, 0x03, 0x1f, 0xf8, 0x2a, 0x45, 00, 0xb8, 0xa9, 0x83, 0x1e, 0xf8, 0x7b, 0xff, 0xff, 0x17,
  0xa1, 0xd3, 0x7e, 0xa9, 0x02, 00, 00, 0x14, 0xe1, 0x03, 0x13, 0xaa, 0x88, 0x02, 0x01, 0xcb,
  0x0a, 0xc0, 0xbf, 0x12, 0x09, 0xfd, 0x42, 0x93, 0x3f, 0x01, 00, 0xf1, 0x29, 0x55, 0x89, 0xda,
  0x3f, 0x01, 0x0a, 0xeb, 0x83, 0x01, 00, 0x54, 0x28, 0x20, 00, 0x11, 0x1f, 0x09, 0x40, 0xf2,
  0x80, 00, 00, 0x54, 0xe8, 0x03, 0x84, 0x52, 0x68, 0xa0, 0xba, 0x72, 0x28, 0x44, 00, 0xb8,
  0xe8, 0xff, 0xff, 0x90, 0x34, 0x04, 00, 0xf9, 00, 0xe9, 0x44, 0xfd, 0x20, 0x04, 0x01, 0xfc,
  0x04, 00, 00, 0x14, 0x09, 0x80, 0xa2, 0x52, 0x09, 0x6d, 0x02, 0x33, 0x29, 0x44, 00, 0xb8,
  0xe0, 0x03, 0x13, 0xaa, 0xa1, 0x83, 0x1e, 0xf8, 0x2d, 0x09, 00, 0x94, 0xff, 0x03, 0x0e, 0x91,
  0xf4, 0x4f, 0x45, 0xa9, 0xf6, 0x57, 0x44, 0xa9, 0xf8, 0x5f, 0x43, 0xa9, 0xfa, 0x67, 0x42, 0xa9,
  0xfc, 0x6f, 0x41, 0xa9, 0xfd, 0x7b, 0xc6, 0xa8, 0xc0, 0x03, 0x5f, 0xd6, 0xfd, 0x7b, 0xbb, 0xa9,
  0xfa, 0x67, 0x01, 0xa9, 0xf8, 0x5f, 0x02, 0xa9, 0xf6, 0x57, 0x03, 0xa9, 0xf4, 0x4f, 0x04, 0xa9,
  0xfd, 0x03, 00, 0x91, 0xd8, 0x68, 0x94, 0xd2, 0x57, 0xdd, 0x9f, 0xd2, 0xf3, 0x03, 0x02, 0xaa,
  0x78, 0xf5, 0xb5, 0xf2, 0x97, 0x97, 0xaf, 0xf2, 0xf4, 0x03, 0x01, 0xaa, 0x98, 0x97, 0xda, 0xf2,
  0xb7, 0x79, 0xd4, 0xf2, 0xf5, 0x03, 00, 0xaa, 0xd8, 0x4e, 0xf8, 0xf2, 0x17, 0xea, 0xf5, 0xf2,
  0x1f, 0x20, 0x03, 0xd5, 0xf9, 0xf3, 0x05, 0x10, 0x7a, 00, 00, 0x90, 0x42, 0x04, 00, 0xb4,
  0xea, 0x6a, 0x94, 0xd2, 0x48, 0xbf, 0x40, 0xf9, 0x29, 0x03, 0x40, 0xf9, 0x6a, 0xf5, 0xb5, 0xf2,
  0xab, 0xba, 0x9f, 0xd2, 0x8a, 0x97, 0xda, 0xf2, 0xe8, 0x03, 0x08, 0xcb, 0x2b, 0x2f, 0xbf, 0xf2,
  0xca, 0x4e, 0xf8, 0xf2, 0x08, 0x01, 0x18, 0xca, 0x4b, 0xf3, 0xc8, 0xf2, 0x29, 0x69, 0x6a, 0xf8,
  0x2a, 0x07, 0x40, 0xf9, 0x08, 0x05, 00, 0x91, 0x08, 0x01, 0x18, 0xca, 0x2b, 0xd4, 0xeb, 0xf2,
  0xe9, 0x07, 0x09, 0xcb, 0x48, 0x01, 0x08, 0x8b, 0x08, 0x11, 0x41, 0xf8, 0x29, 0x01, 0x0b, 0xca,
  0x29, 0x09, 00, 0x91, 0x29, 0x01, 0x17, 0xca, 0x08, 0x01, 0x09, 0x8b, 00, 0x01, 0x3f, 0xd6,
  0xf6, 0x03, 00, 0xaa, 0x60, 0x02, 00, 0xf9, 00, 0x01, 00, 0xb5, 0xf4, 0x4f, 0x44, 0xa9,
  0xf6, 0x57, 0x43, 0xa9, 0xf8, 0x5f, 0x42, 0xa9, 0xfa, 0x67, 0x41, 0xa9, 0xfd, 0x7b, 0xc5, 0xa8,
  0xc0, 0x03, 0x5f, 0xd6, 0xf6, 0x03, 0x1f, 0xaa, 0x48, 0xbf, 0x40, 0xf9, 0xe9, 0x04, 0x82, 0x52,
  0x2a, 0x07, 0x40, 0xf9, 0xa9, 0x02, 0x09, 0x8b, 0xab, 0xfe, 0x3f, 0x91, 0xa0, 0xce, 0x74, 0x92,
  0xe8, 0x03, 0x08, 0xcb, 0x29, 0x01, 0x0b, 0xca, 0x6b, 0xdd, 0x9f, 0xd2, 0x08, 0x01, 0x18, 0xca,
  0x8b, 0x97, 0xaf, 0xf2, 0x3f, 0x05, 0x40, 0xf1, 0x08, 0x05, 00, 0x91, 0xab, 0x79, 0xd4, 0xf2,
  0x09, 00, 0x84, 0x52, 0x08, 0x01, 0x18, 0xca, 0x0b, 0xea, 0xf5, 0xf2, 0xe2, 00, 0x80, 0x52,
  0x48, 0x01, 0x08, 0x8b, 0x0a, 00, 0x82, 0x52, 0x08, 0x11, 0x40, 0xf8, 0x41, 0x31, 0x89, 0x9a,
  0x08, 0x01, 0x0b, 0x8b, 00, 0x01, 0x3f, 0xd6, 0xea, 0x69, 0x94, 0xd2, 0x48, 0xbf, 0x40, 0xf9,
  0x29, 0x03, 0x40, 0xf9, 0x6a, 0xf5, 0xb5, 0xf2, 0xe0, 0x03, 0x15, 0xaa, 0xe1, 0x03, 0x14, 0xaa,
  0x8a, 0x97, 0xda, 0xf2, 0xe8, 0x03, 0x08, 0xcb, 0xe2, 0x03, 0x16, 0xaa, 0xca, 0x4e, 0xf8, 0xf2,
  0x08, 0x01, 0x18, 0xca, 0x43, 0x06, 0x80, 0x52, 0x29, 0x69, 0x6a, 0xf8, 0x2a, 0x07, 0x40, 0xf9,
  0x08, 0x05, 00, 0x91, 0x08, 0x01, 0x18, 0xca, 0xe9, 0x03, 0x09, 0xcb, 0x48, 0x01, 0x08, 0x8b,
  0x29, 0x01, 0x17, 0xca, 0x08, 0x91, 0x40, 0xf8, 0x29, 0x05, 00, 0x91, 0x29, 0x01, 0x17, 0xca,
  0x08, 0x01, 0x09, 0x8b, 0x08, 0x05, 00, 0x91, 00, 0x01, 0x3f, 0xd6, 0x13, 0xf9, 0xff, 0xb4,
  0xe0, 0xf8, 0xff, 0xb5, 0x7f, 0x02, 00, 0xf9, 0xf4, 0x4f, 0x44, 0xa9, 0xf6, 0x57, 0x43, 0xa9,
  0xf8, 0x5f, 0x42, 0xa9, 0xfa, 0x67, 0x41, 0xa9, 0xfd, 0x7b, 0xc5, 0xa8, 0xc0, 0x03, 0x5f, 0xd6,
  0xfd, 0x7b, 0xbb, 0xa9, 0xf9, 0x0b, 00, 0xf9, 0xf8, 0x5f, 0x02, 0xa9, 0xf6, 0x57, 0x03, 0xa9,
  0xf4, 0x4f, 0x04, 0xa9, 0xfd, 0x03, 00, 0x91, 0x68, 00, 00, 0x90, 0xa9, 0x54, 0x9d, 0xd2,
  0x55, 0xaa, 0x8e, 0xd2, 0x08, 0xe9, 0x40, 0xf9, 0x09, 0xe8, 0xb8, 0xf2, 0x15, 0x74, 0xbc, 0xf2,
  0x29, 0x1c, 0xdf, 0xf2, 0x6a, 00, 00, 0x90, 0x15, 0x8e, 0xdf, 0xf2, 0xe8, 0x07, 0x08, 0xcb,
  0x29, 0x06, 0xe3, 0xf2, 0x15, 0x83, 0xe1, 0xf2, 0x20, 00, 0x80, 0x52, 0x08, 0x01, 0x09, 0xca,
  0x49, 0xc9, 0x40, 0xf9, 0x08, 0x09, 00, 0x91, 0x08, 0x01, 0x15, 0xca, 0x21, 0x01, 0x08, 0x8b,
  0x80, 0x0a, 00, 0x94, 0x08, 0x04, 00, 0x11, 0x1f, 0xfd, 0x03, 0x71, 0x68, 0x02, 00, 0x54,
  0x69, 00, 00, 0x90, 0x6a, 00, 00, 0x90, 0x0b, 0x19, 0x80, 0x52, 0x29, 0xe5, 0x40, 0xf9,
  0x4a, 0xc5, 0x40, 0xf9, 0xe9, 0x03, 0x09, 0xcb, 0x29, 0x01, 0x15, 0xca, 0x29, 0x05, 00, 0x91,
  0x29, 0x01, 0x15, 0xca, 0x49, 0x01, 0x09, 0x8b, 0x08, 0x25, 0xab, 0x9b, 00, 0x05, 00, 0x91,
  0xf4, 0x4f, 0x44, 0xa9, 0xf9, 0x0b, 0x40, 0xf9, 0xf6, 0x57, 0x43, 0xa9, 0xf8, 0x5f, 0x42, 0xa9,
  0xfd, 0x7b, 0xc5, 0xa8, 0xc0, 0x03, 0x5f, 0xd6, 0x76, 00, 00, 0x90, 0xd6, 0xa2, 0x07, 0x91,
  0x6b, 0xac, 0x8e, 0xd2, 0xc9, 0x22, 0x40, 0xa9, 0xd7, 00, 0x80, 0x52, 0x1f, 0x20, 0x03, 0xd5,
  0x99, 0xe2, 0x05, 0x10, 0x0b, 0x74, 0xbc, 0xf2, 0xf8, 00, 0x80, 0xd2, 0x2a, 0x03, 0x40, 0xf9,
  0x0b, 0x8e, 0xdf, 0xf2, 0xe8, 0x03, 0x08, 0xcb, 0x0b, 0x83, 0xe1, 0xf2, 0xcc, 0xa8, 0x8e, 0xd2,
  0x08, 0x01, 0x15, 0xca, 0x4a, 0x69, 0x6b, 0xf8, 0xe9, 0x03, 0x09, 0xcb, 0x08, 0x61, 0x17, 0x9b,
  0x2d, 0xaf, 0x42, 0xa9, 0x8c, 0x9e, 0xa4, 0xf2, 0xea, 0x07, 0x0a, 0xcb, 0x29, 0x01, 0x15, 0xca,
  0x6c, 0x83, 0xc4, 0xf2, 0x74, 0x54, 0x87, 0xd2, 0x29, 0x09, 0x09, 0x8b, 0x8c, 0xe1, 0xe2, 0xf2,
  0x54, 0x4f, 0xb2, 0xf2, 0x1f, 0x20, 0x03, 0xd5, 0xd3, 0x13, 0x0d, 0x10, 0x4a, 0x01, 0x0c, 0xca,
  0xb4, 0x41, 0xc2, 0xf2, 0x08, 0x01, 0x15, 0xca, 0x4a, 0x09, 00, 0x91, 0xd4, 0x70, 0xf1, 0xf2,
  0x68, 0x01, 0x08, 0x8b, 0x29, 0x15, 00, 0x91, 0x4a, 0x01, 0x14, 0xca, 0x08, 0x09, 0x40, 0xf9,
  0x29, 0x01, 0x15, 0xca, 0xe0, 0x03, 0x13, 0xaa, 0xa9, 0x01, 0x09, 0x8b, 0x08, 0x01, 0x0a, 0x8b,
  0x21, 0x71, 00, 0x91, 0x08, 0x05, 00, 0x91, 00, 0x01, 0x3f, 0xd6, 0xc9, 0x22, 0x40, 0xa9,
  0x6b, 0xab, 0x8e, 0xd2, 0x0b, 0x74, 0xbc, 0xf2, 0x2a, 0x03, 0x40, 0xf9, 0x0b, 0x8e, 0xdf, 0xf2,
  0xe8, 0x03, 0x08, 0xcb, 0x0b, 0x83, 0xe1, 0xf2, 0xe9, 0x03, 0x09, 0xcb, 0x08, 0x01, 0x15, 0xca,
  0x4a, 0x69, 0x6b, 0xf8, 0x29, 0x01, 0x15, 0xca, 0x08, 0x61, 0x17, 0x9b, 0x2c, 0xaf, 0x42, 0xa9,
  0xea, 0x03, 0x0a, 0xcb, 0x29, 0x09, 0x09, 0x8b, 0x4a, 0x01, 0x14, 0xca, 0x4a, 0x05, 00, 0x91,
  0x29, 0x15, 00, 0x91, 0x4a, 0x01, 0x14, 0xca, 0x29, 0x01, 0x15, 0xca, 0x1f, 0x20, 0x03, 0xd5,
  0x14, 0x15, 0x0d, 0x10, 0x08, 0x01, 0x15, 0xca, 0x89, 0x01, 0x09, 0x8b, 0x68, 0x01, 0x08, 0x8b,
  0x21, 0xf9, 0x05, 0x91, 0xe0, 0x03, 0x14, 0xaa, 0x08, 0x05, 0x40, 0xf9, 0x08, 0x01, 0x0a, 0x8b,
  0x08, 0x05, 00, 0x91, 00, 0x01, 0x3f, 0xd6, 0xc8, 0x06, 0x40, 0xf9, 0x29, 0x1b, 0x40, 0xf9,
  0xc0, 00, 0x80, 0x52, 0xe1, 0x03, 0x13, 0xaa, 0xe2, 0x03, 0x14, 0xaa, 0xe8, 0x03, 0x08, 0xcb,
  0x08, 0x01, 0x15, 0xca, 0x08, 0x61, 0x17, 0x9b, 0x08, 0x01, 0x15, 0xca, 0x28, 0x69, 0x68, 0xf8,
  0x89, 0x54, 0x87, 0xd2, 0x49, 0x4f, 0xb2, 0xf2, 0xa9, 0x41, 0xc2, 0xf2, 0xc9, 0x70, 0xf1, 0xf2,
  0x08, 0x01, 0x09, 0x8b, 00, 0x01, 0x3f, 0xd6, 0xe0, 0x03, 0x1f, 0xaa, 0xf4, 0x4f, 0x44, 0xa9,
  0xf9, 0x0b, 0x40, 0xf9, 0xf6, 0x57, 0x43, 0xa9, 0xf8, 0x5f, 0x42, 0xa9, 0xfd, 0x7b, 0xc5, 0xa8,
  0xc0, 0x03, 0x5f, 0xd6, 0x69, 00, 00, 0x90, 0x4a, 0x6c, 0x86, 0xd2, 0x6b, 00, 00, 0x90,
  0x29, 0x09, 0x41, 0xf9, 0x4a, 0xc3, 0xa3, 0xf2, 0x6b, 0x01, 0x41, 0xf9, 0x2a, 0xf4, 0xc1, 0xf2,
  0xe8, 0x03, 0x01, 0xaa, 0xe1, 0x03, 0x02, 0x2a, 0x6a, 0x79, 0xe7, 0xf2, 0xe9, 0x03, 0x09, 0xcb,
  0xe2, 0x03, 0x03, 0xaa, 0x29, 0x01, 0x0a, 0xca, 0xe3, 0x03, 0x08, 0xaa, 0x29, 0x05, 00, 0x91,
  0x29, 0x01, 0x0a, 0xca, 0x0a, 0x93, 0x81, 0xd2, 0x69, 0x01, 0x09, 0x8b, 0xaa, 0xf9, 0xb9, 0xf2,
  0x29, 0x11, 0x40, 0xf8, 0x4a, 0xbe, 0xcf, 0xf2, 0xca, 0xd4, 0xe6, 0xf2, 0x24, 0x01, 0x0a, 0x8b,
  0x80, 00, 0x1f, 0xd6, 0xff, 0x03, 0x02, 0xd1, 0xfd, 0x7b, 0x02, 0xa9, 0xfc, 0x6f, 0x03, 0xa9,
  0xfa, 0x67, 0x04, 0xa9, 0xf8, 0x5f, 0x05, 0xa9, 0xf6, 0x57, 0x06, 0xa9, 0xf4, 0x4f, 0x07, 0xa9,
  0xfd, 0x83, 00, 0x91, 0x15, 00, 0x40, 0xf9, 0x08, 0x80, 0xb2, 0x52, 0xb9, 0x02, 0x40, 0xb9,
  0x37, 0x17, 0x06, 0x12, 0xe9, 0x02, 0x01, 0x32, 0x3f, 0x01, 0x08, 0x6b, 0xa1, 0x12, 00, 0x54,
  0x76, 00, 00, 0x90, 0x3b, 0x9c, 0x9d, 0xd2, 0x4a, 0x9d, 0x9d, 0xd2, 0xc8, 0x1a, 0x41, 0xf9,
  0x1f, 0x20, 0x03, 0xd5, 0x3a, 0xd6, 0x05, 0x10, 0x9b, 0x9c, 0xb9, 0xf2, 0x8a, 0x9c, 0xb9, 0xf2,
  0x49, 0x03, 0x40, 0xf9, 0xbb, 0x53, 0xd8, 0xf2, 0xaa, 0x53, 0xd8, 0xf2, 0xe8, 0x03, 0x08, 0xcb,
  0xfb, 0x8f, 0xfb, 0xf2, 0xea, 0x8f, 0xfb, 0xf2, 0x7c, 0xf1, 0x93, 0xd2, 0x08, 0x01, 0x1b, 0xca,
  0x29, 0x69, 0x6a, 0xf8, 0x5c, 0x7c, 0xa0, 0xf2, 0x4a, 0x07, 0x40, 0xf9, 0x08, 0x05, 00, 0x91,
  0xbc, 0x05, 0xdc, 0xf2, 0x3c, 0x39, 0xfd, 0xf2, 0x08, 0x01, 0x1b, 0xca, 0xe9, 0x03, 0x09, 0xcb,
  0x48, 0x01, 0x08, 0x8b, 0x29, 0x01, 0x1c, 0xca, 0x38, 00, 0x40, 0xf9, 0x08, 0x91, 0x40, 0xf8,
  0x29, 0x05, 00, 0x91, 0xf3, 0x03, 0x02, 0xaa, 0x29, 0x01, 0x1c, 0xca, 0xf4, 0x03, 00, 0xaa,
  0xe1, 0x07, 00, 0xf9, 0x08, 0x01, 0x09, 0x8b, 0xe0, 0x03, 0x02, 0xaa, 0xe1, 0x03, 0x15, 0xaa,
  0x08, 0x05, 00, 0x91, 0xe2, 0x03, 0x18, 0xaa, 00, 0x01, 0x3f, 0xd6, 0x28, 0x67, 0x1e, 0x13,
  0x4a, 0xa1, 0x9d, 0xd2, 0xc9, 0x1a, 0x41, 0xf9, 0x8a, 0x9c, 0xb9, 0xf2, 0xe0, 0x0b, 00, 0xf9,
  0xe0, 0x03, 0x13, 0xaa, 0xb9, 0xc2, 0x28, 0x8b, 0x48, 0x03, 0x40, 0xf9, 0xaa, 0x53, 0xd8, 0xf2,
  0xea, 0x8f, 0xfb, 0xf2, 0xe9, 0x03, 0x09, 0xcb, 0xb9, 0x83, 0x1f, 0xf8, 0x29, 0x01, 0x1b, 0xca,
  0xe1, 0x03, 0x19, 0xaa, 0x08, 0x69, 0x6a, 0xf8, 0x4a, 0x07, 0x40, 0xf9, 0x29, 0x05, 00, 0x91,
  0x29, 0x01, 0x1b, 0xca, 0xe8, 0x03, 0x08, 0xcb, 0x49, 0x01, 0x09, 0x8b, 0x2a, 0x03, 0x18, 0xcb,
  0x08, 0x01, 0x1c, 0xca, 0x29, 0x91, 0x42, 0xf8, 0x56, 0xfd, 0x42, 0x93, 0x08, 0x09, 0x08, 0x8b,
  0x08, 0x15, 00, 0x91, 0x08, 0x01, 0x1c, 0xca, 0x28, 0x01, 0x08, 0x8b, 0x08, 0x05, 00, 0x91,
  00, 0x01, 0x3f, 0xd6, 0xdf, 0x02, 00, 0xf1, 0xc8, 0x56, 0x96, 0xda, 0xe0, 0x09, 00, 0x37,
  0x09, 0xc0, 0xbf, 0x12, 0x1f, 0x01, 0x09, 0xeb, 0x83, 0x09, 00, 0x54, 0x08, 0x80, 0xa2, 0x52,
  0x09, 0x23, 00, 0x11, 0xff, 0x02, 0x08, 0x6b, 0x28, 0x09, 0x40, 0x92, 0xa1, 0x10, 00, 0x54,
  0xec, 0x07, 0x40, 0xf9, 0x77, 00, 00, 0x90, 0x28, 0x04, 00, 0xb4, 0xe8, 0x03, 0x84, 0x52,
  0x4a, 0xa0, 0x9d, 0xd2, 0x8b, 0xc5, 0x8f, 0xd2, 0x68, 0xa0, 0xba, 0x72, 0x8a, 0x9c, 0xb9, 0xf2,
  0x4b, 0xf1, 0xa1, 0xf2, 0x08, 0x47, 00, 0xb8, 0xaa, 0x53, 0xd8, 0xf2, 0xe8, 0x1a, 0x41, 0xf9,
  0x49, 0x03, 0x40, 0xf9, 0xea, 0x8f, 0xfb, 0xf2, 0x8b, 0x16, 0xd0, 0xf2, 0xe1, 0x0b, 0x40, 0xf9,
  0xe0, 0x03, 0x13, 0xaa, 0xe8, 0x03, 0x08, 0xcb, 0x29, 0x69, 0x6a, 0xf8, 0x4a, 0x07, 0x40, 0xf9,
  0x08, 0x01, 0x1b, 0xca, 0xeb, 0xe4, 0xf4, 0xf2, 0xe2, 0x03, 0x18, 0xaa, 0x08, 0x05, 00, 0x91,
  0xe9, 0x0b, 0x09, 0xcb, 0x98, 0x01, 00, 0xf9, 0x08, 0x01, 0x1b, 0xca, 0x48, 0x01, 0x08, 0x8b,
  0x29, 0x01, 0x0b, 0xca, 0x08, 0x11, 0x42, 0xf8, 0x29, 0x11, 00, 0x91, 0x29, 0x01, 0x1c, 0xca,
  0x08, 0x01, 0x09, 0x8b, 0x08, 0x05, 00, 0x91, 00, 0x01, 0x3f, 0xd6, 0xe8, 0xff, 0xff, 0x90,
  0xf6, 0x03, 0x18, 0xaa, 0x4a, 0x9f, 0x9d, 0xd2, 00, 0xe9, 0x44, 0xfd, 0x8a, 0x9c, 0xb9, 0xf2,
  00, 0x23, 00, 0x91, 0xaa, 0x53, 0xd8, 0xf2, 0xa2, 0x23, 00, 0xd1, 0x01, 00, 0x80, 0x92,
  0xc0, 0x06, 0x01, 0xfc, 0xea, 0x8f, 0xfb, 0xf2, 0x48, 0x03, 0x40, 0xf9, 0xe9, 0x1a, 0x41, 0xf9,
  0x03, 0x01, 0x80, 0x52, 0x08, 0x69, 0x6a, 0xf8, 0xe9, 0x03, 0x09, 0xcb, 0x4a, 0x07, 0x40, 0xf9,
  0x29, 0x01, 0x1b, 0xca, 0xe8, 0x03, 0x08, 0xcb, 0x29, 0x05, 00, 0x91, 0x08, 0x01, 0x1c, 0xca,
  0x29, 0x01, 0x1b, 0xca, 0x08, 0x05, 0x08, 0x8b, 0x49, 0x01, 0x09, 0x8b, 0x29, 0x91, 0x41, 0xf8,
  0x08, 0x0d, 00, 0x91, 0x08, 0x01, 0x1c, 0xca, 0x28, 0x01, 0x08, 0x8b, 0x08, 0x05, 00, 0x91,
  00, 0x01, 0x3f, 0xd6, 0xf8, 0x03, 0x16, 0xaa, 0xf6, 0x07, 0x40, 0xf9, 0x90, 00, 00, 0x14,
  0xe0, 0x03, 0x1f, 0x2a, 0xa3, 00, 00, 0x14, 00, 0x11, 00, 0x36, 0x49, 0xa2, 0x9d, 0xd2,
  0x48, 0x03, 0x40, 0xf9, 0x76, 00, 00, 0x90, 0x89, 0x9c, 0xb9, 0xf2, 0xca, 00, 0x80, 0x52,
  0xcb, 00, 0x80, 0xd2, 0xa9, 0x53, 0xd8, 0xf2, 0xe0, 0x03, 0x13, 0xaa, 0xe1, 0x03, 0x19, 0xaa,
  0xe9, 0x8f, 0xfb, 0xf2, 0x08, 0x69, 0x69, 0xf8, 0xc9, 0x1a, 0x41, 0xf9, 0xe8, 0x03, 0x08, 0xcb,
  0xe9, 0x03, 0x09, 0xcb, 0x08, 0x01, 0x1c, 0xca, 0x29, 0x01, 0x1b, 0xca, 0x08, 0x2d, 0x0a, 0x9b,
  0x4a, 0x07, 0x40, 0xf9, 0x29, 0x05, 00, 0x91, 0x29, 0x01, 0x1b, 0xca, 0x49, 0x01, 0x09, 0x8b,
  0x29, 0x11, 0x43, 0xf8, 0x08, 0x01, 0x1c, 0xca, 0x28, 0x01, 0x08, 0x8b, 0x08, 0x05, 00, 0x91,
  00, 0x01, 0x3f, 0xd6, 0xe8, 0x0b, 0x40, 0xf9, 0xe1, 0x03, 00, 0xaa, 0x1f, 00, 0x08, 0xeb,
  0xad, 0x0c, 00, 0x54, 0x4a, 0x9e, 0x9d, 0xd2, 0xc8, 0x1a, 0x41, 0xf9, 0x49, 0x03, 0x40, 0xf9,
  0x8a, 0x9c, 0xb9, 0xf2, 0xcb, 0xe2, 0x87, 0xd2, 0xe0, 0x03, 0x13, 0xaa, 0xaa, 0x53, 0xd8, 0xf2,
  0xe8, 0x03, 0x08, 0xcb, 0xab, 0xf8, 0xa0, 0xf2, 0xea, 0x8f, 0xfb, 0xf2, 0x08, 0x01, 0x1b, 0xca,
  0x4b, 0x0b, 0xd8, 0xf2, 0x29, 0x69, 0x6a, 0xf8, 0x4a, 0x07, 0x40, 0xf9, 0x08, 0x05, 00, 0x91,
  0x08, 0x01, 0x1b, 0xca, 0x6b, 0x72, 0xfa, 0xf2, 0xe2, 0x03, 0x18, 0xaa, 0xe9, 0x07, 0x09, 0xcb,
  0x48, 0x01, 0x08, 0x8b, 0xe3, 0x03, 0x1f, 0x2a, 0x08, 0x11, 0x41, 0xf8, 0x04, 0x80, 0xbf, 0x12,
  0x29, 0x01, 0x0b, 0xca, 0x29, 0x09, 00, 0x91, 0x29, 0x01, 0x1c, 0xca, 0x08, 0x01, 0x09, 0x8b,
  0x08, 0x05, 00, 0x91, 00, 0x01, 0x3f, 0xd6, 0xf6, 0x03, 0x1f, 0xaa, 0x4b, 00, 00, 0x14,
  0xf6, 0x07, 0x40, 0xf9, 0x77, 00, 00, 0x90, 0x28, 0x04, 00, 0xb5, 0xe8, 0x03, 0x84, 0x52,
  0x4a, 0xa0, 0x9d, 0xd2, 0x8b, 0xc5, 0x8f, 0xd2, 0x68, 0xa0, 0xba, 0x72, 0x8a, 0x9c, 0xb9, 0xf2,
  0x4b, 0xf1, 0xa1, 0xf2, 0x08, 0x47, 00, 0xb8, 0xaa, 0x53, 0xd8, 0xf2, 0xe8, 0x1a, 0x41, 0xf9,
  0x49, 0x03, 0x40, 0xf9, 0xea, 0x8f, 0xfb, 0xf2, 0x8b, 0x16, 0xd0, 0xf2, 0xe1, 0x0b, 0x40, 0xf9,
  0xe0, 0x03, 0x13, 0xaa, 0xe8, 0x03, 0x08, 0xcb, 0x29, 0x69, 0x6a, 0xf8, 0x4a, 0x07, 0x40, 0xf9,
  0x08, 0x01, 0x1b, 0xca, 0xeb, 0xe4, 0xf4, 0xf2, 0xe2, 0x03, 0x18, 0xaa, 0x08, 0x05, 00, 0x91,
  0xe9, 0x0b, 0x09, 0xcb, 0xd8, 0x02, 00, 0xf9, 0x08, 0x01, 0x1b, 0xca, 0x48, 0x01, 0x08, 0x8b,
  0x29, 0x01, 0x0b, 0xca, 0x08, 0x11, 0x42, 0xf8, 0x29, 0x11, 00, 0x91, 0x29, 0x01, 0x1c, 0xca,
  0x08, 0x01, 0x09, 0x8b, 0x08, 0x05, 00, 0x91, 00, 0x01, 0x3f, 0xd6, 0xe8, 0xff, 0xff, 0x90,
  0x4a, 0x9f, 0x9d, 0xd2, 00, 0x33, 00, 0x91, 00, 0xe5, 0x44, 0xfd, 0x08, 0x44, 0x80, 0x52,
  0x8a, 0x9c, 0xb9, 0xf2, 0xe8, 0xc3, 0xba, 0x72, 0xaa, 0x53, 0xd8, 0xf2, 0xa2, 0x23, 00, 0xd1,
  00, 0x03, 00, 0xfd, 0xea, 0x8f, 0xfb, 0xf2, 0x01, 00, 0x80, 0x92, 0x08, 0x0b, 00, 0xb9,
  0x48, 0x03, 0x40, 0xf9, 0x03, 0x01, 0x80, 0x52, 0xe9, 0x1a, 0x41, 0xf9, 0x08, 0x69, 0x6a, 0xf8,
  0x4a, 0x07, 0x40, 0xf9, 0xe9, 0x03, 0x09, 0xcb, 0x29, 0x01, 0x1b, 0xca, 0xe8, 0x03, 0x08, 0xcb,
  0x29, 0x05, 00, 0x91, 0x08, 0x01, 0x1c, 0xca, 0x29, 0x01, 0x1b, 0xca, 0x08, 0x05, 0x08, 0x8b,
  0x49, 0x01, 0x09, 0x8b, 0x29, 0x91, 0x41, 0xf8, 0x08, 0x0d, 00, 0x91, 0x08, 0x01, 0x1c, 0xca,
  0x28, 0x01, 0x08, 0x8b, 0x08, 0x05, 00, 0x91, 00, 0x01, 0x3f, 0xd6, 0x18, 0x53, 00, 0x91,
  0x0b, 00, 00, 0x14, 0x08, 0x15, 0x80, 0x52, 0x28, 0x4c, 0x08, 0x9b, 0x08, 0x09, 0x40, 0xf9,
  0x08, 0x01, 0x18, 0xcb, 0x16, 0xfd, 0x42, 0x93, 0xc8, 0x66, 00, 0x12, 0xf6, 0x07, 0x40, 0xf9,
  0x08, 0x01, 0x17, 0x2a, 0x77, 00, 00, 0x90, 0x08, 0x47, 00, 0xb8, 0xe8, 0x1a, 0x41, 0xf9,
  0x69, 00, 00, 0x90, 0x8a, 0xf1, 0x93, 0xd2, 0x29, 0x11, 0x41, 0xf9, 0x4a, 0x7c, 0xa0, 0xf2,
  0xe1, 0x0b, 0x40, 0xf9, 0xe8, 0x03, 0x08, 0xcb, 0xaa, 0x05, 0xdc, 0xf2, 0xe0, 0x03, 0x13, 0xaa,
  0x08, 0x01, 0x1b, 0xca, 0x2a, 0x39, 0xfd, 0xf2, 0xd8, 0x02, 00, 0xf9, 0x08, 0x05, 00, 0x91,
  0x08, 0x01, 0x1b, 0xca, 0x28, 0x01, 0x08, 0x8b, 0xa9, 0x12, 00, 0x91, 0x08, 0x11, 0x40, 0xf8,
  0x89, 0x02, 00, 0xf9, 0x08, 0x01, 0x0a, 0x8b, 00, 0x01, 0x3f, 0xd6, 0x20, 00, 0x80, 0x52,
  0xf4, 0x4f, 0x47, 0xa9, 0xf6, 0x57, 0x46, 0xa9, 0xf8, 0x5f, 0x45, 0xa9, 0xfa, 0x67, 0x44, 0xa9,
  0xfc, 0x6f, 0x43, 0xa9, 0xfd, 0x7b, 0x42, 0xa9, 0xff, 0x03, 0x02, 0x91, 0xc0, 0x03, 0x5f, 0xd6,
  0xff, 0x83, 0x02, 0xd1, 0xfd, 0x7b, 0x04, 0xa9, 0xfc, 0x6f, 0x05, 0xa9, 0xfa, 0x67, 0x06, 0xa9,
  0xf8, 0x5f, 0x07, 0xa9, 0xf6, 0x57, 0x08, 0xa9, 0xf4, 0x4f, 0x09, 0xa9, 0xfd, 0x03, 0x01, 0x91,
  0x15, 00, 0x40, 0xf9, 0x08, 0x80, 0xaa, 0x52, 0xf3, 0x03, 0x02, 0xaa, 0xaa, 0x02, 0x40, 0xb9,
  0x49, 0x6d, 0x1c, 0x12, 0x29, 0x31, 0x08, 0x12, 0x3f, 0x01, 0x08, 0x6b, 0x60, 0x01, 00, 0x54,
  0x48, 0x15, 0x07, 0x12, 0x09, 0x80, 0xa6, 0x52, 0x1f, 0x01, 0x09, 0x6b, 0xe0, 00, 00, 0x54,
  0x09, 0xc0, 0xa6, 0x52, 0x1f, 0x01, 0x09, 0x6b, 0x41, 0x19, 00, 0x54, 0xfb, 0x47, 0x0d, 0x32,
  0xaa, 0x43, 0x1f, 0xb8, 0x03, 00, 00, 0x14, 0xaa, 0x43, 0x1f, 0xb8, 0xfb, 0x33, 0x08, 0x32,
  0xe0, 0x13, 00, 0xf9, 0x79, 00, 00, 0x90, 0x9c, 0xea, 0x92, 0xd2, 0x1f, 0x20, 0x03, 0xd5,
  0xd6, 0xab, 0x05, 0x10, 0x28, 0x2b, 0x41, 0xf9, 0x3c, 0xb2, 0xae, 0xf2, 0xbc, 0x94, 0xcf, 0xf2,
  0xc9, 0x06, 0x40, 0xf9, 0xd8, 0x5e, 0x8e, 0xd2, 0x3c, 0x48, 0xfb, 0xf2, 0xe8, 0x03, 0x08, 0xcb,
  0xf8, 0x32, 0xa5, 0xf2, 0x08, 0x01, 0x1c, 0xca, 0xd8, 0x5b, 0xd8, 0xf2, 0xea, 00, 0x80, 0xd2,
  0x08, 0x05, 00, 0x91, 0x38, 0x93, 0xe4, 0xf2, 0x37, 00, 0x40, 0xf9, 0x08, 0x01, 0x1c, 0xca,
  0xf4, 0x03, 0x3b, 0x2a, 0xa1, 0x83, 0x1e, 0xf8, 0x28, 0x01, 0x08, 0x8b, 0xc9, 00, 0x80, 0x52,
  0xe0, 0x03, 0x13, 0xaa, 0x08, 0x11, 0x43, 0xf8, 0xe1, 0x03, 0x15, 0xaa, 0xe2, 0x03, 0x17, 0xaa,
  0x9a, 0x12, 0xc0, 0x5a, 0xe8, 0x03, 0x08, 0xcb, 0x08, 0x01, 0x18, 0xca, 0x08, 0x29, 0x09, 0x9b,
  0xaa, 0xf0, 0x92, 0xd2, 0xc9, 0x02, 0x40, 0xf9, 0x2a, 0xb2, 0xae, 0xf2, 0xaa, 0x94, 0xcf, 0xf2,
  0x2a, 0x48, 0xfb, 0xf2, 0x29, 0x69, 0x6a, 0xf8, 0x08, 0x01, 0x18, 0xca, 0x28, 0x01, 0x08, 0x8b,
  00, 0x01, 0x3f, 0xd6, 0xa8, 0x43, 0x5f, 0xb8, 0x29, 0x2b, 0x41, 0xf9, 0x4a, 0x0f, 00, 0x11,
  0xe0, 0x07, 00, 0xf9, 0xe0, 0x03, 0x13, 0xaa, 0x08, 0x01, 0x3b, 0x0a, 0xe9, 0x03, 0x09, 0xcb,
  0xfb, 0x17, 00, 0xb9, 0x08, 0x21, 0xda, 0x1a, 0x29, 0x01, 0x1c, 0xca, 0xf5, 0x0f, 00, 0xf9,
  0x29, 0x05, 00, 0x91, 0x08, 0x29, 0xca, 0x1a, 0x29, 0x01, 0x1c, 0xca, 0xaa, 0xbd, 0x9c, 0xd2,
  0xca, 0x65, 0xaa, 0xf2, 0xba, 0xc2, 0x28, 0x8b, 0xc8, 0x06, 0x40, 0xf9, 0x8a, 0xb7, 0xd0, 0xf2,
  0x6a, 0x26, 0xe9, 0xf2, 0xba, 0x83, 0x1f, 0xf8, 0x08, 0x01, 0x09, 0x8b, 0xc9, 0x02, 0x40, 0xf9,
  0x08, 0x11, 0x41, 0xf8, 0xe1, 0x03, 0x1a, 0xaa, 0xe8, 0x07, 0x08, 0xcb, 0x08, 0x01, 0x0a, 0xca,
  0xaa, 0xec, 0x92, 0xd2, 0x2a, 0xb2, 0xae, 0xf2, 0x08, 0x09, 00, 0x91, 0xaa, 0x94, 0xcf, 0xf2,
  0x08, 0x01, 0x18, 0xca, 0x2a, 0x48, 0xfb, 0xf2, 0x29, 0x69, 0x6a, 0xf8, 0x28, 0x01, 0x08, 0x8b,
  00, 0x01, 0x3f, 0xd6, 0xc0, 0x06, 00, 0x36, 0x28, 0x2b, 0x41, 0xf9, 0xc9, 0x2a, 0x40, 0xa9,
  0xe0, 0x03, 0x13, 0xaa, 0xe1, 0x03, 0x1a, 0xaa, 0xf5, 0x03, 0x1c, 0xaa, 0xe8, 0x03, 0x08, 0xcb,
  0xfb, 0x03, 0x18, 0xaa, 0x08, 0x01, 0x1c, 0xca, 0x08, 0x05, 00, 0x91, 0x08, 0x01, 0x1c, 0xca,
  0x48, 0x01, 0x08, 0x8b, 0x2a, 0x7b, 0x99, 0xd2, 0x08, 0x11, 0x42, 0xf8, 0xaa, 0xcb, 0xb4, 0xf2,
  0x0a, 0x6f, 0xc1, 0xf2, 0xe8, 0x0b, 0x08, 0xcb, 0xea, 0x4c, 0xf2, 0xf2, 0x08, 0x01, 0x0a, 0xca,
  0xaa, 0xee, 0x92, 0xd2, 0x2a, 0xb2, 0xae, 0xf2, 0x08, 0x11, 00, 0x91, 0xaa, 0x94, 0xcf, 0xf2,
  0x08, 0x01, 0x18, 0xca, 0x2a, 0x48, 0xfb, 0xf2, 0x29, 0x69, 0x6a, 0xf8, 0x28, 0x01, 0x08, 0x8b,
  00, 0x01, 0x3f, 0xd6, 0xec, 0x07, 0x40, 0xf9, 0xe1, 0x03, 00, 0xaa, 0x1f, 00, 0x0c, 0xeb,
  0x0d, 0x09, 00, 0x54, 0xa9, 0xea, 0x92, 0xd2, 0x68, 00, 00, 0x90, 0xe0, 0x03, 0x13, 0xaa,
  0x29, 0xb2, 0xae, 0xf2, 0x08, 0x1d, 0x41, 0xf9, 0xe2, 0x03, 0x17, 0xaa, 0xa9, 0x94, 0xcf, 0xf2,
  0xa3, 00, 0x80, 0x52, 0xe4, 0x03, 0x14, 0x2a, 0x29, 0x48, 0xfb, 0xf2, 0xf6, 0x03, 0x13, 0xaa,
  0xf3, 0x03, 0x0c, 0xaa, 0x08, 0x69, 0x69, 0xf8, 0xe9, 0x5e, 0x8e, 0xd2, 0xe9, 0x32, 0xa5, 0xf2,
  0xc9, 0x5b, 0xd8, 0xf2, 0x29, 0x93, 0xe4, 0xf2, 0x08, 0x01, 0x09, 0x8b, 00, 0x01, 0x3f, 0xd6,
  0xec, 0x03, 0x13, 0xaa, 0xe8, 0x03, 0x1f, 0xaa, 0x38, 00, 00, 0x14, 0x48, 0x03, 0x17, 0xcb,
  0x89, 0x7e, 0x06, 0x53, 0xfa, 0x13, 0x40, 0xf9, 0x08, 0xfd, 0x42, 0x93, 0xec, 0x07, 0x40, 0xf9,
  0xfb, 0x03, 0x18, 0xaa, 0xf6, 0x03, 0x13, 0xaa, 0xf5, 0x03, 0x1c, 0xaa, 0x1f, 0x01, 00, 0xf1,
  0x0a, 0x55, 0x88, 0xda, 0x5f, 0x01, 0x09, 0xeb, 0xa3, 0x05, 00, 0x54, 0xe8, 0x42, 00, 0x11,
  0x1f, 0x09, 0x40, 0xf2, 0xa0, 0x06, 00, 0x54, 0xe8, 0x03, 0x84, 0x52, 0x78, 00, 00, 0x90,
  0x1f, 0x20, 0x03, 0xd5, 0xb3, 0x99, 0x05, 0x10, 0x68, 0xa0, 0xba, 0x72, 0xe0, 0x03, 0x16, 0xaa,
  0xe8, 0x46, 00, 0xb8, 0xe1, 0x03, 0x0c, 0xaa, 0x08, 0x2b, 0x41, 0xf9, 0x69, 0x2a, 0x40, 0xa9,
  0xe2, 0x03, 0x17, 0xaa, 0xf4, 0x03, 0x0c, 0xaa, 0xe8, 0x03, 0x08, 0xcb, 0x08, 0x01, 0x15, 0xca,
  0x08, 0x05, 00, 0x91, 0x08, 0x01, 0x15, 0xca, 0x48, 0x01, 0x08, 0x8b, 0xaa, 0xef, 0x92, 0xd2,
  0x08, 0x91, 0x42, 0xf8, 0x2a, 0xb2, 0xae, 0xf2, 0xaa, 0x94, 0xcf, 0xf2, 0xe8, 0x03, 0x08, 0xcb,
  0x2a, 0x48, 0xfb, 0xf2, 0x08, 0x01, 0x1b, 0xca, 0x29, 0x69, 0x6a, 0xf8, 0x08, 0x09, 0x08, 0x8b,
  0x08, 0x15, 00, 0x91, 0x08, 0x01, 0x1b, 0xca, 0x28, 0x01, 0x08, 0x8b, 0xa9, 0x83, 0x5e, 0xf8,
  0x08, 0x05, 00, 0x91, 0x37, 0x01, 00, 0xf9, 00, 0x01, 0x3f, 0xd6, 0x17, 00, 00, 0x14,
  0x08, 0x15, 0x80, 0x52, 0xf6, 0x03, 0x13, 0xaa, 0x28, 0x4c, 0x08, 0x9b, 0x08, 0x09, 0x40, 0xf9,
  0x08, 0x01, 0x17, 0xcb, 0x08, 0xfd, 0x42, 0x93, 0xfa, 0x13, 0x40, 0xf9, 0xa9, 0x43, 0x5f, 0xb8,
  0xea, 0x17, 0x40, 0xb9, 0x88, 0x16, 0x08, 0x0a, 0xeb, 0x0f, 0x40, 0xf9, 0x78, 00, 00, 0x90,
  0x49, 0x01, 0x09, 0x0a, 0x08, 0x01, 0x09, 0x2a, 0xe8, 0x46, 00, 0xb8, 0x2e, 00, 00, 0x14,
  0xe0, 0x03, 0x1f, 0x2a, 0x4a, 00, 00, 0x14, 0xf4, 0x03, 0x0c, 0xaa, 0x78, 00, 00, 0x90,
  0x1f, 0x20, 0x03, 0xd5, 0x33, 0x93, 0x05, 0x10, 0xa8, 0x43, 0x5f, 0xb8, 0xe9, 0x17, 0x40, 0xb9,
  0xe0, 0x42, 00, 0x91, 0xa2, 0x23, 00, 0xd1, 0x01, 00, 0x80, 0x92, 0x03, 0x01, 0x80, 0x52,
  0x28, 0x01, 0x08, 0x0a, 0xe9, 0xff, 0xff, 0x90, 0x08, 0x01, 0x1a, 0x32, 0x20, 0xe1, 0x44, 0xfd,
  0xe8, 0x02, 00, 0xb9, 0x08, 0x44, 0x80, 0x52, 0xe8, 0xc3, 0xba, 0x72, 0xe0, 0x42, 00, 0xfc,
  0xe8, 0x0e, 00, 0xb9, 0x08, 0x2b, 0x41, 0xf9, 0x69, 0x2a, 0x40, 0xa9, 0xe8, 0x03, 0x08, 0xcb,
  0x08, 0x01, 0x15, 0xca, 0x08, 0x05, 00, 0x91, 0x08, 0x01, 0x15, 0xca, 0x48, 0x01, 0x08, 0x8b,
  0xaa, 0xed, 0x92, 0xd2, 0x08, 0x91, 0x41, 0xf8, 0x2a, 0xb2, 0xae, 0xf2, 0xaa, 0x94, 0xcf, 0xf2,
  0xe8, 0x03, 0x08, 0xcb, 0x2a, 0x48, 0xfb, 0xf2, 0x08, 0x01, 0x1b, 0xca, 0x29, 0x69, 0x6a, 0xf8,
  0x08, 0x05, 0x08, 0x8b, 0x08, 0x0d, 00, 0x91, 0x08, 0x01, 0x1b, 0xca, 0x28, 0x01, 0x08, 0x8b,
  0x08, 0x05, 00, 0x91, 00, 0x01, 0x3f, 0xd6, 0xeb, 0x0f, 0x40, 0xf9, 0xf7, 0x62, 00, 0x91,
  0xec, 0x03, 0x14, 0xaa, 0x08, 0x2b, 0x41, 0xf9, 0x1f, 0x20, 0x03, 0xd5, 0xea, 0x8d, 0x05, 0x10,
  0x49, 0x05, 0x40, 0xf9, 0xe0, 0x03, 0x16, 0xaa, 0xe1, 0x03, 0x0c, 0xaa, 0xe8, 0x03, 0x08, 0xcb,
  0x08, 0x01, 0x15, 0xca, 0x08, 0x05, 00, 0x91, 0x08, 0x01, 0x15, 0xca, 0x28, 0x01, 0x08, 0x8b,
  0x49, 0x01, 0x40, 0xf9, 0xaa, 0xeb, 0x92, 0xd2, 0x08, 0x91, 0x40, 0xf8, 0x2a, 0xb2, 0xae, 0xf2,
  0xaa, 0x94, 0xcf, 0xf2, 0xe8, 0x03, 0x08, 0xcb, 0x2a, 0x48, 0xfb, 0xf2, 0x08, 0x01, 0x1b, 0xca,
  0x29, 0x69, 0x6a, 0xf8, 0xaa, 0x83, 0x5e, 0xf8, 0x08, 0x05, 00, 0x91, 0x08, 0x01, 0x1b, 0xca,
  0x57, 0x01, 00, 0xf9, 0x6a, 0x11, 00, 0x91, 0x28, 0x01, 0x08, 0x8b, 0x4a, 0x03, 00, 0xf9,
  0x08, 0x05, 00, 0x91, 00, 0x01, 0x3f, 0xd6, 0x20, 00, 0x80, 0x52, 0xf4, 0x4f, 0x49, 0xa9,
  0xf6, 0x57, 0x48, 0xa9, 0xf8, 0x5f, 0x47, 0xa9, 0xfa, 0x67, 0x46, 0xa9, 0xfc, 0x6f, 0x45, 0xa9,
  0xfd, 0x7b, 0x44, 0xa9, 0xff, 0x83, 0x02, 0x91, 0xc0, 0x03, 0x5f, 0xd6, 0xff, 0x43, 0x02, 0xd1,
  0xfd, 0x7b, 0x03, 0xa9, 0xfc, 0x6f, 0x04, 0xa9, 0xfa, 0x67, 0x05, 0xa9, 0xf8, 0x5f, 0x06, 0xa9,
  0xf6, 0x57, 0x07, 0xa9, 0xf4, 0x4f, 0x08, 0xa9, 0xfd, 0xc3, 00, 0x91, 0x15, 00, 0x40, 0xf9,
  0x09, 00, 0xbb, 0x52, 0xf4, 0x03, 0x02, 0xaa, 0xf8, 0x03, 00, 0xaa, 0xbb, 0x02, 0x40, 0xb9,
  0x68, 0x1f, 0x08, 0x12, 0x1f, 0x01, 0x09, 0x6b, 0x41, 0x07, 00, 0x54, 0x53, 00, 00, 0xf0,
  0x96, 0x47, 0x94, 0xd2, 0x1f, 0x20, 0x03, 0xd5, 0x17, 0x88, 0x05, 0x10, 0x68, 0x3a, 0x41, 0xf9,
  0x16, 0xb8, 0xb1, 0xf2, 0x96, 0x6b, 0xc3, 0xf2, 0xe9, 0x06, 0x40, 0xf9, 0x22, 00, 0x40, 0xf9,
  0xe8, 0x03, 0x08, 0xcb, 0x96, 0x5d, 0xf6, 0xf2, 0xe0, 0x03, 0x14, 0xaa, 0x08, 0x01, 0x16, 0xca,
  0xe1, 0x03, 0x15, 0xaa, 0x08, 0x05, 00, 0x91, 0x08, 0x01, 0x16, 0xca, 0x28, 0x01, 0x08, 0x8b,
  0x69, 0x94, 0x97, 0xd2, 0x69, 0x2b, 0xb0, 0xf2, 0x08, 0x11, 0x40, 0xf8, 0x49, 0x70, 0xc6, 0xf2,
  0xa9, 0x67, 0xf8, 0xf2, 0x08, 0x01, 0x09, 0x8b, 00, 0x01, 0x3f, 0xd6, 0x68, 0x3a, 0x41, 0xf9,
  0xaa, 0x4b, 0x94, 0xd2, 0xe9, 0x02, 0x40, 0xf9, 0x0a, 0xb8, 0xb1, 0xf2, 0x2b, 0x51, 0x9e, 0xd2,
  0xe1, 0x03, 00, 0xaa, 0x8a, 0x6b, 0xc3, 0xf2, 0xe8, 0x03, 0x08, 0xcb, 0xcb, 0xad, 0xa0, 0xf2,
  0x8a, 0x5d, 0xf6, 0xf2, 0x08, 0x01, 0x16, 0xca, 0x4b, 0xc1, 0xd9, 0xf2, 0x29, 0x69, 0x6a, 0xf8,
  0xea, 0x06, 0x40, 0xf9, 0x08, 0x05, 00, 0x91, 0x08, 0x01, 0x16, 0xca, 0x8b, 0x9e, 0xe1, 0xf2,
  0xe0, 0x03, 0x14, 0xaa, 0xe9, 0x0b, 0x09, 0xcb, 0x48, 0x01, 0x08, 0x8b, 0x4a, 0x94, 0x97, 0xd2,
  0x6a, 0x2b, 0xb0, 0xf2, 0x08, 0x11, 0x42, 0xf8, 0x29, 0x01, 0x0b, 0xca, 0x4a, 0x70, 0xc6, 0xf2,
  0x29, 0x11, 00, 0x91, 0xaa, 0x67, 0xf8, 0xf2, 0x29, 0x01, 0x0a, 0xca, 0x08, 0x01, 0x09, 0x8b,
  00, 0x01, 0x3f, 0xd6, 0xa8, 0x12, 00, 0x91, 0x08, 0x03, 00, 0xf9, 0x18, 0x01, 00, 0x14,
  0x0a, 0xe0, 0xb7, 0x52, 0x7f, 0x03, 0x02, 0x72, 0xe9, 00, 0x80, 0x52, 0x6b, 00, 0x80, 0x52,
  0x6a, 0x03, 0x0a, 0x0a, 0x0c, 00, 0xa3, 0x52, 0x73, 0x01, 0x89, 0x9a, 0x5f, 0x01, 0x0c, 0x6b,
  0x61, 00, 00, 0x54, 0x08, 0xe0, 0xb7, 0x12, 0x13, 00, 00, 0x14, 0x7f, 0x03, 00, 0x71,
  0xe9, 0x01, 0x80, 0x52, 0x6a, 00, 0x80, 0x52, 0x49, 0xa1, 0x89, 0x9a, 0x7f, 0x03, 0x02, 0x72,
  0xea, 00, 0x80, 0x52, 0x6b, 0x17, 0x08, 0x12, 0x0c, 0x80, 0xa3, 0x52, 0x33, 0x01, 0x8a, 0x9a,
  0x7f, 0x01, 0x0c, 0x6b, 0x61, 00, 00, 0x54, 0x08, 0xe0, 0xa7, 0x12, 0x06, 00, 00, 0x14,
  0x09, 00, 0xb3, 0x52, 0x1f, 0x01, 0x09, 0x6b, 0xc1, 0x16, 00, 0x54, 0x08, 0xe0, 0xbf, 0x12,
  0xf3, 00, 0x80, 0x52, 0xb8, 0x03, 0x1f, 0xf8, 0xe8, 0x0f, 00, 0xb9, 0x58, 00, 00, 0xf0,
  0x9c, 0x47, 0x94, 0xd2, 0x1f, 0x20, 0x03, 0xd5, 0x16, 0x7d, 0x05, 0x10, 0x08, 0x3b, 0x41, 0xf9,
  0x1c, 0xb8, 0xb1, 0xf2, 0x9c, 0x6b, 0xc3, 0xf2, 0xc9, 0x06, 0x40, 0xf9, 0x37, 00, 0x40, 0xf9,
  0x9c, 0x5d, 0xf6, 0xf2, 0xe8, 0x03, 0x08, 0xcb, 0x59, 0x94, 0x97, 0xd2, 0x08, 0x01, 0x1c, 0xca,
  0x79, 0x2b, 0xb0, 0xf2, 0xa1, 0x83, 0x1f, 0xf8, 0x08, 0x05, 00, 0x91, 0x59, 0x70, 0xc6, 0xf2,
  0xe0, 0x03, 0x14, 0xaa, 0x08, 0x01, 0x1c, 0xca, 0xe1, 0x03, 0x15, 0xaa, 0xe2, 0x03, 0x17, 0xaa,
  0x28, 0x01, 0x08, 0x8b, 0x69, 0x94, 0x97, 0xd2, 0xb9, 0x67, 0xf8, 0xf2, 0x69, 0x2b, 0xb0, 0xf2,
  0x08, 0x11, 0x40, 0xf8, 0x49, 0x70, 0xc6, 0xf2, 0xa9, 0x67, 0xf8, 0xf2, 0x08, 0x01, 0x09, 0x8b,
  00, 0x01, 0x3f, 0xd6, 0xaa, 0x49, 0x94, 0xd2, 0x08, 0x3b, 0x41, 0xf9, 0xc9, 0x02, 0x40, 0xf9,
  0x0a, 0xb8, 0xb1, 0xf2, 0xab, 0x28, 0x8f, 0xd2, 0x6c, 0x5f, 0x03, 0x13, 0x8a, 0x6b, 0xc3, 0xf2,
  0xe8, 0x03, 0x08, 0xcb, 0xeb, 0x56, 0xa0, 0xf2, 0x8a, 0x5d, 0xf6, 0xf2, 0x08, 0x01, 0x1c, 0xca,
  0xab, 0xe0, 0xcc, 0xf2, 0x29, 0x69, 0x6a, 0xf8, 0xca, 0x06, 0x40, 0xf9, 0x08, 0x05, 00, 0x91,
  0x08, 0x01, 0x1c, 0xca, 0x4b, 0xcf, 0xf0, 0xf2, 0x96, 0x75, 0x1e, 0x12, 0xe9, 0x07, 0x09, 0xcb,
  0x48, 0x01, 0x08, 0x8b, 0xe0, 0x0f, 00, 0xf9, 0x08, 0x11, 0x41, 0xf8, 0xe0, 0x03, 0x14, 0xaa,
  0x29, 0x01, 0x0b, 0xca, 0x29, 0x09, 00, 0x91, 0x29, 0x01, 0x19, 0xca, 0xd9, 0x02, 0x15, 0x8b,
  0x08, 0x01, 0x09, 0x8b, 0xe1, 0x03, 0x19, 0xaa, 00, 0x01, 0x3f, 0xd6, 0x40, 0x01, 00, 0x37,
  0x28, 0x03, 0x17, 0xcb, 0x69, 0x0e, 00, 0xd1, 0x1a, 0xfd, 0x42, 0x93, 0x5f, 0x03, 00, 0xf1,
  0x48, 0x57, 0x9a, 0xda, 0x08, 0x09, 0x49, 0x8b, 0x89, 0xff, 0xbf, 0x12, 0x1f, 0x01, 0x09, 0xeb,
  0x43, 0x0b, 00, 0x54, 0xfa, 0x22, 00, 0x91, 0xf9, 0x0b, 00, 0xf9, 0x7f, 0x02, 0x1a, 0xea,
  00, 0x02, 00, 0x54, 0x56, 0x94, 0x97, 0xd2, 0xe8, 0x03, 0x84, 0x52, 0xe9, 0x32, 00, 0x91,
  0x76, 0x2b, 0xb0, 0xf2, 0x68, 0xa0, 0xba, 0x72, 0x56, 0x70, 0xc6, 0xf2, 0xb6, 0x67, 0xf8, 0xf2,
  0x7f, 0x02, 0x09, 0xea, 0x29, 0x11, 00, 0x91, 0xe8, 0x46, 00, 0xb8, 0xa1, 0xff, 0xff, 0x54,
  0xa8, 0x83, 0x5f, 0xf8, 0xfa, 0x22, 00, 0x91, 0x17, 0x01, 00, 0xf9, 0x05, 00, 00, 0x14,
  0x56, 0x94, 0x97, 0xd2, 0x76, 0x2b, 0xb0, 0xf2, 0x56, 0x70, 0xc6, 0xf2, 0xb6, 0x67, 0xf8, 0xf2,
  0xaa, 0x48, 0x94, 0xd2, 0x08, 0x3b, 0x41, 0xf9, 0x1f, 0x20, 0x03, 0xd5, 0x78, 0x71, 0x05, 0x10,
  0x0a, 0xb8, 0xb1, 0xf2, 0xf9, 0x0f, 0x40, 0xf9, 0x09, 0x03, 0x40, 0xf9, 0x8a, 0x6b, 0xc3, 0xf2,
  0xe8, 0x03, 0x08, 0xcb, 0x8a, 0x5d, 0xf6, 0xf2, 0x08, 0x01, 0x1c, 0xca, 0xe0, 0x03, 0x14, 0xaa,
  0x29, 0x69, 0x6a, 0xf8, 0x0a, 0x07, 0x40, 0xf9, 0x08, 0x05, 00, 0x91, 0x08, 0x01, 0x1c, 0xca,
  0xe1, 0x03, 0x19, 0xaa, 0xe2, 0x03, 0x17, 0xaa, 0xe9, 0x03, 0x09, 0xcb, 0x48, 0x01, 0x08, 0x8b,
  0x29, 0x01, 0x16, 0xca, 0x08, 0x91, 0x40, 0xf8, 0x29, 0x05, 00, 0x91, 0x29, 0x01, 0x16, 0xca,
  0x08, 0x01, 0x09, 0x8b, 0x08, 0x05, 00, 0x91, 00, 0x01, 0x3f, 0xd6, 0x63, 0x06, 00, 0x91,
  0x29, 00, 0x80, 0x52, 0x68, 0x33, 0x08, 0x12, 0x73, 0xfc, 0x42, 0xd3, 0x09, 0x80, 0xa2, 0x72,
  0x08, 0x01, 0x1a, 0x32, 0xaa, 0x4a, 0x94, 0xd2, 0xfb, 0x03, 0x18, 0xaa, 0x58, 00, 00, 0xf0,
  0x69, 0x02, 0x09, 0x0b, 0x0a, 0xb8, 0xb1, 0xf2, 0xe2, 0x0b, 0x40, 0xf9, 0xe8, 0x26, 00, 0x29,
  0x8a, 0x6b, 0xc3, 0xf2, 0xe0, 0x03, 0x1a, 0xaa, 0x68, 0x03, 0x40, 0xf9, 0x09, 0x3b, 0x41, 0xf9,
  0x8a, 0x5d, 0xf6, 0xf2, 0x01, 00, 0x80, 0x92, 0x08, 0x69, 0x6a, 0xf8, 0xe9, 0x03, 0x09, 0xcb,
  0x6a, 0x07, 0x40, 0xf9, 0x29, 0x01, 0x1c, 0xca, 0xe8, 0x03, 0x08, 0xcb, 0x29, 0x05, 00, 0x91,
  0x08, 0x01, 0x16, 0xca, 0x29, 0x01, 0x1c, 0xca, 0x08, 0x05, 0x08, 0x8b, 0x49, 0x01, 0x09, 0x8b,
  0x29, 0x91, 0x41, 0xf8, 0x08, 0x0d, 00, 0x91, 0x08, 0x01, 0x16, 0xca, 0x28, 0x01, 0x08, 0x8b,
  0x08, 0x05, 00, 0x91, 00, 0x01, 0x3f, 0xd6, 0xe8, 0x0a, 0x13, 0x8b, 0xb3, 0x83, 0x5f, 0xf8,
  0x17, 0x21, 00, 0x91, 0x3c, 00, 00, 0x14, 0x68, 0xfe, 0x42, 0xd3, 0x5f, 0x03, 0x08, 0xea,
  0x40, 0x02, 00, 0x54, 0xa9, 0x02, 0x16, 0x8b, 0xb3, 0x83, 0x5f, 0xf8, 0xf9, 0x0f, 0x40, 0xf9,
  0x2a, 0x01, 0x17, 0xcb, 0xe9, 0x03, 0x84, 0x52, 0x69, 0xa0, 0xba, 0x72, 0x4a, 0x11, 00, 0xd1,
  0x5a, 0xfd, 0x42, 0x93, 0x4a, 0x11, 00, 0xd1, 0xe9, 0x46, 00, 0xb8, 0x4b, 0x03, 0x08, 0x8a,
  0x8b, 0xff, 0xff, 0xb5, 0x56, 0x94, 0x97, 0xd2, 0x77, 0x02, 00, 0xf9, 0x06, 00, 00, 0x14,
  0xe0, 0x03, 0x1f, 0x2a, 0x47, 00, 00, 0x14, 0x56, 0x94, 0x97, 0xd2, 0xb3, 0x83, 0x5f, 0xf8,
  0xf9, 0x0f, 0x40, 0xf9, 0x76, 0x2b, 0xb0, 0xf2, 0x56, 0x70, 0xc6, 0xf2, 0xb6, 0x67, 0xf8, 0xf2,
  0xaa, 0x48, 0x94, 0xd2, 0x08, 0x3b, 0x41, 0xf9, 0x1f, 0x20, 0x03, 0xd5, 0xf8, 0x65, 0x05, 0x10,
  0x0a, 0xb8, 0xb1, 0xf2, 0xe0, 0x03, 0x14, 0xaa, 0x09, 0x03, 0x40, 0xf9, 0x8a, 0x6b, 0xc3, 0xf2,
  0xe8, 0x03, 0x08, 0xcb, 0x8a, 0x5d, 0xf6, 0xf2, 0x08, 0x01, 0x1c, 0xca, 0xe1, 0x03, 0x19, 0xaa,
  0x29, 0x69, 0x6a, 0xf8, 0x0a, 0x07, 0x40, 0xf9, 0x08, 0x05, 00, 0x91, 0x08, 0x01, 0x1c, 0xca,
  0xe2, 0x03, 0x17, 0xaa, 0xe9, 0x03, 0x09, 0xcb, 0x48, 0x01, 0x08, 0x8b, 0x29, 0x01, 0x16, 0xca,
  0x08, 0x91, 0x40, 0xf8, 0x29, 0x05, 00, 0x91, 0x29, 0x01, 0x16, 0xca, 0x08, 0x01, 0x09, 0x8b,
  0x08, 0x05, 00, 0x91, 00, 0x01, 0x3f, 0xd6, 0xe8, 0x0f, 0x40, 0xb9, 0x69, 0x33, 0x08, 0x12,
  0xfb, 0x03, 0x18, 0xaa, 0x58, 00, 00, 0xf0, 0x08, 0x15, 0x1a, 0x0a, 0x08, 0x01, 0x09, 0x2a,
  0xe8, 0x46, 00, 0xb8, 0xaa, 0x4b, 0x94, 0xd2, 0x08, 0x3b, 0x41, 0xf9, 0x69, 0x03, 0x40, 0xf9,
  0x0a, 0xb8, 0xb1, 0xf2, 0x2b, 0x51, 0x9e, 0xd2, 0xe0, 0x03, 0x14, 0xaa, 0x8a, 0x6b, 0xc3, 0xf2,
  0xe8, 0x03, 0x08, 0xcb, 0xcb, 0xad, 0xa0, 0xf2, 0x8a, 0x5d, 0xf6, 0xf2, 0x08, 0x01, 0x1c, 0xca,
  0x4b, 0xc1, 0xd9, 0xf2, 0x29, 0x69, 0x6a, 0xf8, 0x6a, 0x07, 0x40, 0xf9, 0x08, 0x05, 00, 0x91,
  0x08, 0x01, 0x1c, 0xca, 0x8b, 0x9e, 0xe1, 0xf2, 0xe1, 0x03, 0x19, 0xaa, 0xe9, 0x0b, 0x09, 0xcb,
  0x48, 0x01, 0x08, 0x8b, 0xaa, 0x12, 00, 0x91, 0x08, 0x11, 0x42, 0xf8, 0x77, 0x02, 00, 0xf9,
  0x29, 0x01, 0x0b, 0xca, 0xab, 0x03, 0x5f, 0xf8, 0x29, 0x11, 00, 0x91, 0x29, 0x01, 0x16, 0xca,
  0x6a, 0x01, 00, 0xf9, 0x08, 0x01, 0x09, 0x8b, 00, 0x01, 0x3f, 0xd6, 0x20, 00, 0x80, 0x52,
  0xf4, 0x4f, 0x48, 0xa9, 0xf6, 0x57, 0x47, 0xa9, 0xf8, 0x5f, 0x46, 0xa9, 0xfa, 0x67, 0x45, 0xa9,
  0xfc, 0x6f, 0x44, 0xa9, 0xfd, 0x7b, 0x43, 0xa9, 0xff, 0x43, 0x02, 0x91, 0xc0, 0x03, 0x5f, 0xd6,
  0xff, 0x43, 0x02, 0xd1, 0xfd, 0x7b, 0x03, 0xa9, 0xfc, 0x6f, 0x04, 0xa9, 0xfa, 0x67, 0x05, 0xa9,
  0xf8, 0x5f, 0x06, 0xa9, 0xf6, 0x57, 0x07, 0xa9, 0xf4, 0x4f, 0x08, 0xa9, 0xfd, 0xc3, 00, 0x91,
  0x15, 00, 0x40, 0xf9, 0x79, 0x96, 0x92, 0xd2, 0x36, 0x9a, 0x9b, 0xd2, 0x1c, 0xcd, 0x9d, 0xd2,
  0x99, 0x93, 0xaf, 0xf2, 0x08, 0xe0, 0xb3, 0x52, 0xbb, 0x02, 0x40, 0xb9, 0x36, 0x87, 0xb3, 0xf2,
  0x9c, 0xc3, 0xa9, 0xf2, 0x59, 0xb0, 0xc7, 0xf2, 0x16, 0x66, 0xd3, 0xf2, 0x09, 00, 0xb2, 0x52,
  0x68, 0x03, 0x08, 0x0a, 0x1c, 0xb3, 0xd9, 0xf2, 0xf4, 0x03, 0x02, 0xaa, 0xf3, 0x03, 00, 0xaa,
  0x59, 0xa8, 0xe6, 0xf2, 0x76, 0x3d, 0xe4, 0xf2, 0x1f, 0x01, 0x09, 0x6b, 0x5a, 00, 00, 0xf0,
  0x5a, 0x23, 0x0a, 0x91, 0xbc, 0x1e, 0xe2, 0xf2, 0x57, 00, 00, 0xf0, 0xf7, 0xe2, 0x0a, 0x91,
  0xe0, 0x0c, 00, 0x54, 0x09, 00, 0xa2, 0x52, 0x1f, 0x01, 0x09, 0x6b, 0x21, 0x27, 00, 0x54,
  0xe8, 0x02, 0x40, 0xf9, 0x49, 0x03, 0x40, 0xf9, 0xe0, 0x03, 0x14, 0xaa, 0x38, 00, 0x40, 0xf9,
  0xa1, 0x03, 0x1f, 0xf8, 0xe1, 0x03, 0x15, 0xaa, 0xe8, 0x03, 0x08, 0xcb, 0xf3, 0x07, 00, 0xf9,
  0x08, 0x01, 0x1c, 0xca, 0xe2, 0x03, 0x18, 0xaa, 0x08, 0x05, 00, 0x91, 0x08, 0x01, 0x1c, 0xca,
  0x28, 0x01, 0x08, 0x8b, 0x89, 0x96, 0x92, 0xd2, 0x89, 0x93, 0xaf, 0xf2, 0x08, 0x11, 0x40, 0xf8,
  0x49, 0xb0, 0xc7, 0xf2, 0x49, 0xa8, 0xe6, 0xf2, 0x08, 0x01, 0x09, 0x8b, 00, 0x01, 0x3f, 0xd6,
  0xe8, 0x06, 0x40, 0xf9, 0x69, 0x5f, 0x03, 0x13, 0xec, 0x03, 0x19, 0xaa, 0x4a, 0x2f, 0x40, 0xa9,
  0xe0, 0x0f, 00, 0xf9, 0xe8, 0x07, 0x08, 0xcb, 0x69, 0x7b, 0x1d, 0x33, 0xe0, 0x03, 0x14, 0xaa,
  0x08, 0x01, 0x16, 0xca, 0x39, 0x01, 0x15, 0x8b, 0xe9, 0x02, 0x40, 0xf9, 0x08, 0x09, 00, 0x91,
  0xb9, 0x83, 0x1f, 0xf8, 0xe1, 0x03, 0x19, 0xaa, 0x08, 0x01, 0x1c, 0xca, 0xe9, 0x03, 0x09, 0xcb,
  0x33, 0x03, 0x18, 0xcb, 0x68, 0x01, 0x08, 0x8b, 0x29, 0x01, 0x1c, 0xca, 0x08, 0x1d, 0x40, 0xf9,
  0x29, 0x05, 00, 0x91, 0x29, 0x01, 0x1c, 0xca, 0xe8, 0x03, 0x08, 0xcb, 0x49, 0x01, 0x09, 0x8b,
  0x08, 0x01, 0x0c, 0xca, 0x29, 0x91, 0x43, 0xf8, 0x0b, 0xf1, 0x7d, 0xd3, 0x68, 0x01, 0x08, 0xcb,
  0x08, 0x1d, 00, 0x91, 0x08, 0x01, 0x0c, 0xca, 0x28, 0x01, 0x08, 0x8b, 0x08, 0x05, 00, 0x91,
  00, 0x01, 0x3f, 0xd6, 0x7f, 0x02, 00, 0xf1, 0x68, 0x56, 0x93, 0xda, 0x60, 0x20, 00, 0x37,
  0x09, 0xfe, 0xbf, 0x12, 0x1f, 0x01, 0x09, 0xeb, 0x03, 0x20, 00, 0x54, 0x08, 0x23, 00, 0x11,
  0xf4, 0x0b, 00, 0xf9, 0x1f, 0x09, 0x40, 0xf2, 0xe0, 0x2c, 00, 0x54, 0xe8, 0x03, 0x84, 0x52,
  0x79, 0x96, 0x92, 0xd2, 0xb4, 0x03, 0x5f, 0xf8, 0x68, 0xa0, 0xba, 0x72, 0x99, 0x93, 0xaf, 0xf2,
  0x08, 0x47, 00, 0xb8, 0x59, 0xb0, 0xc7, 0xf2, 0xea, 0x22, 0x40, 0xa9, 0x49, 0x07, 0x40, 0xf9,
  0x59, 0xa8, 0xe6, 0xf2, 0xe0, 0x07, 0x41, 0xa9, 0xe2, 0x03, 0x18, 0xaa, 0x98, 0x02, 00, 0xf9,
  0xe8, 0x07, 0x08, 0xcb, 0x08, 0x01, 0x16, 0xca, 0x08, 0x09, 00, 0x91, 0x08, 0x01, 0x1c, 0xca,
  0x28, 0x01, 0x08, 0x8b, 0xe9, 0x03, 0x0a, 0xcb, 0x4a, 0x03, 0x40, 0xf9, 0x08, 0x15, 0x40, 0xf9,
  0x29, 0x01, 0x1c, 0xca, 0x29, 0x05, 00, 0x91, 0xe8, 0x03, 0x08, 0xcb, 0x29, 0x01, 0x1c, 0xca,
  0x08, 0x01, 0x19, 0xca, 0x49, 0x01, 0x09, 0x8b, 0x08, 0x09, 0x08, 0x8b, 0x29, 0x91, 0x42, 0xf8,
  0x08, 0x15, 00, 0x91, 0x08, 0x01, 0x19, 0xca, 0x28, 0x01, 0x08, 0x8b, 0x08, 0x05, 00, 0x91,
  00, 0x01, 0x3f, 0xd6, 0xf3, 0x07, 0x40, 0xf9, 0x49, 0x01, 00, 0x14, 0xe8, 0x02, 0x40, 0xf9,
  0x49, 0x03, 0x40, 0xf9, 0xe0, 0x03, 0x14, 0xaa, 0x38, 00, 0x40, 0xf9, 0xa1, 0x03, 0x1f, 0xf8,
  0xe1, 0x03, 0x15, 0xaa, 0xe8, 0x03, 0x08, 0xcb, 0x08, 0x01, 0x1c, 0xca, 0xe2, 0x03, 0x18, 0xaa,
  0x08, 0x05, 00, 0x91, 0x08, 0x01, 0x1c, 0xca, 0x28, 0x01, 0x08, 0x8b, 0x89, 0x96, 0x92, 0xd2,
  0x89, 0x93, 0xaf, 0xf2, 0x08, 0x11, 0x40, 0xf8, 0x49, 0xb0, 0xc7, 0xf2, 0x49, 0xa8, 0xe6, 0xf2,
  0x08, 0x01, 0x09, 0x8b, 00, 0x01, 0x3f, 0xd6, 0x68, 0x7f, 0x03, 0x53, 0xe9, 0x06, 0x40, 0xf9,
  0xf5, 0x07, 00, 0xf9, 0xaa, 0xce, 0x74, 0x92, 0x4b, 0x07, 0x40, 0xf9, 0x68, 0x7b, 0x1d, 0x33,
  0xe9, 0x07, 0x09, 0xcb, 0xf5, 0x03, 00, 0xaa, 0xe0, 0x03, 0x14, 0xaa, 0x08, 0x4d, 0x14, 0x53,
  0x29, 0x01, 0x16, 0xca, 0xf6, 0x03, 0x19, 0xaa, 0x29, 0x09, 00, 0x91, 0x59, 0x01, 0x08, 0x8b,
  0x28, 0x01, 0x1c, 0xca, 0xe9, 0x02, 0x40, 0xf9, 0xb9, 0x83, 0x1f, 0xf8, 0x68, 0x01, 0x08, 0x8b,
  0x4a, 0x03, 0x40, 0xf9, 0x08, 0x1d, 0x40, 0xf9, 0xe9, 0x03, 0x09, 0xcb, 0xe1, 0x03, 0x19, 0xaa,
  0x29, 0x01, 0x1c, 0xca, 0xe8, 0x03, 0x08, 0xcb, 0x29, 0x05, 00, 0x91, 0x08, 0x01, 0x16, 0xca,
  0x29, 0x01, 0x1c, 0xca, 0x0b, 0xf1, 0x7d, 0xd3, 0x49, 0x01, 0x09, 0x8b, 0x29, 0x91, 0x43, 0xf8,
  0x68, 0x01, 0x08, 0xcb, 0x08, 0x1d, 00, 0x91, 0x08, 0x01, 0x16, 0xca, 0x28, 0x01, 0x08, 0x8b,
  0x08, 0x05, 00, 0x91, 00, 0x01, 0x3f, 0xd6, 00, 0x1c, 00, 0x36, 0xea, 0x22, 0x40, 0xa9,
  0x29, 0x9a, 0x9b, 0xd2, 0x29, 0x87, 0xb3, 0xf2, 0xcb, 0x2c, 0x85, 0xd2, 0xe0, 0x03, 0x14, 0xaa,
  0x09, 0x66, 0xd3, 0xf2, 0x2b, 0x27, 0xbf, 0xf2, 0xe1, 0x03, 0x19, 0xaa, 0xe8, 0x07, 0x08, 0xcb,
  0x69, 0x3d, 0xe4, 0xf2, 0x8b, 0x60, 0xcf, 0xf2, 0x8b, 0x50, 0xed, 0xf2, 0x08, 0x01, 0x09, 0xca,
  0x49, 0x07, 0x40, 0xf9, 0x08, 0x09, 00, 0x91, 0x08, 0x01, 0x1c, 0xca, 0x28, 0x01, 0x08, 0x8b,
  0xe9, 0x03, 0x0a, 0xcb, 0x4a, 0x03, 0x40, 0xf9, 0x08, 0x09, 0x40, 0xf9, 0x29, 0x01, 0x1c, 0xca,
  0x29, 0x05, 00, 0x91, 0xe8, 0x07, 0x08, 0xcb, 0x29, 0x01, 0x1c, 0xca, 0x49, 0x01, 0x09, 0x8b,
  0x08, 0x01, 0x0b, 0xca, 0x29, 0x11, 0x41, 0xf8, 0x08, 0x09, 00, 0x91, 0x08, 0x01, 0x16, 0xca,
  0x28, 0x01, 0x08, 0x8b, 0x08, 0x05, 00, 0x91, 00, 0x01, 0x3f, 0xd6, 0x36, 0x9a, 0x9b, 0xd2,
  0x1f, 00, 0x15, 0xeb, 0xe1, 0x03, 0x15, 0xaa, 0x36, 0x87, 0xb3, 0xf2, 0x16, 0x66, 0xd3, 0xf2,
  0x76, 0x3d, 0xe4, 0xf2, 0xcd, 0x0d, 00, 0x54, 0xea, 0x22, 0x40, 0xa9, 0x8c, 0x59, 0x8a, 0xd2,
  0x4b, 0x27, 0x40, 0xa9, 0x4c, 0x4e, 0xbe, 0xf2, 0x2c, 0xc1, 0xde, 0xf2, 0x79, 0x96, 0x92, 0xd2,
  0x1f, 0x20, 0x03, 0xd5, 0xe0, 0x6c, 0x0c, 0x10, 0xe8, 0x07, 0x08, 0xcb, 0x0c, 0xa1, 0xfa, 0xf2,
  0x99, 0x93, 0xaf, 0xf2, 0xf5, 0x03, 0x01, 0xaa, 0x08, 0x01, 0x16, 0xca, 0x59, 0xb0, 0xc7, 0xf2,
  0x08, 0x09, 00, 0x91, 0x59, 0xa8, 0xe6, 0xf2, 0x08, 0x01, 0x1c, 0xca, 0x28, 0x01, 0x08, 0x8b,
  0xe9, 0x03, 0x0a, 0xcb, 0xea, 0x0e, 0x40, 0xf9, 0x29, 0x01, 0x1c, 0xca, 0x08, 0x11, 0x40, 0xf9,
  0x29, 0x05, 00, 0x91, 0xea, 0x0b, 0x0a, 0xcb, 0x29, 0x01, 0x1c, 0xca, 0xe8, 0x0b, 0x08, 0xcb,
  0x69, 0x01, 0x09, 0x8b, 0x2b, 0x34, 0x97, 0xd2, 0x6b, 0x0e, 0xa7, 0xf2, 0x08, 0x01, 0x0c, 0xca,
  0x29, 0x11, 0x42, 0xf8, 0x2b, 0xcc, 0xc6, 0xf2, 0x08, 0x11, 00, 0x91, 0xeb, 0x7a, 0xe8, 0xf2,
  0x08, 0x01, 0x19, 0xca, 0x4a, 0x01, 0x0b, 0xca, 0x4b, 0x0f, 0x40, 0xf9, 0x28, 0x01, 0x08, 0x8b,
  0x4a, 0x11, 00, 0x91, 0x08, 0x05, 00, 0x91, 0x49, 0x01, 0x1c, 0xca, 0x69, 0x01, 0x09, 0x8b,
  0x21, 0x6d, 00, 0x91, 00, 0x01, 0x3f, 0xd6, 0xea, 0x22, 0x40, 0xa9, 0x1f, 0x20, 0x03, 0xd5,
  0x40, 0x6c, 0x0c, 0x10, 0x4b, 0x27, 0x40, 0xa9, 0xe8, 0x07, 0x08, 0xcb, 0x08, 0x01, 0x16, 0xca,
  0x08, 0x09, 00, 0x91, 0x08, 0x01, 0x1c, 0xca, 0x28, 0x01, 0x08, 0x8b, 0xe9, 0x03, 0x0a, 0xcb,
  0xea, 0x0e, 0x40, 0xf9, 0x29, 0x01, 0x1c, 0xca, 0x08, 0x25, 0x40, 0xf9, 0x29, 0x05, 00, 0x91,
  0xea, 0x0b, 0x0a, 0xcb, 0x29, 0x01, 0x1c, 0xca, 0xe8, 0x03, 0x08, 0xcb, 0x69, 0x01, 0x09, 0x8b,
  0x2b, 0x34, 0x97, 0xd2, 0x08, 0x01, 0x19, 0xca, 0x6b, 0x0e, 0xa7, 0xf2, 0x08, 0x0d, 0x08, 0x8b,
  0x29, 0x91, 0x44, 0xf8, 0x2b, 0xcc, 0xc6, 0xf2, 0xeb, 0x7a, 0xe8, 0xf2, 0x08, 0x25, 00, 0x91,
  0x4a, 0x01, 0x0b, 0xca, 0x08, 0x01, 0x19, 0xca, 0x4b, 0x0f, 0x40, 0xf9, 0x4a, 0x11, 00, 0x91,
  0x28, 0x01, 0x08, 0x8b, 0x49, 0x01, 0x1c, 0xca, 0x08, 0x05, 00, 0x91, 0x69, 0x01, 0x09, 0x8b,
  0x21, 0x79, 0x04, 0x91, 00, 0x01, 0x3f, 0xd6, 0xea, 0x22, 0x40, 0xa9, 0xc0, 00, 0x80, 0x52,
  0x49, 0x07, 0x40, 0xf9, 0x1f, 0x20, 0x03, 0xd5, 0x41, 0x63, 0x0c, 0x10, 0x1f, 0x20, 0x03, 0xd5,
  0x42, 0x67, 0x0c, 0x10, 0xe8, 0x07, 0x08, 0xcb, 0x08, 0x01, 0x16, 0xca, 0x08, 0x09, 00, 0x91,
  0x08, 0x01, 0x1c, 0xca, 0x28, 0x01, 0x08, 0x8b, 0xe9, 0x03, 0x0a, 0xcb, 0x4a, 0x03, 0x40, 0xf9,
  0x08, 0x0d, 0x40, 0xf9, 0x29, 0x01, 0x1c, 0xca, 0x29, 0x05, 00, 0x91, 0xe8, 0x03, 0x08, 0xcb,
  0x29, 0x01, 0x1c, 0xca, 0x08, 0x01, 0x19, 0xca, 0x49, 0x01, 0x09, 0x8b, 0x08, 0x05, 0x08, 0x8b,
  0x29, 0x91, 0x41, 0xf8, 0x08, 0x0d, 00, 0x91, 0x08, 0x01, 0x19, 0xca, 0x28, 0x01, 0x08, 0x8b,
  0x08, 0x05, 00, 0x91, 00, 0x01, 0x3f, 0xd6, 0xe1, 0x03, 0x15, 0xaa, 0x79, 0x96, 0x92, 0xd2,
  0xa8, 0x03, 0x5f, 0xf8, 0xf5, 0x07, 0x40, 0xf9, 0x99, 0x93, 0xaf, 0xf2, 0x1b, 0x47, 00, 0xb8,
  0x59, 0xb0, 0xc7, 0xf2, 0x18, 0x01, 00, 0xf9, 0x59, 0xa8, 0xe6, 0xf2, 0xda, 00, 00, 0x14,
  0xe0, 0x03, 0x1f, 0x2a, 0xf5, 00, 00, 0x14, 0x60, 0x19, 00, 0x36, 0xea, 0x22, 0x40, 0xa9,
  0xcb, 0x2c, 0x85, 0xd2, 0x49, 0x07, 0x40, 0xf9, 0x2b, 0x27, 0xbf, 0xf2, 0x73, 0x96, 0x92, 0xd2,
  0x8b, 0x60, 0xcf, 0xf2, 0x93, 0x93, 0xaf, 0xf2, 0x21, 0xf7, 0x7e, 0x92, 0xe8, 0x07, 0x08, 0xcb,
  0x8b, 0x50, 0xed, 0xf2, 0x53, 0xb0, 0xc7, 0xf2, 0x53, 0xa8, 0xe6, 0xf2, 0xe0, 0x03, 0x14, 0xaa,
  0x08, 0x01, 0x16, 0xca, 0x08, 0x09, 00, 0x91, 0x08, 0x01, 0x1c, 0xca, 0x28, 0x01, 0x08, 0x8b,
  0xe9, 0x03, 0x0a, 0xcb, 0x4a, 0x03, 0x40, 0xf9, 0x08, 0x09, 0x40, 0xf9, 0x29, 0x01, 0x1c, 0xca,
  0x29, 0x05, 00, 0x91, 0xe8, 0x07, 0x08, 0xcb, 0x29, 0x01, 0x1c, 0xca, 0x49, 0x01, 0x09, 0x8b,
  0x08, 0x01, 0x0b, 0xca, 0x29, 0x11, 0x41, 0xf8, 0x08, 0x09, 00, 0x91, 0x08, 0x01, 0x13, 0xca,
  0x28, 0x01, 0x08, 0x8b, 0x08, 0x05, 00, 0x91, 00, 0x01, 0x3f, 0xd6, 0xe8, 0x0f, 0x40, 0xf9,
  0xe1, 0x03, 00, 0xaa, 0x1f, 00, 0x08, 0xeb, 0x6d, 0x14, 00, 0x54, 0xe9, 0x22, 0x40, 0xa9,
  0xe0, 0x03, 0x14, 0xaa, 0x4a, 0x2f, 0x40, 0xa9, 0xe2, 0x03, 0x18, 0xaa, 0xa3, 00, 0x80, 0x52,
  0x04, 0xe0, 0xbf, 0x12, 0xe8, 0x07, 0x08, 0xcb, 0xe9, 0x03, 0x09, 0xcb, 0x29, 0x01, 0x1c, 0xca,
  0x08, 0x01, 0x16, 0xca, 0x29, 0x05, 00, 0x91, 0x08, 0x09, 00, 0x91, 0x29, 0x01, 0x1c, 0xca,
  0x08, 0x01, 0x1c, 0xca, 0x49, 0x01, 0x09, 0x8b, 0x68, 0x01, 0x08, 0x8b, 0x29, 0x91, 0x40, 0xf8,
  0x08, 0x05, 0x40, 0xf9, 0xe8, 0x03, 0x08, 0xcb, 0x08, 0x01, 0x13, 0xca, 0x08, 0x05, 00, 0x91,
  0x08, 0x01, 0x13, 0xca, 0x28, 0x01, 0x08, 0x8b, 0x08, 0x05, 00, 0x91, 00, 0x01, 0x3f, 0xd6,
  0xf3, 0x03, 0x1f, 0xaa, 0x8c, 00, 00, 0x14, 0x29, 0x9a, 0x9b, 0xd2, 0x08, 0x23, 00, 0x11,
  0xf9, 0x03, 0x16, 0xaa, 0x29, 0x87, 0xb3, 0xf2, 0x1f, 0x09, 0x40, 0xf2, 0xf4, 0x57, 0x01, 0xa9,
  0x09, 0x66, 0xd3, 0xf2, 0x69, 0x3d, 0xe4, 0xf2, 00, 0x0a, 00, 0x54, 0xe8, 0x03, 0x84, 0x52,
  0xf6, 0x03, 0x09, 0xaa, 0xf4, 0x03, 0x17, 0xaa, 0x68, 0xa0, 0xba, 0x72, 0xe0, 0x07, 0x41, 0xa9,
  0x08, 0x47, 00, 0xb8, 0xe2, 0x03, 0x18, 0xaa, 0xea, 0x22, 0x40, 0xa9, 0xf7, 0x03, 0x1a, 0xaa,
  0xe8, 0x07, 0x08, 0xcb, 0x08, 0x01, 0x09, 0xca, 0x49, 0x07, 0x40, 0xf9, 0x08, 0x09, 00, 0x91,
  0x08, 0x01, 0x1c, 0xca, 0x28, 0x01, 0x08, 0x8b, 0xe9, 0x03, 0x0a, 0xcb, 0x4a, 0x03, 0x40, 0xf9,
  0x08, 0x15, 0x40, 0xf9, 0x29, 0x01, 0x1c, 0xca, 0xba, 0x03, 0x5f, 0xf8, 0x29, 0x05, 00, 0x91,
  0xe8, 0x03, 0x08, 0xcb, 0x29, 0x01, 0x1c, 0xca, 0x58, 0x03, 00, 0xf9, 0x08, 0x01, 0x19, 0xca,
  0x49, 0x01, 0x09, 0x8b, 0x08, 0x09, 0x08, 0x8b, 0x29, 0x91, 0x42, 0xf8, 0x08, 0x15, 00, 0x91,
  0x08, 0x01, 0x19, 0xca, 0x28, 0x01, 0x08, 0x8b, 0x08, 0x05, 00, 0x91, 00, 0x01, 0x3f, 0xd6,
  0x32, 00, 00, 0x14, 0x79, 0x96, 0x92, 0xd2, 0xf3, 0x07, 0x40, 0xf9, 0xb4, 0x03, 0x5f, 0xf8,
  0x99, 0x93, 0xaf, 0xf2, 0x59, 0xb0, 0xc7, 0xf2, 0x59, 0xa8, 0xe6, 0xf2, 0x08, 0x08, 0x80, 0x52,
  0x69, 00, 0x80, 0x52, 0x0b, 0xb3, 0x94, 0xd2, 0x08, 00, 0xab, 0x72, 0x09, 0x80, 0xa2, 0x72,
  0x8b, 0x9c, 0xbc, 0xf2, 0x68, 0x13, 00, 0x33, 0x6b, 0x82, 0xdd, 0xf2, 00, 0x23, 00, 0x91,
  0x2b, 0x42, 0xf5, 0xf2, 0xa2, 0x23, 00, 0xd1, 0x01, 00, 0x80, 0x92, 0x08, 0x27, 00, 0x29,
  0x03, 0x01, 0x80, 0x52, 0xea, 0x22, 0x40, 0xa9, 0x49, 0x07, 0x40, 0xf9, 0xe8, 0x07, 0x08, 0xcb,
  0x08, 0x01, 0x16, 0xca, 0x08, 0x09, 00, 0x91, 0x08, 0x01, 0x1c, 0xca, 0x28, 0x01, 0x08, 0x8b,
  0xe9, 0x03, 0x0a, 0xcb, 0x4a, 0x03, 0x40, 0xf9, 0x08, 0x21, 0x40, 0xf9, 0x29, 0x01, 0x1c, 0xca,
  0x29, 0x05, 00, 0x91, 0xe8, 0x0f, 0x08, 0xcb, 0x29, 0x01, 0x1c, 0xca, 0x49, 0x01, 0x09, 0x8b,
  0x08, 0x01, 0x0b, 0xca, 0x29, 0x11, 0x44, 0xf8, 0x08, 0x21, 00, 0x91, 0x08, 0x01, 0x19, 0xca,
  0x28, 0x01, 0x08, 0x8b, 0x08, 0x05, 00, 0x91, 00, 0x01, 0x3f, 0xd6, 0x08, 0x43, 00, 0x91,
  0x88, 0x02, 00, 0xf9, 0x2e, 00, 00, 0x14, 0xf4, 0x03, 0x17, 0xaa, 0xf7, 0x03, 0x1a, 0xaa,
  0xba, 0x03, 0x5f, 0xf8, 0xf6, 0x03, 0x09, 0xaa, 0x08, 0x08, 0x80, 0x52, 0x69, 00, 0x80, 0x52,
  0x0b, 0xb3, 0x94, 0xd2, 0x08, 00, 0xab, 0x72, 0x09, 0x80, 0xa2, 0x72, 0x8b, 0x9c, 0xbc, 0xf2,
  0x68, 0x13, 00, 0x33, 0x6b, 0x82, 0xdd, 0xf2, 0xf5, 0x07, 0x40, 0xf9, 0x2b, 0x42, 0xf5, 0xf2,
  00, 0x23, 00, 0x91, 0xa2, 0x23, 00, 0xd1, 0x08, 0x27, 00, 0x29, 0x01, 00, 0x80, 0x92,
  0x03, 0x01, 0x80, 0x52, 0x8a, 0x22, 0x40, 0xa9, 0xe9, 0x06, 0x40, 0xf9, 0xe8, 0x07, 0x08, 0xcb,
  0x08, 0x01, 0x16, 0xca, 0x08, 0x09, 00, 0x91, 0x08, 0x01, 0x1c, 0xca, 0x28, 0x01, 0x08, 0x8b,
  0xe9, 0x03, 0x0a, 0xcb, 0xea, 0x02, 0x40, 0xf9, 0x08, 0x21, 0x40, 0xf9, 0x29, 0x01, 0x1c, 0xca,
  0x29, 0x05, 00, 0x91, 0xe8, 0x0f, 0x08, 0xcb, 0x29, 0x01, 0x1c, 0xca, 0x49, 0x01, 0x09, 0x8b,
  0x08, 0x01, 0x0b, 0xca, 0x29, 0x11, 0x44, 0xf8, 0x08, 0x21, 00, 0x91, 0x08, 0x01, 0x19, 0xca,
  0x28, 0x01, 0x08, 0x8b, 0x08, 0x05, 00, 0x91, 00, 0x01, 0x3f, 0xd6, 0x08, 0x43, 00, 0x91,
  0x48, 0x03, 00, 0xf9, 0xfa, 0x03, 0x17, 0xaa, 0xf7, 0x03, 0x14, 0xaa, 0xf4, 0x0b, 0x40, 0xf9,
  0x10, 00, 00, 0x14, 0x08, 0x15, 0x80, 0x52, 0x28, 0x50, 0x08, 0x9b, 0x08, 0x09, 0x40, 0xf9,
  0x13, 0x01, 0x18, 0xcb, 0x68, 0x52, 0x1d, 0x53, 0x69, 0x33, 0x08, 0x12, 0x79, 0x96, 0x92, 0xd2,
  0x99, 0x93, 0xaf, 0xf2, 0xf3, 0x07, 0x40, 0xf9, 0x08, 0x01, 0x09, 0x2a, 0x59, 0xb0, 0xc7, 0xf2,
  0x08, 0x47, 00, 0xb8, 0xa8, 0x03, 0x5f, 0xf8, 0x59, 0xa8, 0xe6, 0xf2, 0x18, 0x01, 00, 0xf9,
  0xe1, 0x0f, 0x40, 0xf9, 0xe8, 0x06, 0x40, 0xf9, 0x49, 0x07, 0x40, 0xf9, 0xca, 00, 0x80, 0x52,
  0xcb, 00, 0x80, 0xd2, 0xe0, 0x03, 0x14, 0xaa, 0xe8, 0x07, 0x08, 0xcb, 0x08, 0x01, 0x16, 0xca,
  0x08, 0x09, 00, 0x91, 0x08, 0x01, 0x1c, 0xca, 0x28, 0x01, 0x08, 0x8b, 0xe9, 0x02, 0x40, 0xf9,
  0x08, 0x19, 0x40, 0xf9, 0xe9, 0x03, 0x09, 0xcb, 0xe8, 0x03, 0x08, 0xcb, 0x29, 0x01, 0x1c, 0xca,
  0x08, 0x01, 0x19, 0xca, 0x29, 0x05, 00, 0x91, 0x08, 0x2d, 0x0a, 0x9b, 0x4a, 0x03, 0x40, 0xf9,
  0x29, 0x01, 0x1c, 0xca, 0x49, 0x01, 0x09, 0x8b, 0x29, 0x11, 0x43, 0xf8, 0x08, 0x01, 0x19, 0xca,
  0x28, 0x01, 0x08, 0x8b, 0x08, 0x05, 00, 0x91, 00, 0x01, 0x3f, 0xd6, 0xa8, 0x12, 00, 0x91,
  0x20, 00, 0x80, 0x52, 0x68, 0x02, 00, 0xf9, 0xf4, 0x4f, 0x48, 0xa9, 0xf6, 0x57, 0x47, 0xa9,
  0xf8, 0x5f, 0x46, 0xa9, 0xfa, 0x67, 0x45, 0xa9, 0xfc, 0x6f, 0x44, 0xa9, 0xfd, 0x7b, 0x43, 0xa9,
  0xff, 0x43, 0x02, 0x91, 0xc0, 0x03, 0x5f, 0xd6, 0x08, 0x15, 0x80, 0x52, 0x28, 00, 0x08, 0x9b,
  0x0a, 0x0d, 0x40, 0xf9, 0xea, 0x0e, 00, 0xb4, 0x09, 0x01, 0x41, 0xb8, 0x1f, 0x81, 0x01, 0xf8,
  0x0b, 0x31, 0x44, 0x29, 0x29, 0x01, 0x0a, 0x4b, 0x29, 0x7d, 0x02, 0x13, 0x29, 0x21, 0xcb, 0x1a,
  0x4b, 0x01, 0x40, 0xb9, 0x2c, 0x01, 0x0c, 0x0a, 0x09, 0x81, 0x42, 0xf8, 0x8b, 0x01, 0x0b, 0x2a,
  0x4b, 0x01, 00, 0xb9, 0x69, 0x0d, 00, 0xb4, 0x0a, 0x01, 0x41, 0xb8, 0x1f, 0x81, 0x02, 0xf8,
  0x0b, 0x31, 0x46, 0x29, 0x4a, 0x01, 0x09, 0x4b, 0x4a, 0x7d, 0x02, 0x13, 0x4a, 0x21, 0xcb, 0x1a,
  0x2b, 0x01, 0x40, 0xb9, 0x4c, 0x01, 0x0c, 0x0a, 0x0a, 0x81, 0x43, 0xf8, 0x8b, 0x01, 0x0b, 0x2a,
  0x2b, 0x01, 00, 0xb9, 0xea, 0x0b, 00, 0xb4, 0x09, 0x01, 0x41, 0xb8, 0x1f, 0x81, 0x03, 0xf8,
  0x0b, 0x31, 0x48, 0x29, 0x29, 0x01, 0x0a, 0x4b, 0x29, 0x7d, 0x02, 0x13, 0x29, 0x21, 0xcb, 0x1a,
  0x4b, 0x01, 0x40, 0xb9, 0x2c, 0x01, 0x0c, 0x0a, 0x09, 0x81, 0x44, 0xf8, 0x8b, 0x01, 0x0b, 0x2a,
  0x4b, 0x01, 00, 0xb9, 0x69, 0x0a, 00, 0xb4, 0x0a, 0x01, 0x41, 0xb8, 0x1f, 0x81, 0x04, 0xf8,
  0x0b, 0x31, 0x4a, 0x29, 0x4a, 0x01, 0x09, 0x4b, 0x4a, 0x7d, 0x02, 0x13, 0x4a, 0x21, 0xcb, 0x1a,
  0x2b, 0x01, 0x40, 0xb9, 0x4c, 0x01, 0x0c, 0x0a, 0x0a, 0x81, 0x45, 0xf8, 0x8b, 0x01, 0x0b, 0x2a,
  0x2b, 0x01, 00, 0xb9, 0xea, 0x08, 00, 0xb4, 0x09, 0x01, 0x41, 0xb8, 0x1f, 0x81, 0x05, 0xf8,
  0x0b, 0x31, 0x4c, 0x29, 0x29, 0x01, 0x0a, 0x4b, 0x29, 0x7d, 0x02, 0x13, 0x29, 0x21, 0xcb, 0x1a,
  0x4b, 0x01, 0x40, 0xb9, 0x2c, 0x01, 0x0c, 0x0a, 0x09, 0x81, 0x46, 0xf8, 0x8b, 0x01, 0x0b, 0x2a,
  0x4b, 0x01, 00, 0xb9, 0x69, 0x07, 00, 0xb4, 0x0a, 0x01, 0x41, 0xb8, 0x1f, 0x81, 0x06, 0xf8,
  0x0b, 0x31, 0x4e, 0x29, 0x4a, 0x01, 0x09, 0x4b, 0x4a, 0x7d, 0x02, 0x13, 0x4a, 0x21, 0xcb, 0x1a,
  0x2b, 0x01, 0x40, 0xb9, 0x4c, 0x01, 0x0c, 0x0a, 0x0a, 0x81, 0x47, 0xf8, 0x8b, 0x01, 0x0b, 0x2a,
  0x2b, 0x01, 00, 0xb9, 0xea, 0x05, 00, 0xb4, 0x09, 0x01, 0x41, 0xb8, 0x1f, 0x81, 0x07, 0xf8,
  0x0b, 0x31, 0x50, 0x29, 0x29, 0x01, 0x0a, 0x4b, 0x29, 0x7d, 0x02, 0x13, 0x29, 0x21, 0xcb, 0x1a,
  0x4b, 0x01, 0x40, 0xb9, 0x2c, 0x01, 0x0c, 0x0a, 0x09, 0x81, 0x48, 0xf8, 0x8b, 0x01, 0x0b, 0x2a,
  0x4b, 0x01, 00, 0xb9, 0x69, 0x04, 00, 0xb4, 0x0a, 0x01, 0x41, 0xb8, 0x1f, 0x81, 0x08, 0xf8,
  0x0b, 0x31, 0x52, 0x29, 0x4a, 0x01, 0x09, 0x4b, 0x4a, 0x7d, 0x02, 0x13, 0x4a, 0x21, 0xcb, 0x1a,
  0x2b, 0x01, 0x40, 0xb9, 0x4c, 0x01, 0x0c, 0x0a, 0x0a, 0x81, 0x49, 0xf8, 0x8b, 0x01, 0x0b, 0x2a,
  0x2b, 0x01, 00, 0xb9, 0xea, 0x02, 00, 0xb4, 0x09, 0x01, 0x41, 0xb8, 0x1f, 0x81, 0x09, 0xf8,
  0x0b, 0x31, 0x54, 0x29, 0x29, 0x01, 0x0a, 0x4b, 0x29, 0x7d, 0x02, 0x13, 0x29, 0x21, 0xcb, 0x1a,
  0x4b, 0x01, 0x40, 0xb9, 0x2c, 0x01, 0x0c, 0x0a, 0x09, 0x81, 0x4a, 0xf8, 0x8b, 0x01, 0x0b, 0x2a,
  0x4b, 0x01, 00, 0xb9, 0x69, 0x01, 00, 0xb4, 0x0a, 0x01, 0x41, 0xb8, 0x1f, 0x81, 0x0a, 0xf8,
  0x0b, 0x31, 0x56, 0x29, 0x4a, 0x01, 0x09, 0x4b, 0x4a, 0x7d, 0x02, 0x13, 0x4a, 0x21, 0xcb, 0x1a,
  0x2b, 0x01, 0x40, 0xb9, 0x4a, 0x01, 0x0c, 0x0a, 0x4a, 0x01, 0x0b, 0x2a, 0x2a, 0x01, 00, 0xb9,
  0xc0, 0x03, 0x5f, 0xd6, 0xfd, 0x7b, 0xbe, 0xa9, 0xf4, 0x4f, 0x01, 0xa9, 0xfd, 0x03, 00, 0x91,
  0x09, 0x3d, 0x97, 0xd2, 0x48, 00, 00, 0xd0, 0xf3, 0x03, 0x02, 0xaa, 0xc9, 0xab, 0xa1, 0xf2,
  0x08, 0x6d, 0x41, 0xf9, 0xf4, 0x03, 00, 0xaa, 0x09, 0xf2, 0xd5, 0xf2, 0xe9, 0x49, 0xf2, 0xf2,
  0x08, 0x69, 0x69, 0xf8, 0xa9, 0xe3, 0x9f, 0xd2, 0xa9, 0x8b, 0xa8, 0xf2, 0x89, 0xee, 0xcd, 0xf2,
  0x09, 0x40, 0xfe, 0xf2, 0x08, 0x01, 0x09, 0x8b, 00, 0x01, 0x3f, 0xd6, 0x08, 0x15, 0x80, 0x52,
  0x08, 0x50, 0x08, 0x9b, 0x13, 0x09, 00, 0xf9, 0xf4, 0x4f, 0x41, 0xa9, 0xfd, 0x7b, 0xc2, 0xa8,
  0xc0, 0x03, 0x5f, 0xd6, 0x08, 0x24, 0x40, 0xa9, 0x1f, 0x01, 0x01, 0xeb, 0x24, 0xd1, 0x41, 0xfa,
  0xe0, 0xd7, 0x9f, 0x1a, 0xc0, 0x03, 0x5f, 0xd6, 0x08, 0x15, 0x80, 0x52, 0x28, 00, 0x08, 0x9b,
  0x02, 0x09, 00, 0xf9, 0xc0, 0x03, 0x5f, 0xd6, 0xea, 0x5f, 0x91, 0xd2, 0x49, 00, 00, 0xd0,
  0xe8, 0x03, 0x01, 0xaa, 0x0a, 0x28, 0xbc, 0xf2, 0x29, 0x75, 0x41, 0xf9, 0xe1, 0x03, 0x02, 0xaa,
  0xea, 0x01, 0xd8, 0xf2, 0xe2, 0x03, 0x03, 0xaa, 0xe3, 0x03, 0x08, 0xaa, 0x0a, 0x95, 0xe3, 0xf2,
  0x29, 0x69, 0x6a, 0xf8, 0x2a, 0xc9, 0x84, 0xd2, 0xaa, 0x5f, 0xa8, 0xf2, 0x4a, 0x62, 0xd6, 0xf2,
  0x8a, 0xfc, 0xfd, 0xf2, 0x24, 0x01, 0x0a, 0x8b, 0x80, 00, 0x1f, 0xd6, 0x08, 00, 0x40, 0xf9,
  0x28, 00, 0x08, 0xcb, 00, 0xfd, 0x42, 0xd3, 0xc0, 0x03, 0x5f, 0xd6, 0x08, 0x15, 0x80, 0x52,
  0x28, 00, 0x08, 0x9b, 0x09, 0x8d, 0x41, 0xf8, 0xa9, 0x03, 00, 0xb4, 0xe9, 0x03, 0x08, 0xaa,
  0x2a, 0x0d, 0x41, 0xf8, 0x2a, 0x03, 00, 0xb4, 0xe9, 0x03, 0x08, 0xaa, 0x2a, 0x0d, 0x42, 0xf8,
  0xca, 0x02, 00, 0xb4, 0xe9, 0x03, 0x08, 0xaa, 0x2a, 0x0d, 0x43, 0xf8, 0x6a, 0x02, 00, 0xb4,
  0xe9, 0x03, 0x08, 0xaa, 0x2a, 0x0d, 0x44, 0xf8, 0x0a, 0x02, 00, 0xb4, 0xe9, 0x03, 0x08, 0xaa,
  0x2a, 0x0d, 0x45, 0xf8, 0xaa, 0x01, 00, 0xb4, 0xe9, 0x03, 0x08, 0xaa, 0x2a, 0x0d, 0x46, 0xf8,
  0x4a, 0x01, 00, 0xb4, 0xe9, 0x03, 0x08, 0xaa, 0x2a, 0x0d, 0x47, 0xf8, 0xea, 00, 00, 0xb4,
  0xe9, 0x03, 0x08, 0xaa, 0x2a, 0x0d, 0x48, 0xf8, 0x8a, 00, 00, 0xb4, 0x09, 0x0d, 0x49, 0xf8,
  0xa9, 00, 00, 0xb5, 0x02, 00, 00, 0x14, 0xe8, 0x03, 0x09, 0xaa, 0x02, 0x01, 00, 0xf9,
  0x03, 0x11, 0x01, 0x29, 0xc0, 0x03, 0x5f, 0xd6, 0x68, 0x59, 0x83, 0xd2, 0x49, 00, 00, 0xd0,
  0x08, 0x2a, 0xab, 0xf2, 0x2a, 0x85, 0x41, 0xf9, 0x88, 0xd7, 0xc0, 0xf2, 0xa8, 0x74, 0xe3, 0xf2,
  0x4a, 0x69, 0x68, 0xb8, 0x5f, 0x05, 00, 0x71, 0xe0, 0x07, 00, 0x54, 0x2a, 0x74, 0x40, 0x39,
  0xeb, 0x03, 0x2a, 0x2a, 0x0b, 00, 00, 0x39, 0x2c, 0x78, 0x40, 0x39, 0x2d, 0x04, 0x40, 0x39,
  0x4a, 0x01, 0x0c, 0x4b, 0x8b, 0x01, 0x0b, 0x4b, 0xbf, 0x01, 00, 0x72, 0xaa, 0x01, 0x0a, 0x4a,
  0x6b, 0x01, 0x0d, 0x4a, 0x4a, 0x05, 0x8b, 0x5a, 0x4a, 0x01, 0x0d, 0x4a, 0x0a, 0x04, 00, 0x39,
  0x2b, 0x7c, 0x40, 0x39, 0x6a, 0x01, 0x0a, 0x0b, 0xeb, 0x03, 0x2a, 0x2a, 0x0b, 0x08, 00, 0x39,
  0x2c, 0x80, 0x40, 0x39, 0x2d, 0x0c, 0x40, 0x39, 0x4a, 0x01, 0x0c, 0x4b, 0x8b, 0x01, 0x0b, 0x4b,
  0xbf, 0x01, 00, 0x72, 0xaa, 0x01, 0x0a, 0x4a, 0x6b, 0x01, 0x0d, 0x4a, 0x4a, 0x05, 0x8b, 0x5a,
  0x4a, 0x01, 0x0d, 0x4a, 0x0a, 0x0c, 00, 0x39, 0x2b, 0x84, 0x40, 0x39, 0x6a, 0x01, 0x0a, 0x0b,
  0xeb, 0x03, 0x2a, 0x2a, 0x0b, 0x10, 00, 0x39, 0x2c, 0x88, 0x40, 0x39, 0x2d, 0x14, 0x40, 0x39,
  0x4a, 0x01, 0x0c, 0x4b, 0x8b, 0x01, 0x0b, 0x4b, 0xbf, 0x01, 00, 0x72, 0xaa, 0x01, 0x0a, 0x4a,
  0x6b, 0x01, 0x0d, 0x4a, 0x4a, 0x05, 0x8b, 0x5a, 0x4a, 0x01, 0x0d, 0x4a, 0x0a, 0x14, 00, 0x39,
  0x2b, 0x8c, 0x40, 0x39, 0x6a, 0x01, 0x0a, 0x0b, 0xeb, 0x03, 0x2a, 0x2a, 0x0b, 0x18, 00, 0x39,
  0x2c, 0x90, 0x40, 0x39, 0x2d, 0x1c, 0x40, 0x39, 0x4a, 0x01, 0x0c, 0x4b, 0x8b, 0x01, 0x0b, 0x4b,
  0xbf, 0x01, 00, 0x72, 0xaa, 0x01, 0x0a, 0x4a, 0x6b, 0x01, 0x0d, 0x4a, 0x4a, 0x05, 0x8b, 0x5a,
  0x4a, 0x01, 0x0d, 0x4a, 0x0a, 0x1c, 00, 0x39, 0x2b, 0x94, 0x40, 0x39, 0x29, 0x85, 0x41, 0xf9,
  0x6a, 0x01, 0x0a, 0x0b, 0xea, 0x03, 0x2a, 0x2a, 0x0a, 0x20, 00, 0x39, 0x2a, 00, 0x80, 0x52,
  0x2a, 0x69, 0x28, 0xb8, 0xc0, 0x03, 0x5f, 0xd6, 0x29, 0x05, 0x84, 0xd2, 0x48, 00, 00, 0xd0,
  0xc9, 0xb3, 0xa3, 0xf2, 0x0a, 0x89, 0x41, 0xf9, 0x89, 0x71, 0xd4, 0xf2, 0x89, 0x2c, 0xe9, 0xf2,
  0x4a, 0x69, 0x69, 0xb8, 0x5f, 0x05, 00, 0x71, 0x40, 0x04, 00, 0x54, 0x2c, 0x59, 0x88, 0xd2,
  0xea, 0x03, 0x1f, 0xaa, 0xed, 0x03, 0x1f, 0x2a, 0xcc, 0x42, 0xb6, 0xf2, 0xeb, 0x02, 0x80, 0x52,
  0xee, 0x02, 0x80, 0x52, 0x0c, 0xb2, 0xd0, 0xf2, 0x8c, 0x85, 0xec, 0xf2, 0x4f, 0x7d, 0xcc, 0x9b,
  0x50, 0x01, 0x0f, 0xcb, 0xef, 0x05, 0x50, 0x8b, 0x30, 0x68, 0x6e, 0x38, 0xef, 0xfd, 0x44, 0xd3,
  0x02, 0x02, 0x0d, 0x4b, 0x0d, 0x02, 0x0d, 0x0b, 0xef, 0xa9, 0x0b, 0x9b, 0x4a, 0x05, 00, 0x91,
  0x31, 0x68, 0x6f, 0x38, 0xef, 0x7d, 0x11, 0x1b, 0x50, 00, 0x11, 0x4a, 0x2d, 0x02, 0x2d, 0x4a,
  0xff, 0x01, 00, 0x72, 0xcf, 0x05, 00, 0x91, 0x0e, 00, 0x0e, 0x8b, 0xad, 0x05, 0x90, 0x5a,
  0xff, 0x4d, 0x01, 0xf1, 0xad, 0x01, 0x11, 0x4a, 0xcd, 0x91, 0x1e, 0x38, 0xee, 0x03, 0x0f, 0xaa,
  0x61, 0xfd, 0xff, 0x54, 0x08, 0x89, 0x41, 0xf9, 0x2a, 00, 0x80, 0x52, 0x0a, 0x69, 0x29, 0xb8,
  0xc0, 0x03, 0x5f, 0xd6, 0x49, 0xb5, 0x96, 0xd2, 0x48, 00, 00, 0xd0, 0x29, 0xa1, 0xbd, 0xf2,
  0x0a, 0x8d, 0x41, 0xf9, 0x89, 0x50, 0xd5, 0xf2, 0x49, 0xc8, 0xf2, 0xf2, 0x4a, 0x69, 0x69, 0xb8,
  0x5f, 0x05, 00, 0x71, 0x20, 0x04, 00, 0x54, 0xac, 0x24, 0x89, 0xd2, 0xea, 0x03, 0x1f, 0xaa,
  0xed, 0x03, 0x1f, 0x2a, 0x4c, 0x92, 0xa4, 0xf2, 0x8b, 0x03, 0x80, 0x52, 0x8e, 0x03, 0x80, 0x52,
  0x2c, 0x49, 0xd2, 0xf2, 0x8c, 0x24, 0xe9, 0xf2, 0x4f, 0xfd, 0x42, 0xd3, 0x30, 0x68, 0x6e, 0x38,
  0xef, 0x7d, 0xcc, 0x9b, 0x02, 0x02, 0x0d, 0x4b, 0x0d, 0x02, 0x0d, 0x0b, 0xef, 0xfd, 0x41, 0xd3,
  0xef, 0xa9, 0x0b, 0x9b, 0x4a, 0x05, 00, 0x91, 0x31, 0x68, 0x6f, 0x38, 0xef, 0x7d, 0x11, 0x1b,
  0x50, 00, 0x11, 0x4a, 0x2d, 0x02, 0x2d, 0x4a, 0xff, 0x01, 00, 0x72, 0xcf, 0x05, 00, 0x91,
  0x0e, 00, 0x0e, 0x8b, 0xad, 0x05, 0x90, 0x5a, 0xff, 0x41, 0x01, 0xf1, 0xad, 0x01, 0x11, 0x4a,
  0xcd, 0x41, 0x1e, 0x38, 0xee, 0x03, 0x0f, 0xaa, 0x81, 0xfd, 0xff, 0x54, 0x08, 0x8d, 0x41, 0xf9,
  0x2a, 00, 0x80, 0x52, 0x0a, 0x69, 0x29, 0xb8, 0xc0, 0x03, 0x5f, 0xd6, 0xe9, 0x40, 0x84, 0xd2,
  0x48, 00, 00, 0xd0, 0x09, 0x17, 0xab, 0xf2, 0x0a, 0x91, 0x41, 0xf9, 0xc9, 0x15, 0xc5, 0xf2,
  0x29, 0x9e, 0xf6, 0xf2, 0x4a, 0x69, 0x69, 0xb8, 0x5f, 0x05, 00, 0x71, 00, 0x04, 00, 0x54,
  0xec, 0x4b, 0x88, 0xd2, 0xea, 0x03, 0x1f, 0xaa, 0xed, 0x03, 0x1f, 0x2a, 0x6c, 0x2f, 0xa1, 0xf2,
  0x6b, 0x03, 0x80, 0x52, 0x6e, 0x03, 0x80, 0x52, 0xac, 0xbd, 0xc4, 0xf2, 0x8c, 0xf6, 0xf2, 0xf2,
  0x4f, 0x7d, 0xcc, 0x9b, 0x30, 0x68, 0x6e, 0x38, 0x02, 0x02, 0x0d, 0x4b, 0x0d, 0x02, 0x0d, 0x0b,
  0xef, 0xfd, 0x44, 0xd3, 0xef, 0xa9, 0x0b, 0x9b, 0x4a, 0x05, 00, 0x91, 0x31, 0x68, 0x6f, 0x38,
  0xef, 0x7d, 0x11, 0x1b, 0x50, 00, 0x11, 0x4a, 0x2d, 0x02, 0x2d, 0x4a, 0xff, 0x01, 00, 0x72,
  0xcf, 0x05, 00, 0x91, 0x0e, 00, 0x0e, 0x8b, 0xad, 0x05, 0x90, 0x5a, 0xff, 0x39, 0x01, 0xf1,
  0xad, 0x01, 0x11, 0x4a, 0xcd, 0x51, 0x1e, 0x38, 0xee, 0x03, 0x0f, 0xaa, 0xa1, 0xfd, 0xff, 0x54,
  0x08, 0x91, 0x41, 0xf9, 0x2a, 00, 0x80, 0x52, 0x0a, 0x69, 0x29, 0xb8, 0xc0, 0x03, 0x5f, 0xd6,
  0x29, 0xf7, 0x8a, 0xd2, 0x48, 00, 00, 0xd0, 0x49, 0xbb, 0xbe, 0xf2, 0x0a, 0x95, 0x41, 0xf9,
  0xc9, 0x69, 0xc9, 0xf2, 0x89, 0xfc, 0xfc, 0xf2, 0x4a, 0x69, 0x69, 0xb8, 0x5f, 0x05, 00, 0x71,
  0x40, 0x04, 00, 0x54, 0x2c, 0x59, 0x88, 0xd2, 0xea, 0x03, 0x1f, 0xaa, 0xed, 0x03, 0x1f, 0x2a,
  0xcc, 0x42, 0xb6, 0xf2, 0xeb, 0x02, 0x80, 0x52, 0xee, 0x02, 0x80, 0x52, 0x0c, 0xb2, 0xd0, 0xf2,
  0x8c, 0x85, 0xec, 0xf2, 0x4f, 0x7d, 0xcc, 0x9b, 0x50, 0x01, 0x0f, 0xcb, 0xef, 0x05, 0x50, 0x8b,
  0x30, 0x68, 0x6e, 0x38, 0xef, 0xfd, 0x44, 0xd3, 0x02, 0x02, 0x0d, 0x4b, 0x0d, 0x02, 0x0d, 0x0b,
  0xef, 0xa9, 0x0b, 0x9b, 0x4a, 0x05, 00, 0x91, 0x31, 0x68, 0x6f, 0x38, 0xef, 0x7d, 0x11, 0x1b,
  0x50, 00, 0x11, 0x4a, 0x2d, 0x02, 0x2d, 0x4a, 0xff, 0x01, 00, 0x72, 0xcf, 0x05, 00, 0x91,
  0x0e, 00, 0x0e, 0x8b, 0xad, 0x05, 0x90, 0x5a, 0xff, 0xd9, 00, 0xf1, 0xad, 0x01, 0x11, 0x4a,
  0xcd, 0x91, 0x1e, 0x38, 0xee, 0x03, 0x0f, 0xaa, 0x61, 0xfd, 0xff, 0x54, 0x08, 0x95, 0x41, 0xf9,
  0x2a, 00, 0x80, 0x52, 0x0a, 0x69, 0x29, 0xb8, 0xc0, 0x03, 0x5f, 0xd6, 0x5f, 0x24, 0x03, 0xd5,
  0xc8, 00, 00, 0x90, 0x09, 0x75, 0x44, 0xf9, 0x69, 00, 00, 0xb4, 0xa9, 00, 0xe0, 0x36,
  0x0f, 00, 00, 0x14, 0x29, 00, 0x3b, 0xd5, 0x09, 0x75, 0x04, 0xf9, 0x89, 0x01, 0xe0, 0x37,
  0x29, 0x4d, 0x10, 0x53, 0x8a, 00, 0x80, 0x52, 0x49, 0x21, 0xc9, 0x1a, 0xea, 0x03, 0x09, 0xcb,
  0x4a, 0x01, 00, 0x8a, 0x5f, 0x01, 0x01, 0xeb, 0xa2, 00, 00, 0x54, 0x2a, 0x7b, 0x0b, 0xd5,
  0x4a, 0x01, 0x09, 0x8b, 0x5f, 0x01, 0x01, 0xeb, 0xa3, 0xff, 0xff, 0x54, 0x9f, 0x3b, 0x03, 0xd5,
  0x08, 0x75, 0x44, 0xf9, 0xa8, 0x01, 0xe8, 0x37, 0x08, 0x0d, 00, 0x12, 0x89, 00, 0x80, 0x52,
  0x28, 0x21, 0xc8, 0x1a, 0xe9, 0x03, 0x08, 0xcb, 0x29, 0x01, 00, 0x8a, 0x3f, 0x01, 0x01, 0xeb,
  0xa2, 00, 00, 0x54, 0x29, 0x75, 0x0b, 0xd5, 0x29, 0x01, 0x08, 0x8b, 0x3f, 0x01, 0x01, 0xeb,
  0xa3, 0xff, 0xff, 0x54, 0x9f, 0x3b, 0x03, 0xd5, 0xdf, 0x3f, 0x03, 0xd5, 0xc0, 0x03, 0x5f, 0xd6,
  0x5f, 0x24, 0x03, 0xd5, 0xd0, 00, 00, 0x90, 0x10, 0xc2, 0x63, 0x39, 0x70, 00, 00, 0x34,
  0x41, 0xfc, 0xe0, 0x88, 0xc0, 0x03, 0x5f, 0xd6, 0xf0, 0x03, 00, 0x2a, 0x40, 0xfc, 0x5f, 0x88,
  0x1f, 00, 0x10, 0x6b, 0x61, 00, 00, 0x54, 0x41, 0xfc, 0x11, 0x88, 0x91, 0xff, 0xff, 0x35,
  0xc0, 0x03, 0x5f, 0xd6, 0x3f, 0x23, 0x03, 0xd5, 0xff, 0xc3, 0x01, 0xd1, 0xfe, 0x33, 00, 0xf9,
  00, 0x02, 0x80, 0x52, 0xd3, 0x01, 00, 0x94, 0xe0, 00, 0x40, 0x37, 0xc9, 00, 00, 0x90,
  0xfe, 0x33, 0x40, 0xf9, 0x3f, 0xc1, 0x23, 0x39, 0xff, 0xc3, 0x01, 0x91, 0xbf, 0x23, 0x03, 0xd5,
  0xc0, 0x03, 0x5f, 0xd6, 0x1f, 0x20, 0x03, 0xd5, 0x80, 0x0d, 0xfd, 0x10, 0xe1, 0x13, 00, 0x91,
  0xcc, 0x01, 00, 0x94, 0x1f, 00, 00, 0x71, 0xcd, 0x01, 00, 0x54, 0xc1, 0xff, 0xff, 0xd0,
  0x21, 0x80, 0x27, 0x91, 0xe0, 0x13, 00, 0x91, 0x42, 0x01, 0x80, 0x52, 0xbd, 0x01, 00, 0x94,
  0x1f, 00, 00, 0x71, 0xe8, 0x07, 0x9f, 0x1a, 0xc9, 00, 00, 0x90, 0xfe, 0x33, 0x40, 0xf9,
  0x28, 0xc1, 0x23, 0x39, 0xff, 0xc3, 0x01, 0x91, 0xbf, 0x23, 0x03, 0xd5, 0xc0, 0x03, 0x5f, 0xd6,
  0x28, 00, 0x80, 0x52, 0xc9, 00, 00, 0x90, 0xfe, 0x33, 0x40, 0xf9, 0x28, 0xc1, 0x23, 0x39,
  0xff, 0xc3, 0x01, 0x91, 0xbf, 0x23, 0x03, 0xd5, 0xc0, 0x03, 0x5f, 0xd6, 0x5f, 0x24, 0x03, 0xd5,
  0xa0, 00, 0xf0, 0xb7, 0xe9, 0x03, 0x1f, 0xaa, 0xc8, 00, 00, 0x90, 0xa0, 00, 0x38, 0x37,
  0x07, 00, 00, 0x14, 0x29, 0x08, 0x40, 0xf9, 0xc8, 00, 00, 0x90, 0x80, 00, 0x38, 0x36,
  0x0a, 0x7d, 0x44, 0xf9, 0x4a, 0x01, 0x76, 0xb2, 0x0a, 0x7d, 0x04, 0xf9, 0x20, 0x0a, 0x20, 0x37,
  0x80, 0x0a, 0xd8, 0x37, 0xe9, 0x0a, 0x38, 0x37, 0xea, 0x03, 0x20, 0x2a, 0x5f, 0x05, 0x6e, 0xf2,
  0x40, 0x0b, 00, 0x54, 0xa0, 0x0b, 0xa0, 0x37, 00, 0x0c, 0xb8, 0x37, 0x60, 0x0c, 0x48, 0x37,
  00, 0x0d, 0xc0, 0x37, 0x60, 0x0d, 0x60, 0x37, 0xc0, 0x0d, 0xd0, 0x37, 0x20, 0x0e, 0x18, 0x37,
  0x80, 0x0e, 0x28, 0x37, 0xe0, 0x0e, 0x30, 0x37, 0x40, 0x0f, 0x68, 0x37, 0xa0, 0x0f, 0x70, 0x37,
  00, 0x10, 0xe8, 0x37, 0x60, 0x10, 0xe0, 0x37, 0xc9, 0x10, 0x90, 0x37, 0x29, 0x11, 0xb0, 0x37,
  0x89, 0x11, 0x10, 0x37, 0xe9, 0x11, 0x18, 0x37, 0x49, 0x12, 0x20, 0x37, 0xa9, 0x12, 0x28, 0x37,
  0x09, 0x13, 0x30, 0x37, 0x69, 0x13, 00, 0x37, 0xc0, 0x13, 0x40, 0x37, 0x29, 0x14, 0x80, 0x37,
  0x89, 0x14, 0x68, 0x37, 0xe9, 0x14, 00, 0xb7, 0x49, 0x15, 0x08, 0xb7, 0xa9, 0x15, 0x78, 0x37,
  0x09, 0x16, 0x40, 0x37, 0x69, 0x16, 0x48, 0x37, 0xc9, 0x16, 0x50, 0x37, 0x29, 0x17, 0x58, 0x37,
  0x89, 0x17, 0x88, 0x37, 0xe9, 0x17, 0xa8, 0x37, 0x49, 0x18, 0xf8, 0x37, 0xa9, 0x18, 0xb8, 0x37,
  0x09, 0x19, 0xc0, 0x37, 0x69, 0x19, 0xc8, 0x37, 0xc9, 0x19, 0x58, 0xb7, 0x20, 0x1a, 0x58, 0x37,
  0x0a, 0x7d, 0x44, 0xf9, 0x2c, 0x40, 0x80, 0x52, 0x2b, 0x01, 0x40, 0x92, 0x1f, 00, 0x0c, 0xea,
  0x0c, 00, 0x70, 0x92, 0x4d, 0x05, 0x78, 0xb2, 0x6b, 0x01, 0x0c, 0xaa, 0x4a, 0x01, 0x8d, 0x9a,
  0x7f, 0x01, 00, 0xf1, 0x0b, 00, 0x90, 0x52, 0x4c, 0x01, 0x6e, 0xb2, 0x0b, 0x80, 0xa0, 0x72,
  0x4a, 0x01, 0x8c, 0x9a, 0x1f, 00, 0x0b, 0xea, 0x60, 00, 00, 0x54, 0x4a, 0x01, 0x6a, 0xb2,
  0x0a, 0x7d, 0x04, 0xf9, 0x0b, 00, 0x88, 0xd2, 0x2c, 0x31, 0x0d, 0x53, 0x4d, 0x01, 0x65, 0xb2,
  0x2b, 00, 0xc0, 0xf2, 0x3f, 0x01, 0x0b, 0xea, 0x8b, 0x01, 0x61, 0x92, 0x4a, 0x01, 0x8d, 0x9a,
  0x3f, 0x01, 0x7f, 0xf2, 0x09, 00, 0x6a, 0x92, 0x4a, 0x01, 0x0b, 0xaa, 0x0b, 0xfc, 0x44, 0xd3,
  0x24, 0x19, 0x40, 0xfa, 0x49, 0x01, 0x5c, 0xb2, 0x49, 0x01, 0x89, 0x9a, 0x6a, 0x01, 0x73, 0x92,
  0x2a, 0x01, 0x0a, 0xaa, 0x49, 0x01, 0x41, 0xb2, 0x09, 0x7d, 0x04, 0xf9, 0xc0, 0x03, 0x5f, 0xd6,
  0x0a, 0x7d, 0x44, 0xf9, 0x4a, 0x01, 0x71, 0xb2, 0x0a, 0x7d, 0x04, 0xf9, 0xc0, 0xf5, 0xdf, 0x36,
  0x0a, 0x7d, 0x44, 0xf9, 0x4a, 0x01, 0x7f, 0xb2, 0x0a, 0x7d, 0x04, 0xf9, 0x69, 0xf5, 0x3f, 0x36,
  0x0a, 0x7d, 0x44, 0xf9, 0x4a, 0x05, 0x7f, 0xb2, 0x0a, 0x7d, 0x04, 0xf9, 0xea, 0x03, 0x20, 0x2a,
  0x5f, 0x05, 0x6e, 0xf2, 0x01, 0xf5, 0xff, 0x54, 0x0a, 0x7d, 0x44, 0xf9, 0x4a, 0x01, 0x7b, 0xb2,
  0x0a, 0x7d, 0x04, 0xf9, 0xa0, 0xf4, 0xa7, 0x36, 0x0a, 0x7d, 0x44, 0xf9, 0x4a, 0x01, 0x7c, 0xb2,
  0x0a, 0x7d, 0x04, 0xf9, 0x40, 0xf4, 0xbf, 0x36, 0x0a, 0x7d, 0x44, 0xf9, 0x4a, 0x01, 0x7d, 0xb2,
  0x0a, 0x7d, 0x04, 0xf9, 0xe0, 0xf3, 0x4f, 0x36, 0x0a, 0x7d, 0x44, 0xf9, 0x0b, 0x20, 0x80, 0x52,
  0x2b, 00, 0xa0, 0x72, 0x4a, 0x01, 0x0b, 0xaa, 0x0a, 0x7d, 0x04, 0xf9, 0x40, 0xf3, 0xc7, 0x36,
  0x0a, 0x7d, 0x44, 0xf9, 0x4a, 0x01, 0x6f, 0xb2, 0x0a, 0x7d, 0x04, 0xf9, 0xe0, 0xf2, 0x67, 0x36,
  0x0a, 0x7d, 0x44, 0xf9, 0x4a, 0x01, 0x7a, 0xb2, 0x0a, 0x7d, 0x04, 0xf9, 0x80, 0xf2, 0xd7, 0x36,
  0x0a, 0x7d, 0x44, 0xf9, 0x4a, 0x01, 0x69, 0xb2, 0x0a, 0x7d, 0x04, 0xf9, 0x20, 0xf2, 0x1f, 0x36,
  0x0a, 0x7d, 0x44, 0xf9, 0x4a, 0x01, 0x72, 0xb2, 0x0a, 0x7d, 0x04, 0xf9, 0xc0, 0xf1, 0x2f, 0x36,
  0x0a, 0x7d, 0x44, 0xf9, 0x4a, 0x01, 0x75, 0xb2, 0x0a, 0x7d, 0x04, 0xf9, 0x60, 0xf1, 0x37, 0x36,
  0x0a, 0x7d, 0x44, 0xf9, 0x4a, 0x01, 0x74, 0xb2, 0x0a, 0x7d, 0x04, 0xf9, 00, 0xf1, 0x6f, 0x36,
  0x0a, 0x7d, 0x44, 0xf9, 0x4a, 0x01, 0x6c, 0xb2, 0x0a, 0x7d, 0x04, 0xf9, 0xa0, 0xf0, 0x77, 0x36,
  0x0a, 0x7d, 0x44, 0xf9, 0x4a, 0x01, 0x6b, 0xb2, 0x0a, 0x7d, 0x04, 0xf9, 0x40, 0xf0, 0xef, 0x36,
  0x0a, 0x7d, 0x44, 0xf9, 0x4a, 0x01, 0x52, 0xb2, 0x0a, 0x7d, 0x04, 0xf9, 0xe0, 0xef, 0xe7, 0x36,
  0x0a, 0x7d, 0x44, 0xf9, 0x4a, 0x01, 0x4f, 0xb2, 0x0a, 0x7d, 0x04, 0xf9, 0x89, 0xef, 0x97, 0x36,
  0x0a, 0x7d, 0x44, 0xf9, 0x4a, 0x05, 0x55, 0xb2, 0x0a, 0x7d, 0x04, 0xf9, 0x29, 0xef, 0xb7, 0x36,
  0x0a, 0x7d, 0x44, 0xf9, 0x4a, 0x09, 0x55, 0xb2, 0x0a, 0x7d, 0x04, 0xf9, 0xc9, 0xee, 0x17, 0x36,
  0x0a, 0x7d, 0x44, 0xf9, 0x4a, 0x01, 0x5b, 0xb2, 0x0a, 0x7d, 0x04, 0xf9, 0x69, 0xee, 0x1f, 0x36,
  0x0a, 0x7d, 0x44, 0xf9, 0x4a, 0x05, 0x5b, 0xb2, 0x0a, 0x7d, 0x04, 0xf9, 0x09, 0xee, 0x27, 0x36,
  0x0a, 0x7d, 0x44, 0xf9, 0x4a, 0x01, 0x59, 0xb2, 0x0a, 0x7d, 0x04, 0xf9, 0xa9, 0xed, 0x2f, 0x36,
  0x0a, 0x7d, 0x44, 0xf9, 0x4a, 0x01, 0x58, 0xb2, 0x0a, 0x7d, 0x04, 0xf9, 0x49, 0xed, 0x37, 0x36,
  0x0a, 0x7d, 0x44, 0xf9, 0x4a, 0x01, 0x57, 0xb2, 0x0a, 0x7d, 0x04, 0xf9, 0xe9, 0xec, 0x07, 0x36,
  0x0a, 0x7d, 0x44, 0xf9, 0x4a, 0x01, 0x6d, 0xb2, 0x0a, 0x7d, 0x04, 0xf9, 0x80, 0xec, 0x47, 0x36,
  0x0a, 0x7d, 0x44, 0xf9, 0x4a, 0x01, 0x79, 0xb2, 0x0a, 0x7d, 0x04, 0xf9, 0x29, 0xec, 0x87, 0x36,
  0x0a, 0x7d, 0x44, 0xf9, 0x4a, 0x01, 0x40, 0xb2, 0x0a, 0x7d, 0x04, 0xf9, 0xc9, 0xeb, 0x6f, 0x36,
  0x0a, 0x7d, 0x44, 0xf9, 0x4a, 0x01, 0x66, 0xb2, 0x0a, 0x7d, 0x04, 0xf9, 0x69, 0xeb, 0x07, 0xb6,
  0x0a, 0x7d, 0x44, 0xf9, 0x4a, 0x01, 0x64, 0xb2, 0x0a, 0x7d, 0x04, 0xf9, 0x09, 0xeb, 0x0f, 0xb6,
  0x0a, 0x7d, 0x44, 0xf9, 0x4a, 0x01, 0x60, 0xb2, 0x0a, 0x7d, 0x04, 0xf9, 0xa9, 0xea, 0x7f, 0x36,
  0x0a, 0x7d, 0x44, 0xf9, 0x4a, 0x01, 0x67, 0xb2, 0x0a, 0x7d, 0x04, 0xf9, 0x49, 0xea, 0x47, 0x36,
  0x0a, 0x7d, 0x44, 0xf9, 0x4a, 0x01, 0x68, 0xb2, 0x0a, 0x7d, 0x04, 0xf9, 0xe9, 0xe9, 0x4f, 0x36,
  0x0a, 0x7d, 0x44, 0xf9, 0x4a, 0x01, 0x5f, 0xb2, 0x0a, 0x7d, 0x04, 0xf9, 0x89, 0xe9, 0x57, 0x36,
  0x0a, 0x7d, 0x44, 0xf9, 0x4a, 0x01, 0x5e, 0xb2, 0x0a, 0x7d, 0x04, 0xf9, 0x29, 0xe9, 0x5f, 0x36,
  0x0a, 0x7d, 0x44, 0xf9, 0x4a, 0x01, 0x5d, 0xb2, 0x0a, 0x7d, 0x04, 0xf9, 0xc9, 0xe8, 0x8f, 0x36,
  0x0a, 0x7d, 0x44, 0xf9, 0x4a, 0x01, 0x4e, 0xb2, 0x0a, 0x7d, 0x04, 0xf9, 0x69, 0xe8, 0xaf, 0x36,
  0x0a, 0x7d, 0x44, 0xf9, 0x4a, 0x01, 0x63, 0xb2, 0x0a, 0x7d, 0x04, 0xf9, 0x09, 0xe8, 0xff, 0x36,
  0x0a, 0x7d, 0x44, 0xf9, 0x4a, 0x01, 0x4a, 0xb2, 0x0a, 0x7d, 0x04, 0xf9, 0xa9, 0xe7, 0xbf, 0x36,
  0x0a, 0x7d, 0x44, 0xf9, 0x4a, 0x01, 0x56, 0xb2, 0x0a, 0x7d, 0x04, 0xf9, 0x49, 0xe7, 0xc7, 0x36,
  0x0a, 0x7d, 0x44, 0xf9, 0x4a, 0x01, 0x48, 0xb2, 0x0a, 0x7d, 0x04, 0xf9, 0xe9, 0xe6, 0xcf, 0x36,
  0x0a, 0x7d, 0x44, 0xf9, 0x4a, 0x01, 0x49, 0xb2, 0x0a, 0x7d, 0x04, 0xf9, 0x89, 0xe6, 0x5f, 0xb6,
  0x0a, 0x7d, 0x44, 0xf9, 0x4a, 0x01, 0x45, 0xb2, 0x0a, 0x7d, 0x04, 0xf9, 0x20, 0xe6, 0x5f, 0x36,
  0x29, 0x04, 0x38, 0xd5, 0x3f, 0x0d, 0x78, 0xf2, 0x80, 00, 00, 0x54, 0x0a, 0x7d, 0x44, 0xf9,
  0x4a, 0x01, 0x55, 0xb2, 0x0a, 0x7d, 0x04, 0xf9, 0x2a, 0x0d, 0x7c, 0x92, 0x5f, 0x41, 00, 0xf1,
  0x60, 0x02, 00, 0x54, 0x29, 0x0d, 0x68, 0x92, 0x0a, 0x40, 0xa0, 0x52, 0x3f, 0x01, 0x0a, 0xeb,
  0xc0, 0x02, 00, 0x54, 0x09, 0x04, 0x38, 0xd5, 0xea, 0x03, 0x29, 0x2a, 0x5f, 0x0d, 0x70, 0xf2,
  0x21, 0x03, 00, 0x54, 0x3f, 0x0d, 0x60, 0xf2, 0x80, 0x03, 00, 0x54, 0x89, 0x04, 0x38, 0xd5,
  0x2b, 0x0d, 0x40, 0x92, 0x0a, 0x7d, 0x44, 0xf9, 0x7f, 0x05, 00, 0xf1, 0x20, 0x03, 00, 0x54,
  0x2b, 0x03, 00, 0xb5, 0x4a, 0x01, 0x62, 0xb2, 0x17, 00, 00, 0x14, 0x0a, 0x7d, 0x44, 0xf9,
  0x4a, 0x01, 0x50, 0xb2, 0x0a, 0x7d, 0x04, 0xf9, 0x29, 0x0d, 0x68, 0x92, 0x0a, 0x40, 0xa0, 0x52,
  0x3f, 0x01, 0x0a, 0xeb, 0x81, 0xfd, 0xff, 0x54, 0x09, 0x7d, 0x44, 0xf9, 0x29, 0x01, 0x47, 0xb2,
  0x09, 0x7d, 0x04, 0xf9, 0x09, 0x04, 0x38, 0xd5, 0xea, 0x03, 0x29, 0x2a, 0x5f, 0x0d, 0x70, 0xf2,
  0x20, 0xfd, 0xff, 0x54, 0x0a, 0x7d, 0x44, 0xf9, 0x4a, 0x05, 0x78, 0xb2, 0x0a, 0x7d, 0x04, 0xf9,
  0x3f, 0x0d, 0x60, 0xf2, 0xc1, 0xfc, 0xff, 0x54, 0x0a, 0x7d, 0x44, 0xf9, 0x05, 00, 00, 0x14,
  0x4a, 0x01, 0x5c, 0xb2, 0x4b, 0x01, 0x61, 0xb2, 0x3f, 0x0d, 0x6c, 0xf2, 0x4a, 0x01, 0x8b, 0x9a,
  0x09, 0x06, 0x38, 0xd5, 0x4b, 0x01, 0x73, 0xb2, 0x3f, 0x0d, 0x60, 0xf2, 0x4a, 0x01, 0x8b, 0x9a,
  0x29, 0x06, 0x38, 0xd5, 0x2b, 0x5d, 0x54, 0xd3, 0x4c, 0x01, 0x6e, 0xb2, 0x3f, 0x0d, 0x40, 0xf2,
  0x4a, 0x01, 0x8c, 0x9a, 0x2b, 0x01, 00, 0xb4, 0x7f, 0x0d, 00, 0xf1, 0xc1, 00, 00, 0x54,
  0x0b, 0x08, 0xa0, 0xd2, 0x0b, 0x80, 0xe0, 0xf2, 0x4a, 0x01, 0x0b, 0xaa, 0x0a, 0x7d, 0x04, 0xf9,
  0x02, 00, 00, 0x14, 0x4a, 0x01, 0x6a, 0xb2, 0x2b, 0x0d, 0x58, 0x92, 0x0c, 0x40, 0xc0, 0xd2,
  0x4d, 0x01, 0x51, 0xb2, 0x7f, 0x01, 0x0c, 0xeb, 0x2b, 0xfd, 0x7c, 0xd3, 0xaa, 0x01, 0x8a, 0x9a,
  0x3f, 0x0d, 0x54, 0xf2, 0x4c, 0x01, 0x65, 0xb2, 0x4a, 0x01, 0x8c, 0x9a, 0x4b, 0xe0, 0xff, 0xb4,
  0x29, 0xfd, 0x7d, 0xd3, 0x29, 0x01, 00, 0xb4, 0x7f, 0x09, 00, 0xf1, 0x09, 0x03, 0xe0, 0xd2,
  0x0b, 0x07, 0xe0, 0xd2, 0x69, 0x81, 0x89, 0x9a, 0x4a, 0x01, 0x09, 0xaa, 0x49, 0x01, 0x41, 0xb2,
  0x09, 0x7d, 0x04, 0xf9, 0xc0, 0x03, 0x5f, 0xd6, 0x4a, 0x01, 0x4d, 0xb2, 0x49, 0x01, 0x41, 0xb2,
  0x09, 0x7d, 0x04, 0xf9, 0xc0, 0x03, 0x5f, 0xd6, 0x5f, 0x24, 0x03, 0xd5, 0xc8, 00, 00, 0x90,
  0x08, 0x7d, 0x44, 0xf9, 0x48, 00, 00, 0xb4, 0xc0, 0x03, 0x5f, 0xd6, 0x3f, 0x23, 0x03, 0xd5,
  0xff, 0xc3, 0x01, 0xd1, 0xfe, 0x4f, 0x06, 0xa9, 0x1f, 0x20, 0x03, 0xd5, 0x60, 0xdc, 0xfc, 0x10,
  0xe1, 0x03, 00, 0x91, 0x43, 00, 00, 0x94, 0x1f, 00, 00, 0x71, 0xed, 00, 00, 0x54,
  0xc1, 0xff, 0xff, 0xd0, 0x21, 0x80, 0x27, 0x91, 0xe0, 0x03, 00, 0x91, 0x42, 0x01, 0x80, 0x52,
  0x34, 00, 00, 0x94, 0x80, 0x01, 00, 0x34, 00, 0x02, 0x80, 0x52, 0x35, 00, 00, 0x94,
  0xf3, 0x03, 00, 0xaa, 0x40, 0x03, 0x80, 0x52, 0x32, 00, 00, 0x94, 0x08, 0x03, 0x80, 0x52,
  0xe0, 0x0b, 00, 0xf9, 0x60, 0x02, 0x42, 0xb2, 0xe1, 0x03, 00, 0x91, 0xe8, 0x4f, 00, 0xa9,
  0x7b, 0xfe, 0xff, 0x97, 0xfe, 0x4f, 0x46, 0xa9, 0xff, 0xc3, 0x01, 0x91, 0xbf, 0x23, 0x03, 0xd5,
  0xc0, 0x03, 0x5f, 0xd6, 00, 00, 00, 00, 00, 00, 00, 00, 00, 00, 00, 00,
  0x5f, 0x24, 0x03, 0xd5, 0xd0, 00, 00, 0x90, 0x10, 0xc2, 0x63, 0x39, 0x70, 00, 00, 0x34,
  0x20, 00, 0xe0, 0xb8, 0xc0, 0x03, 0x5f, 0xd6, 0xf0, 0x03, 00, 0x2a, 0x20, 0xfc, 0x5f, 0x88,
  0x11, 00, 0x10, 0x0b, 0x31, 0xfc, 0x0f, 0x88, 0xaf, 0xff, 0xff, 0x35, 0xc0, 0x03, 0x5f, 0xd6,
  0xf0, 0x7b, 0xbf, 0xa9, 0x30, 00, 00, 0xb0, 0x11, 0xc6, 0x40, 0xf9, 0x10, 0x22, 0x06, 0x91,
  0x20, 0x02, 0x1f, 0xd6, 0x1f, 0x20, 0x03, 0xd5, 0x1f, 0x20, 0x03, 0xd5, 0x1f, 0x20, 0x03, 0xd5,
  0x30, 00, 00, 0xb0, 0x11, 0xca, 0x40, 0xf9, 0x10, 0x42, 0x06, 0x91, 0x20, 0x02, 0x1f, 0xd6,
  0x30, 00, 00, 0xb0, 0x11, 0xce, 0x40, 0xf9, 0x10, 0x62, 0x06, 0x91, 0x20, 0x02, 0x1f, 0xd6,
  0x30, 00, 00, 0xb0, 0x11, 0xd2, 0x40, 0xf9, 0x10, 0x82, 0x06, 0x91, 0x20, 0x02, 0x1f, 0xd6,
  0x30, 00, 00, 0xb0, 0x11, 0xd6, 0x40, 0xf9, 0x10, 0xa2, 0x06, 0x91, 0x20, 0x02, 0x1f, 0xd6,
  0x30, 00, 00, 0xb0, 0x11, 0xda, 0x40, 0xf9, 0x10, 0xc2, 0x06, 0x91, 0x20, 0x02, 0x1f, 0xd6,
  0x30, 00, 00, 0xb0, 0x11, 0xde, 0x40, 0xf9, 0x10, 0xe2, 0x06, 0x91, 0x20, 0x02, 0x1f, 0xd6,
  00, 00, 00, 00, 00, 00, 00, 00, 00, 00, 00, 00, 00, 00, 00, 00,
  00, 00, 00, 00, 00, 00, 00, 00, 00, 00, 00, 00, 00, 00, 00, 00,
  00, 00, 00, 00, 00, 00, 00, 00, 00, 00, 00, 00, 00, 00, 00, 00,
  00, 00, 00, 00, 00, 00, 00, 00, 0x01, 00, 00, 00, 00, 00, 00, 00,
  0xf3, 00, 00, 00, 00, 00, 00, 00, 0x01, 00, 00, 00, 00, 00, 00, 00,
  0xfd, 00, 00, 00, 00, 00, 00, 00, 0x01, 00, 00, 00, 00, 00, 00, 00,
  0xdd, 00, 00, 00, 00, 00, 00, 00, 0x01, 00, 00, 00, 00, 00, 00, 00,
  0xeb, 00, 00, 00, 00, 00, 00, 00, 0x01, 00, 00, 00, 00, 00, 00, 00,
  0x0b, 0x01, 00, 00, 00, 00, 00, 00, 0x0e, 00, 00, 00, 00, 00, 00, 00,
  0x13, 0x01, 00, 00, 00, 00, 00, 00, 0x1e, 00, 00, 00, 00, 00, 00, 00,
  0x08, 00, 00, 00, 00, 00, 00, 00, 0xfb, 0xff, 0xff, 0x6f, 00, 00, 00, 00,
  0x01, 00, 00, 00, 00, 00, 00, 00, 0x07, 00, 00, 00, 00, 00, 00, 00,
  0x88, 0x06, 00, 00, 00, 00, 00, 00, 0x08, 00, 00, 00, 00, 00, 00, 00,
  0xa8, 0x12, 00, 00, 00, 00, 00, 00, 0x09, 00, 00, 00, 00, 00, 00, 00,
  0x18, 00, 00, 00, 00, 00, 00, 00, 0xf9, 0xff, 0xff, 0x6f, 00, 00, 00, 00,
  0xb5, 00, 00, 00, 00, 00, 00, 00, 0x17, 00, 00, 00, 00, 00, 00, 00,
  0x30, 0x19, 00, 00, 00, 00, 00, 00, 0x02, 00, 00, 00, 00, 00, 00, 00,
  0x90, 00, 00, 00, 00, 00, 00, 00, 0x03, 00, 00, 00, 00, 00, 00, 00,
  0x78, 0xc1, 00, 00, 00, 00, 00, 00, 0x14, 00, 00, 00, 00, 00, 00, 00,
  0x07, 00, 00, 00, 00, 00, 00, 00, 0x06, 00, 00, 00, 00, 00, 00, 00,
  0xf8, 0x02, 00, 00, 00, 00, 00, 00, 0x0b, 00, 00, 00, 00, 00, 00, 00,
  0x18, 00, 00, 00, 00, 00, 00, 00, 0x05, 00, 00, 00, 00, 00, 00, 00,
  0x64, 0x05, 00, 00, 00, 00, 00, 00, 0x0a, 00, 00, 00, 00, 00, 00, 00,
  0x1e, 0x01, 00, 00, 00, 00, 00, 00, 0xf5, 0xfe, 0xff, 0x6f, 00, 00, 00, 00,
  0x40, 0x05, 00, 00, 00, 00, 00, 00, 0x19, 00, 00, 00, 00, 00, 00, 00,
  0x88, 0xbf, 00, 00, 00, 00, 00, 00, 0x1b, 00, 00, 00, 00, 00, 00, 00,
  0x20, 00, 00, 00, 00, 00, 00, 00, 0x1a, 00, 00, 00, 00, 00, 00, 00,
  0x78, 0xbf, 00, 00, 00, 00, 00, 00, 0x1c, 00, 00, 00, 00, 00, 00, 00,
  0x10, 00, 00, 00, 00, 00, 00, 00, 0xf0, 0xff, 0xff, 0x6f, 00, 00, 00, 00,
  0xd8, 0x04, 00, 00, 00, 00, 00, 00, 0xfe, 0xff, 0xff, 0x6f, 00, 00, 00, 00,
  00, 0x05, 00, 00, 00, 00, 00, 00, 0xff, 0xff, 0xff, 0x6f, 00, 00, 00, 00,
  0x02, 00, 00, 00, 00, 00, 00, 00, 00, 00, 00, 00, 00, 00, 00, 00,
  00, 00, 00, 00, 00, 00, 00, 00, 00, 00, 00, 00, 00, 00, 00, 00,
  00, 00, 00, 00, 00, 00, 00, 00, 00, 00, 00, 00, 00, 00, 00, 00,
  0xf0, 0x7e, 00, 00, 00, 00, 00, 00, 0xf0, 0x7e, 00, 00, 00, 00, 00, 00,
  0xf0, 0x7e, 00, 00, 00, 00, 00, 00, 0xf0, 0x7e, 00, 00, 00, 00, 00, 00,
  0xf0, 0x7e, 00, 00, 00, 00, 00, 00, 0xf0, 0x7e, 00, 00, 00, 00, 00, 00,
  0x3b, 0x9c, 0x46, 0x05, 0x0c, 0x55, 0x89, 0x36, 0xd1, 0x38, 0xee, 0xac, 0x88, 0x83, 0x07, 0x92,
  0x56, 0xee, 0x10, 0xce, 0x03, 0xb7, 0x44, 0x86, 0x3c, 0xd7, 0xcd, 0x3c, 0x38, 0x29, 0xe2, 0x95,
  0x9a, 0x3f, 0xd1, 0xec, 0x15, 0x6f, 0xcf, 0x0d, 0xbe, 0x65, 0x87, 0xa6, 0xe1, 0x39, 0x49, 0x2f,
  0x7f, 0x47, 0xc0, 0xc8, 0x8b, 0xca, 0xe8, 0x70, 0xa9, 00, 00, 00, 0x19, 00, 00, 00,
  0xa4, 0xae, 0x7d, 0xcc, 0x8d, 0x29, 0x55, 0x0e, 0x42, 0x83, 0x5c, 0x58, 0xe0, 0xaa, 0x06, 0x49,
  0x4f, 0xc3, 0xf5, 0x0d, 0x9e, 0x9d, 0xc7, 0x8e, 0xb8, 0x6d, 0x93, 0x6b, 0xcb, 0x20, 0x60, 0x85,
  0x40, 0xc2, 0x0a, 0xbb, 0xb3, 0xb1, 0xb6, 0x15, 00, 00, 00, 00, 00, 00, 00, 00,
  0x81, 0xb0, 0xb6, 0x25, 0xd5, 0x82, 0x26, 0xd4, 0xf9, 0xfa, 0x77, 0x6a, 0x4f, 0xde, 0xa4, 0x52,
  0x04, 0x1e, 0xf4, 0x23, 0xcc, 0x0b, 0x1b, 0xb3, 0xe0, 0x90, 0x02, 0x4f, 0x8c, 0x16, 0xe5, 0xe9,
  0xdb, 0x56, 0xe3, 0xe6, 0x1b, 0xd3, 0x0e, 0x2e, 0xbb, 0x49, 0x28, 0x02, 0x31, 0x6b, 0x89, 0xeb,
  0x9e, 0x5d, 0x45, 0xb6, 0x3d, 0xb5, 0x6a, 0x97, 0xd4, 0x97, 0xff, 0xca, 0x24, 0xdd, 0x37, 0x58,
  0x76, 0xe5, 0xfd, 0xfd, 0x77, 0x70, 0x25, 0x24, 0x3b, 0x18, 0xa6, 0x89, 0x4d, 0x41, 0x0c, 0x28,
  0x0b, 0xb7, 0xfb, 0x61, 0x06, 0x94, 0xfa, 0x5e, 0xc3, 0x9a, 0x73, 0xcd, 0x89, 0xe6, 0x99, 0x30,
  0x8f, 0x18, 0xcc, 0x65, 0xd9, 0x86, 0x88, 0x53, 0xb5, 0xa6, 0x1a, 0xf9, 0x7e, 0xc6, 0x15, 0x49,
  0x02, 0x96, 0x30, 0xf8, 0x67, 0x81, 0xc6, 0xe3, 0x0f, 0x67, 0x76, 0xa8, 0x68, 0x5d, 0x32, 0xb5,
  0xe1, 0x55, 0xea, 0xa2, 0x01, 0x69, 0x67, 0x27, 0x16, 0x5b, 0xb3, 0x3f, 0xc8, 0x1e, 0xe8, 0xbe,
  0xc2, 0x49, 0xe8, 0x1f, 0x2b, 0x88, 0xd0, 0x5d, 0x13, 0x13, 0x18, 0x26, 0x2d, 0x40, 0x64, 0x2a,
  0x34, 0x2a, 0x95, 0x13, 0x64, 0x2a, 0x34, 0x55, 0x27, 0x2c, 0x1e, 0x1d, 0x1e, 0x5f, 0x5e, 0x1d,
  0x90, 0x0e, 0x70, 0xa6, 0x60, 0xfa, 0xca, 0xb2, 0xcc, 0x57, 0x94, 0x14, 0x10, 0x2c, 0xba, 0x85,
  0x79, 0x59, 0x7d, 0x64, 0x82, 0x84, 0xbc, 0x22, 0x2b, 0xce, 0x89, 0xd5, 0xe3, 0x54, 0x85, 0x5d,
  0xe0, 0xcf, 0x61, 0x90, 0xe4, 0x65, 0x51, 0x34, 0xfc, 0xa0, 0x46, 0x57, 0x7a, 0x67, 0x30, 0x2d,
  0x29, 0x1e, 00, 0x32, 0x64, 0x86, 0xd3, 0x22, 0x1e, 0x36, 0x28, 0x38, 0x2e, 0x9d, 0x5b, 0x27,
  0x2c, 0x2d, 0x4c, 0x4e, 0x33, 0x30, 0x37, 0x28, 0x18, 0x18, 0x68, 0x62, 0x66, 0xfd, 0x4d, 0x2b,
  0x5a, 0x1c, 0x46, 0xf8, 0x7c, 0x70, 0x5b, 0x75, 0x6a, 0x64, 0x3e, 0x1c, 0x25, 0x92, 0xdc, 0x1b,
  0x66, 0x95, 0x7e, 0xab, 0xa4, 0x5d, 0xad, 0xfc, 0xa4, 0x16, 0x2b, 0xbf, 0xd2, 0x7c, 0x7d, 0x2f,
  0xb8, 0xd2, 0xdd, 0xd5, 0x0e, 0xb4, 0x01, 0xe8, 0x0e, 0xb4, 0x3d, 0x4b, 0x83, 0x0b, 0x47, 0x81,
  0x3d, 0xd5, 0x94, 0x8a, 0x63, 0xf4, 0x51, 0xe1, 0x36, 0x32, 0xd4, 0x0d, 0xb7, 0xfb, 0x61, 0x65,
  0xce, 0x5c, 0xe7, 0x8a, 0x90, 0xed, 0x3f, 0x1f, 0x50, 0x62, 0x7e, 0xe9, 0xf4, 0x10, 0x9a, 0x5a,
  0xf8, 0x2e, 0x9a, 0x12, 0x16, 0x0c, 0x29, 0xb0, 0xea, 00, 0xa5, 0xf7, 0x5c, 0x23, 0xa9, 0xb8,
  0x54, 0x17, 0x27, 0x5a, 0x83, 0x77, 0xf1, 0xc5, 0xe7, 0x0a, 0x9b, 0xaa, 0x26, 0xf2, 0x53, 0x40,
  0x60, 0x17, 0x97, 0xe1, 0xb3, 0x9c, 0xf9, 0xb9, 0xcf, 0x27, 0x31, 0x47, 0xe6, 0x2d, 0x92, 0x6e,
  0x7f, 0xd0, 0xc1, 0xa4, 0xaa, 0xa3, 0xac, 0x47, 0xb9, 0x47, 0x0b, 0xf0, 0x04, 0xa9, 0xa2, 0x0e,
  0xe6, 0xb7, 0x94, 0xcc, 0x7d, 0x53, 0x6a, 0xf5, 0x01, 0xc3, 0x2e, 0xa1, 0x78, 0x1c, 0x0f, 0xcc,
  0x38, 0x64, 0x9a, 0xcc, 0x95, 0xea, 0xe7, 0x92, 0xc6, 0xa0, 0x96, 0x25, 0xf3, 0x4b, 0xa6, 0xdd,
  0x10, 0x27, 0x88, 0x26, 0x25, 0x72, 0x52, 0x89, 0x07, 0x31, 0x26, 0xa2, 0xba, 0x6e, 0x1b, 0x5b,
  0xb3, 0x6f, 0x26, 0x32, 0x7b, 0xa2, 0xa2, 0xba, 0x76, 0x91, 0x08, 0x78, 0x24, 0xe5, 0x40, 0xaa,
  0xc7, 0xc2, 0xca, 0x4c, 0x44, 0x28, 0x2c, 0x5d, 0xaa, 0xb2, 0x3f, 0xb6, 0x6d, 0xee, 0xd4, 0x83,
  0xaa, 0x97, 0x88, 0xd5, 0xf7, 0xb1, 0x45, 0x60, 0x5b, 0xa6, 0x91, 0x5e, 0x01, 0xa7, 0xbf, 0xc4,
  0x22, 0x0e, 0xd5, 0x51, 0xab, 0x6d, 0x58, 0x9a, 0xf5, 0x30, 0x3c, 0x31, 0x2e, 0x5d, 0xa2, 0xba,
  0xbf, 0x6f, 0x0a, 0x67, 0x39, 0xa2, 0xfd, 0x74, 0x38, 0xb3, 0xa4, 0x48, 0xa2, 0xba, 0xbd, 0x8f,
  0x08, 0xa7, 0xc3, 0x70, 0x7b, 0x75, 0x63, 0x82, 0x77, 0xd9, 0x9c, 0xdd, 0x7f, 0xaa, 0x30, 0xf4,
  0x3a, 0xd0, 0xb4, 0xa1, 0xe1, 0x36, 0x6f, 0x08, 0x80, 0x19, 0x25, 0x6a, 0x7e, 0xd6, 0xfb, 0x98,
  0x79, 0x40, 0xc6, 0x6c, 0x90, 0xb7, 0x68, 0x61, 0x45, 0x74, 0x3b, 0x5d, 0xb1, 0x86, 0x7c, 0xc3,
  0x60, 0xbb, 0xa9, 0x45, 0xfc, 0x51, 0x33, 0x01, 0x94, 0x47, 0xb9, 0x17, 0xd0, 0x0d, 0xa2, 0xce,
  0x19, 0x3c, 0x67, 0x24, 0xa9, 0x3f, 0x3b, 0xc9, 0xd0, 0x7f, 0xed, 0x97, 0x3f, 0x97, 0xbb, 0xad,
  0xbc, 0xe2, 0x31, 0x4a, 0xf1, 0x2b, 0x81, 0x25, 0xf4, 0xaf, 0x1f, 0x57, 0x95, 0xe0, 0x96, 0x01,
  0x66, 0xf3, 0x20, 0x23, 0x0c, 0xd4, 0xc3, 0x2d, 0x09, 0x7e, 0xb4, 0x6b, 0xf9, 0x2d, 00, 0x2b,
  0x50, 0xb4, 0x71, 0x33, 0x02, 0x7a, 0xf7, 0x71, 0x36, 0x34, 0x7a, 0xb4, 0x71, 0x29, 0x27, 0x7a,
  0xf3, 0x6b, 0xfc, 0x3b, 0x32, 0x27, 0x4a, 0xb4, 0xc4, 0x28, 0x08, 0x34, 0x22, 0x69, 0xc0, 0x38,
  0xf9, 0x2d, 0x39, 0x2b, 0x50, 0x8f, 0xac, 0x81, 0x3e, 0x33, 0x02, 0x5d, 00, 0xac, 0x81, 0x3e,
  0xfb, 0x34, 0x2a, 0x8f, 0x11, 0x81, 0x38, 0x33, 00, 0x32, 0xfe, 0x56, 0x8f, 0xac, 0x81, 0x38,
  0x28, 0x2d, 0x34, 0x22, 0x37, 0x8f, 0x31, 0x43, 0x67, 0x6c, 0xdf, 0x84, 0xab, 0xfe, 0x4b, 0x2b,
  0x7b, 0xa0, 0x54, 0x89, 0xc2, 0x65, 0x0e, 0x63, 0x98, 0x7a, 0x5f, 0x86, 0x95, 0x14, 0x16, 0x4b,
  0x12, 0x6a, 0x8c, 0x29, 0xe0, 0xa6, 0x7b, 0x4a, 0x57, 0xbd, 0xdf, 0x3d, 0x82, 0xe3, 0x8a, 0xe6,
  0xb2, 0x11, 0xe0, 0xc9, 0x15, 0xea, 0xe9, 0x95, 0x27, 0x28, 0x3c, 0x5d, 0x1a, 0x2a, 0x6d, 0x63,
  0x06, 0x35, 0xf9, 0x63, 0x91, 0x2c, 0x1f, 0x8f, 00, 00, 00, 00, 00, 00, 00, 00,
  00, 00, 00, 00, 00, 00, 00, 00, 00, 00, 00, 00, 00, 00, 00, 00,
  00, 00, 00, 00, 00, 00, 00, 00, 00, 00, 00, 00, 00, 00, 00, 00,
  00, 00, 00, 00, 00, 00, 00, 00, 00, 00, 00, 00, 00, 00, 00, 00,
  00, 00, 00, 00, 00, 00, 00, 00, 00, 00, 00, 00, 00, 00, 00, 00,
  00, 00, 00, 00, 00, 00, 00, 00, 00, 00, 00, 00, 00, 00, 00, 00,
  00, 00, 00, 00, 00, 00, 00, 00, 00, 00, 00, 00, 00, 00, 00, 00,
  00, 00, 00, 00, 00, 00, 00, 00, 00, 00, 00, 00, 00, 00, 00, 00,
  00, 00, 00, 00, 00, 00, 00, 00, 00, 00, 00, 00, 00, 00, 00, 00,
  00, 00, 00, 00, 00, 00, 00, 00, 00, 00, 00, 00, 00, 00, 00, 00,
  0x53, 0x95, 0xf9, 0x60, 0x71, 0xfd, 0x5d, 0x60, 0x4b, 0x71, 0x74, 0xe1, 0xe3, 0x03, 0xd3, 0x5e,
  0x6a, 0xfa, 0xe9, 0x69, 0xc0, 0xb8, 0xbc, 0xde, 0xf4, 0x78, 0xb2, 0x72, 0xb8, 0x6f, 0x8f, 0x86,
  0xa2, 0x4a, 0x61, 0xaf, 0xcb, 0xda, 0xf8, 0x87, 0xdf, 0x0e, 0xaf, 0xe3, 0x83, 0x23, 0x49, 0x7f,
  0x32, 0x15, 0x5e, 0x31, 0xd6, 0x25, 0xb3, 0xe9, 0x03, 0x96, 0x66, 0x36, 0x59, 0x1f, 0x04, 0xca,
  0x11, 0xf7, 0x2d, 0xc1, 0xe6, 0xb8, 0xfb, 0x3b, 0x0c, 0x93, 0x41, 0x92, 0x24, 0xc7, 0xa1, 0x95,
  0x65, 0xfb, 0x07, 0xee, 0x82, 0x0f, 0xbb, 0xfa, 0x97, 0x95, 0x77, 0x6c, 0x78, 0x83, 0x59, 0x7a,
  0x6a, 0xbc, 0x3f, 0x45, 0x50, 0x9b, 0x1f, 0x74, 0xc1, 0x73, 0xfe, 0x28, 0xe4, 0x15, 0x31, 0x8d,
  0xf1, 0x89, 0x0f, 0xe5, 0x84, 0xff, 0x15, 0x42, 0x2f, 0x54, 0x1c, 00, 0x39, 0xcf, 0x7f, 0x03,
  0x90, 0x83, 0xaa, 0xfc, 0x9e, 0x31, 0xc3, 0x05, 0x97, 0xcd, 0xc8, 0x53, 0x46, 0x4e, 0x49, 0xdb,
  00, 00, 00, 00, 00, 00, 00, 00, 00, 00, 00, 00, 00, 00, 00, 00,
  0x90, 0x14, 0x4c, 0xc6, 0x2f, 0xdb, 0x6a, 0x57, 0x77, 0x5c, 0x83, 0x5e, 0xe7, 0x62, 0x4b, 0x77,
  00, 00, 00, 00, 00, 00, 00, 00, 0x66, 0x1a, 0x28, 0xe2, 0x05, 0x45, 0xd0, 0xfa,
  00, 00, 00, 00, 00, 00, 00, 00, 00, 00, 00, 00, 00, 00, 00, 00,
  00, 00, 00, 00, 00, 00, 00, 00, 00, 00, 00, 00, 00, 00, 00, 00,
  00, 00, 00, 00, 00, 00, 00, 00, 00, 00, 00, 00, 00, 00, 00, 00,
  00, 00, 00, 00, 00, 00, 00, 00, 00, 00, 00, 00, 00, 00, 00, 00,
  00, 00, 00, 00, 00, 00, 00, 00, 00, 00, 00, 00, 00, 00, 00, 00,
  00, 00, 00, 00, 00, 00, 00, 00, 00, 00, 00, 00, 00, 00, 00, 00,
  00, 00, 00, 00, 00, 00, 00, 00, 00, 00, 00, 00, 00, 00, 00, 00,
  00, 00, 00, 00, 00, 00, 00, 00, 00, 00, 00, 00, 00, 00, 00, 00,
  0x45, 0x04, 0x95, 0x14, 0x85, 0x81, 0xf6, 0x48, 0x9d, 0x29, 0x24, 0x31, 0x8d, 0x8e, 0x80, 0x68,
  0x33, 0x01, 0xa9, 0x14, 0xef, 0xcc, 0xaa, 0x98, 0xbe, 0x2f, 0xc5, 0x35, 0x0e, 0xcc, 0x2f, 0xc5,
  0xe7, 0x32, 0xb7, 0x17, 0x77, 0xd3, 0x6b, 0x2d, 0xf6, 0xcf, 0x4f, 0x34, 0x0b, 0x98, 0x29, 0xbf,
  0xf7, 0xf2, 0x05, 0x74, 0x21, 0x62, 0xd6, 0xe9, 0x3d, 0x3e, 0xdf, 0xb9, 0x72, 0x9f, 0xf3, 0x29,
  0x2e, 0xe2, 0x32, 0x18, 0xb2, 0xa1, 0x94, 0xc0, 0x16, 0x91, 0xec, 0x32, 0x2f, 0xe9, 0x87, 0x95,
  0x96, 0x39, 0x64, 0x04, 0xe5, 0xe2, 0x8d, 0xf7, 0xd9, 0x83, 0xd2, 0xc3, 0xdf, 0x10, 0x3a, 0x35,
  0x92, 0x38, 0xb3, 0x90, 0x67, 0xca, 0x25, 0xe1, 0x11, 0xb0, 0xe4, 0x76, 0x9b, 0x04, 0xd0, 0xd1,
  0x27, 0x0c, 0x7b, 0x52, 0x3e, 0x8e, 0x08, 0x80, 0xf6, 0x25, 0x7f, 0xc3, 0x39, 0x99, 0x1d, 0xce,
  00, 00, 00, 00, 00, 00, 00, 00, 00, 00, 00, 00, 00, 00, 00, 00,
  0xc0, 0xad, 0xc1, 0xde, 0x1d, 0x7a, 0x6f, 0x04, 0x2a, 0xb6, 0x44, 0x8c, 0x6a, 0xc9, 0xd2, 0x51,
  00, 00, 00, 00, 00, 00, 00, 00, 00, 00, 00, 00, 00, 00, 00, 00,
  0x93, 0x96, 0x12, 0xc8, 0xc5, 0x67, 0xbd, 0x75, 0x42, 0xab, 0xbc, 0xef, 0x42, 0x66, 0xe4, 0x70,
  00, 00, 00, 00, 00, 00, 00, 00, 00, 00, 00, 00, 00, 00, 00, 00,
  00, 00, 00, 00, 00, 00, 00, 00, 00, 00, 00, 00, 00, 00, 00, 00,
  0xa2, 0x1a, 0x2b, 0xcd, 0x24, 0xcb, 0xbf, 0x78, 0xb9, 0x40, 0x83, 0x4b, 0x39, 0x8d, 0xcd, 0x69,
  0x05, 0x98, 0x58, 0x28, 0x78, 0x7c, 0xab, 0xba, 00, 00, 00, 00, 00, 00, 00, 00,
  00, 00, 00, 00, 00, 00, 00, 00, 00, 00, 00, 00, 00, 00, 00, 00,
  00, 00, 00, 00, 00, 00, 00, 00, 00, 00, 00, 00, 00, 00, 00, 00,
  00, 00, 00, 00, 00, 00, 00, 00, 00, 00, 00, 00, 00, 00, 00, 00,
  00, 00, 00, 00, 00, 00, 00, 00, 00, 00, 00, 00, 00, 00, 00, 00,
  00, 00, 00, 00, 00, 00, 00, 00, 00, 00, 00, 00, 00, 00, 00, 00,
  00, 00, 00, 00, 00, 00, 00, 00, 00, 00, 00, 00, 00, 00, 00, 00,
  00, 00, 00, 00, 00, 00, 00, 00, 00, 00, 00, 00, 00, 00, 00, 00,
  00, 00, 00, 00, 00, 00, 00, 00, 00, 00, 00, 00, 00, 00, 00, 00,
  00, 00, 00, 00, 00, 00, 00, 00, 00, 00, 00, 00, 00, 00, 00, 00,
  00, 00, 00, 00, 00, 00, 00, 00, 00, 00, 00, 00, 00, 00, 00, 00,
  00, 00, 00, 00, 00, 00, 00, 00, 00, 00, 00, 00, 00, 00, 00, 00,
  00, 00, 00, 00, 00, 00, 00, 00, 00, 00, 00, 00, 00, 00, 00, 00,
  00, 00, 00, 00, 00, 00, 00, 00, 00, 00, 00, 00, 00, 00, 00, 00,
  00, 00, 00, 00, 00, 00, 00, 00, 00, 00, 00, 00, 00, 00, 00, 00,
  00, 00, 00, 00, 00, 00, 00, 00, 00, 00, 00, 00, 00, 00, 00, 00,
  00, 00, 00, 00, 00, 00, 00, 00, 00, 00, 00, 00, 00, 00, 00, 00,
  00, 00, 00, 00, 00, 00, 00, 00, 00, 00, 00, 00, 00, 00, 00, 00,
  00, 00, 00, 00, 00, 00, 00, 00, 00, 00, 00, 00, 00, 00, 00, 00,
  00, 00, 00, 00, 00, 00, 00, 00, 00, 00, 00, 00, 00, 00, 00, 00,
  0x92, 0x68, 0xb4, 0x99, 0x2b, 0xb8, 0xab, 0x9a, 0x76, 0xb7, 0xc1, 0xb0, 0x0d, 0x3b, 0x4c, 0xe5,
  0x4b, 0x6b, 0xd7, 0x0e, 0xdc, 0x3f, 0x72, 0x5c, 0xec, 0xa2, 0x96, 0xa7, 0x1a, 0x79, 0x95, 0xdf,
  0xc0, 0xc1, 0x66, 0x07, 0x40, 0xbe, 0xcc, 0x32, 0x3c, 0xe7, 0x49, 0x5d, 0x47, 0x54, 0xdb, 0x62,
  0x66, 0xee, 0xac, 0x43, 0x51, 0x0d, 0x28, 0xee, 0xc6, 0x8f, 0xa9, 0x68, 0x35, 0xa8, 0x89, 0x76,
  0x5e, 0x50, 0x01, 0x09, 0x26, 0x74, 0x1e, 0x0b, 0x06, 0xa7, 0xfd, 0x38, 0xc2, 0x1e, 0x5f, 0xdd,
  0x2b, 0xd4, 0x9b, 0x84, 0x88, 0x18, 0x0d, 0xbe, 0xaf, 0x59, 0x6b, 0xd0, 0x71, 0x9c, 0x2d, 0x6e,
  0xcb, 0x7e, 0xe9, 0xf3, 0x10, 0x44, 0xdf, 0x7c, 0xb4, 0x33, 0x35, 0x32, 0x8d, 0xaf, 0x9b, 0xbc,
  0xbb, 0x54, 0xa9, 0x7b, 0xea, 0xc2, 0x71, 0x4a, 0xf7, 0x6c, 0x7c, 0xec, 0x3e, 0xe0, 0x9c, 0xec,
  0x82, 0x9d, 0x47, 0x0a, 0x56, 0x21, 0xc8, 0xed, 0xed, 0x43, 0x11, 0x78, 0xaa, 0x59, 0xe7, 0x74,
  0xbb, 0x48, 0xe5, 0x96, 00, 0x29, 0xde, 0x93, 0x29, 0x23, 0x47, 0x9b, 0x09, 0x7d, 0x17, 0xfd,
  0x43, 0xa8, 0x64, 0x77, 0x8b, 0xb0, 0x82, 0x6e, 0x0d, 0x5d, 0x77, 0x4b, 0x44, 0xc9, 0x9e, 0xc4,
  0x4c, 0x90, 0x41, 0x8c, 0xd0, 0x45, 0xb4, 0xc4, 0xa9, 0xf0, 00, 0x8c, 0x88, 0xd6, 0xa8, 0xa9,
  0xee, 0xbf, 0xdf, 0x99, 0x7b, 0x23, 0x74, 0xe0, 0xac, 0x82, 0x32, 0x4d, 0x53, 0x04, 0x9f, 0x26,
  0x8d, 0xa5, 0x13, 0x89, 0xde, 0x37, 0x99, 0xea, 0x38, 0x14, 0x21, 0x2a, 0x72, 0x82, 0x1d, 0x03,
  0xe5, 0x76, 0x57, 0xd8, 0x28, 0x90, 0x6d, 0x18, 0x4d, 0x54, 0xdd, 0x07, 0xdf, 0x02, 0x10, 0x2a,
  0x8e, 0xfb, 0xfd, 0x1b, 0x6a, 0xd4, 0x9f, 0xf6, 0xd4, 0x3a, 0xa7, 0xae, 0x95, 0x93, 0xda, 0x41,
  0xfb, 0x1d, 0x4a, 0xa7, 0x55, 0xbf, 0xac, 0xe1, 0xe7, 0x18, 0x2b, 0x76, 0x79, 0xa7, 0x45, 0x33,
  0x97, 0xd7, 0xfb, 0xcd, 0xf1, 0x17, 0xc3, 0x15, 0xd0, 0x0c, 0x65, 0x27, 0x6e, 0xe3, 0xe6, 0xe2,
  0xa6, 0x4b, 0x6e, 0xfb, 0x4e, 0x47, 0x31, 0x08, 00, 00, 00, 00, 00, 00, 00, 00,
  00, 00, 00, 00, 00, 00, 00, 00, 00, 00, 00, 00, 00, 00, 00, 00,
  00, 00, 00, 00, 00, 00, 00, 00, 00, 00, 00, 00, 00, 00, 00, 00,
  00, 00, 00, 00, 00, 00, 00, 00, 00, 00, 00, 00, 00, 00, 00, 00,
  00, 00, 00, 00, 00, 00, 00, 00, 00, 00, 00, 00, 00, 00, 00, 00,
  0xff, 0xff, 0xff, 0xff, 00, 00, 00, 00, 00, 00, 00, 00, 00, 00, 00, 00,
  0x21, 0xe2, 0xee, 0xad, 0x1c, 0xca, 0xb7, 0xfa, 0x4a, 0x68, 0x85, 0x2d, 0xca, 0x3a, 0x2a, 0xcc,
  0x63, 0xc1, 0x4e, 0xc6, 0xc8, 0x09, 0x0e, 0xcd, 0x3d, 0x3d, 0x59, 0x60, 0xb7, 0x71, 0x8e, 0xed,
  0x66, 0x97, 0x12, 0x94, 0xa5, 0xee, 0x92, 0x2a, 0x2c, 0xf5, 0x03, 0x61, 0xc5, 0x7d, 0x88, 0xf3,
  0x24, 0x9a, 0x45, 0x83, 0x8d, 0x10, 0x1a, 0xc2, 0xbe, 0x09, 0x95, 0x6c, 0x58, 0x68, 0x61, 0x65,
  0xb4, 0xd1, 0xf5, 0x01, 0x82, 0xde, 0x1e, 0xc8, 0x7f, 0xa9, 0x70, 0x30, 0x7e, 0xe4, 0xdb, 0x49,
  0x1d, 0x5f, 0x56, 0x9f, 0x63, 0xb6, 0x2d, 0x03, 0xa3, 0xc2, 0xac, 0x31, 0xef, 0x2d, 0xa7, 0x3f,
  0x1c, 0x6d, 0x2a, 0x71, 0xec, 0x3b, 0x4b, 0x24, 0x8a, 0xb7, 0x74, 0x8d, 0x16, 0x10, 0x56, 0x6c,
  0x23, 0x1c, 0x17, 0x7a, 0xb1, 0x23, 0x51, 0x6b, 0x07, 0x21, 0x4d, 0x6c, 0x04, 0x31, 0x32, 0x27,
  0x4a, 0x6b, 0x1c, 0x70, 0x77, 0xff, 0x24, 0x2f, 0x7b, 0xfd, 0x65, 0x53, 0x7d, 0xe7, 0x12, 0x09,
  0x27, 0x51, 0x7d, 0xff, 0x3b, 0x31, 0x1f, 0x03, 0x6f, 0x76, 0x28, 0x1e, 0xfd, 0x19, 0x18, 0x27,
  0xed, 0x22, 0xfc, 0x22, 0xf9, 0x6b, 0x1f, 0xc6, 0x0d, 0x59, 0x9f, 0x71, 0x5b, 0xa8, 0x7b, 0xb8,
  0x2e, 0x12, 0x75, 0x05, 0x66, 0x73, 0x0b, 0xd7, 0xd4, 0xbf, 0x6e, 0xb4, 0xf9, 0x65, 0xf6, 0x7d,
  0x3e, 0x09, 0xf8, 0x6b, 0x6a, 0xfc, 0x6f, 0x80, 0x06, 0xa0, 0x47, 0x76, 0x1b, 0x88, 0x10, 0x01,
  0x79, 0x5e, 0x90, 0x99, 0xde, 0xe6, 0x42, 0xcb, 0x92, 0xfb, 0x1d, 0x05, 0x1c, 0x11, 0x37, 0xed,
  0x6b, 0x79, 0x38, 0x35, 0x2a, 0x2e, 0x36, 0x7b, 0x68, 0x1f, 0x22, 0x0a, 0x77, 0x7a, 0x28, 0xfe,
  0x1f, 0x22, 0x70, 0xe1, 0xa2, 0xc5, 0x76, 0x36, 0xb3, 0xae, 0x6f, 0xe1, 0xa2, 0xba, 0x6a, 0x63,
  0xb3, 0x6c, 0x23, 0x1c, 0x20, 0x7a, 0xa2, 0x1b, 0xba, 0x60, 0x10, 0x73, 0x25, 0x83, 0x84, 0x83,
  0xc0, 0x4e, 0x7b, 0x62, 0x4b, 0x8e, 0x6a, 0xc4, 0xb1, 0xf7, 0x41, 0x93, 0xf0, 0x6c, 0xc0, 0xc3,
  0xfc, 0x59, 0x19, 0x06, 0x8f, 0x9a, 0xbb, 0xf3, 0x72, 0x83, 0xb3, 0x07, 0x4c, 0x6e, 0xf3, 0x0c,
  0x2a, 0x86, 0xc0, 0x27, 0xc2, 0x15, 0x14, 0xbd, 0x1e, 0x8d, 0x0b, 0x34, 0x09, 0x37, 0x32, 0x23,
  0x67, 0x72, 0xf6, 0x17, 0xfd, 0x6b, 0xbc, 0x38, 0x7a, 0x73, 0x2e, 0x27, 0x19, 0x6c, 0xaa, 0x23,
  0x01, 0x30, 0x4c, 0x70, 0x1e, 0x50, 0x7a, 0xe6, 0x19, 0x29, 0x32, 0x73, 0x6b, 0x0b, 0x70, 0xc3,
  0x27, 0x01, 0x1b, 0x28, 0x2c, 0x1d, 0x2c, 0x37, 0x32, 0xea, 0x66, 0x1f, 0xd8, 0x8e, 0xc1, 0xd8,
  0xd2, 0x28, 0x57, 0x72, 0xd4, 0x4d, 0x14, 0xd1, 0xeb, 0xfe, 0x0a, 0x2a, 0xd9, 0xac, 0x26, 0x92,
  0xec, 0xa1, 0xc8, 0x6f, 0xad, 0x5e, 0x12, 0x71, 0x99, 0x48, 0x69, 0x86, 0x4e, 0x20, 0x1c, 0x73,
  0xe4, 0xfe, 0x0b, 0x0e, 0x99, 0x38, 0x35, 0x2a, 0x2e, 0x36, 0x7b, 0xaa, 0x1c, 0x70, 0x7e, 0xf3,
  0x27, 0xff, 0x2d, 0x3b, 0x2a, 0x26, 0x7a, 0x6b, 0x19, 0x0f, 0x31, 0x22, 0x20, 0x24, 0x2a, 0x28,
  0x2c, 0x79, 0x1f, 00, 00, 00, 00, 00, 00, 00, 00, 00, 00, 00, 00, 00,
  0x4b, 0xc4, 0x35, 0x8f, 0x12, 0x6e, 0xc5, 0x39, 00, 00, 00, 00, 00, 00, 00, 00,
  0xc4, 0x3d, 0xfa, 0x1c, 0x26, 0x46, 0x76, 0x19, 00, 00, 00, 00, 00, 00, 00, 00,
  00, 00, 00, 00, 00, 00, 00, 00, 00, 00, 00, 00, 00, 00, 00, 00,
  00, 00, 00, 00, 00, 00, 00, 00, 00, 00, 00, 00, 00, 00, 00, 00,
  00, 00, 00, 00, 00, 00, 00, 00, 00, 00, 00, 00, 00, 00, 00, 00,
  00, 00, 00, 00, 00, 00, 00, 00, 00, 00, 00, 00, 00, 00, 00, 00,
  0xf2, 0x35, 0x7f, 0x3a, 0xd8, 0x7e, 0x90, 0x92, 0x12, 0x0f, 0xf4, 0xdf, 0x03, 0x10, 0x4a, 0xaa,
  0xbd, 0xc9, 0xd8, 0x40, 0xb2, 0x48, 0xbb, 0xdd, 0xac, 0x71, 0xac, 0xc8, 0xab, 0x7d, 0x3b, 0xb2,
  0xf2, 0xa7, 0x3d, 0xd0, 0x67, 0xd0, 0xb7, 0x1e, 0x4d, 0xb8, 0xaa, 0x44, 0x09, 0x4d, 0xe0, 0xc4,
  0x33, 0xf6, 0x3a, 0x27, 0xff, 0xa3, 0x54, 0xd7, 00, 00, 00, 00, 00, 00, 00, 00,
  00, 00, 00, 00, 00, 00, 00, 00, 00, 00, 00, 00, 00, 00, 00, 00,
  00, 00, 00, 00, 00, 00, 00, 00, 00, 00, 00, 00, 00, 00, 00, 00,
  00, 00, 00, 00, 00, 00, 00, 00, 00, 00, 00, 00, 00, 00, 00, 00,
  00, 00, 00, 00, 00, 00, 00, 00, 00, 00, 00, 00, 00, 00, 00, 00,
  0x80, 0xd0, 0x34, 0x19, 0x28, 0xe9, 0xae, 0x7e, 0xdd, 0x2a, 0x66, 0x9e, 0xc1, 00, 0xe9, 0x72,
  0x5e, 0xeb, 0xa4, 0x57, 0xb9, 0xd7, 0x4c, 0xdb, 0x90, 0x69, 0x88, 0xb3, 0x5d, 0xc3, 0x31, 0xe6,
  0x1d, 0xfc, 0x06, 0x3c, 0xe8, 0xe1, 0x47, 0x3a, 0x65, 0x5b, 0xdf, 0x3d, 0xae, 0x7c, 0x8f, 0x73,
  0xb7, 0xbc, 0x98, 0xfb, 0x3f, 0xec, 0xa3, 0xa3, 00, 00, 00, 00, 00, 00, 00, 00,
  00, 00, 00, 00, 00, 00, 00, 00, 00, 00, 00, 00, 00, 00, 00, 00,
  00, 00, 00, 00, 00, 00, 00, 00, 00, 00, 00, 00, 00, 00, 00, 00,
  0x4a, 0x1d, 0xe0, 0x87, 0xa1, 0x52, 0x1e, 0x41, 0x83, 0xc7, 0xdf, 0x1f, 0x38, 0x96, 0x3d, 0xfe,
  0x51, 0x9e, 0x0c, 0x23, 0x9b, 0xd2, 0x25, 0x5e, 00, 00, 00, 00, 00, 00, 00, 00,
  00, 00, 00, 00, 00, 00, 00, 00, 00, 00, 00, 00, 00, 00, 00, 00,
  00, 00, 00, 00, 00, 00, 00, 00, 00, 00, 00, 00, 00, 00, 00, 00,
  0x24, 0xd0, 0xdf, 0x1c, 0xcc, 0x12, 0xb2, 0x42, 0x3d, 0x95, 0x05, 0x57, 0x45, 0x69, 0xe6, 0x99,
  0x30, 0x13, 0xfe, 0xd7, 0x68, 0x68, 0x83, 0xae, 00, 00, 00, 00, 00, 00, 00, 00,
  00, 0xd5, 0x0f, 0x28, 0x51, 0x95, 0xa9, 0xb0, 00, 00, 00, 00, 00, 00, 00, 00,
  00, 00, 00, 00, 00, 00, 00, 00, 00, 00, 00, 00, 00, 00, 00, 00,
  00, 00, 00, 00, 00, 00, 00, 00, 00, 00, 00, 00, 00, 00, 00, 00,
  00, 00, 00, 00, 00, 00, 00, 00, 00, 00, 00, 00, 00, 00, 00, 00,
  00, 00, 00, 00, 00, 00, 00, 00, 00, 00, 00, 00, 00, 00, 00, 00,
  0x5e, 0xe1, 0x35, 0xd2, 0x2f, 0x7a, 0x58, 0x8c, 0xd4, 0x9c, 0x78, 0xf6, 0x0a, 0x34, 0x69, 0x9c,
  0x3b, 0x43, 0xf6, 0x1a, 0x1e, 0xad, 0xc4, 0xe3, 0xf6, 0x37, 0x0e, 0x82, 0x34, 0x3d, 0x4a, 0x4d,
  0xb3, 0x4c, 0xae, 0x60, 0xd7, 0xfb, 0x34, 0x3a, 0xfb, 0xfe, 0xec, 0xef, 0xc1, 0x3e, 0x20, 0x58,
  0xdf, 0x48, 0x5d, 0x9b, 0x9f, 0xe0, 0x1e, 0x1b, 00, 00, 00, 00, 00, 00, 00, 00,
  00, 00, 00, 00, 00, 00, 00, 00, 00, 00, 00, 00, 00, 00, 00, 00,
  00, 00, 00, 00, 00, 00, 00, 00, 00, 00, 00, 00, 00, 00, 00, 00,
  00, 00, 00, 00, 00, 00, 00, 00, 00, 00, 00, 00, 00, 00, 00, 00,
  00, 00, 00, 00, 00, 00, 00, 00, 00, 00, 00, 00, 00, 00, 00, 00,
  0x29, 0xab, 0x1b, 0xce, 0x16, 0x4d, 0xda, 0x85, 0x3f, 0xbd, 0xae, 0x25, 0x06, 0xfe, 0x37, 0xd6,
  0x79, 0x88, 0xdc, 0xdb, 0xbe, 0xe3, 0x65, 0x7f, 0x57, 0x7d, 0x3d, 0x7e, 0x19, 0x30, 0xde, 0xcf,
  0x63, 0xbd, 00, 0x1c, 0x48, 0xf9, 0xc3, 0xbe, 0x2c, 0x90, 0x63, 0xe7, 0x1d, 0x9a, 0xad, 0x0b,
  0x64, 0x1f, 0x89, 0xad, 0x33, 0xcc, 0x74, 0x76, 00, 00, 00, 00, 00, 00, 00, 00,
  00, 00, 00, 00, 00, 00, 00, 00, 00, 00, 00, 00, 00, 00, 00, 00,
  00, 00, 00, 00, 00, 00, 00, 00, 00, 00, 00, 00, 00, 00, 00, 00,
  00, 00, 00, 00, 00, 00, 00, 00, 00, 00, 00, 00, 00, 00, 00, 00,
  0x70, 0x14, 0xee, 0x32, 0x2d, 0xe8, 0x1e, 0xde, 0x44, 0x8a, 0x79, 0xff, 0x03, 0x28, 0x08, 0x21,
  0x75, 0xdc, 0x6f, 0x11, 0xe2, 0x7b, 0xe3, 0x2e, 0x27, 0xa5, 0xa6, 0x72, 0x16, 0x6a, 0x53, 0xc6,
  0xb4, 0xf1, 0x9b, 0x5d, 0x09, 0xd2, 0x73, 0x6d, 00, 00, 00, 00, 00, 00, 00, 00,
  00, 00, 00, 00, 00, 00, 00, 00, 00, 00, 00, 00, 00, 00, 00, 00,
  00, 00, 00, 00, 00, 00, 00, 00, 00, 00, 00, 00, 00, 00, 00, 00,
  00, 00, 00, 00, 00, 00, 00, 00, 00, 00, 00, 00, 00, 00, 00, 00,
  00, 00, 00, 00, 00, 00, 00, 00, 00, 00, 00, 00, 00, 00, 00, 00,
  00, 00, 00, 00, 00, 00, 00, 00, 00, 00, 00, 00, 00, 00, 00, 00,
  0x31, 0x82, 0x70, 0x4c, 0xd1, 0x7a, 0xa1, 0x51, 0x06, 0x2f, 0xde, 0x24, 0xfd, 0x44, 0x62, 0x14,
  0x26, 0x58, 0xad, 0xe8, 0xfe, 0x6a, 0xb8, 0xdf, 0x26, 0xf5, 0x78, 0x32, 0xd9, 0xdd, 0x3c, 0xa1,
  0xab, 0x03, 0x91, 0xde, 0xf2, 0x94, 0x7c, 0xf9, 0x99, 0xc9, 0xcc, 0xe4, 0x53, 0xc7, 0xfd, 0x48,
  0x5e, 0x3d, 0x13, 0x7c, 0xb0, 0x2f, 0xc4, 0x47, 0x5b, 0x54, 0x03, 0xa2, 0x17, 0xbf, 0x3d, 0x9a,
  0x35, 0x7e, 0xf5, 0xf1, 0x7a, 0x73, 0xf7, 0x93, 0x68, 0xaf, 0x84, 0x6f, 0xf5, 0x9e, 0x30, 0x1e,
  00, 00, 00, 00, 00, 00, 00, 00, 0x23, 0x27, 0x47, 0xce, 0x67, 0xf3, 0x3e, 0x30,
  00, 00, 00, 00, 00, 00, 00, 00, 0x2f, 0x03, 0x89, 0xe5, 0x41, 0x60, 0xa8, 0x35,
  00, 00, 00, 00, 00, 00, 00, 00, 0x5e, 0xc7, 0x85, 0x6c, 0x92, 0xc6, 0x46, 0x2e,
  00, 00, 00, 00, 00, 00, 00, 00, 00, 00, 00, 00, 00, 00, 00, 00,
  00, 00, 00, 00, 00, 00, 00, 00, 00, 00, 00, 00, 00, 00, 00, 00,
  0x64, 0xc4, 0xe3, 0x31, 0x41, 0xba, 0x12, 0x1b, 0xb7, 0x70, 0x4c, 0xa5, 0xae, 0xe1, 00, 0x69,
  0x0f, 0x77, 0xe3, 0xdb, 0x2f, 0x85, 0x2d, 0x8e, 00, 00, 00, 00, 00, 00, 00, 00,
  00, 00, 00, 00, 00, 00, 00, 00, 00, 00, 00, 00, 00, 00, 00, 00,
  00, 00, 00, 00, 00, 00, 00, 00, 00, 00, 00, 00, 00, 00, 00, 00,
  0x8d, 0xdf, 0xac, 0x58, 0x56, 0x7c, 0x27, 0x6c, 0xb4, 0xb8, 0x5e, 0xe7, 0xc3, 0x5e, 0x6c, 0x75,
  0xce, 0x02, 00, 0x71, 0x26, 0x46, 0xba, 0x73, 00, 00, 00, 00, 00, 00, 00, 00,
  00, 00, 00, 00, 00, 00, 00, 00, 00, 00, 00, 00, 00, 00, 00, 00,
  00, 00, 00, 00, 00, 00, 00, 00, 00, 00, 00, 00, 00, 00, 00, 00,
  00, 00, 00, 00, 00, 00, 00, 00, 00, 00, 00, 00, 00, 00, 00, 00,
  0x56, 0xed, 0x14, 0x64, 0xf8, 0xfb, 0x34, 0xd4, 0x12, 0x05, 0xdc, 0xf6, 0x79, 0xf0, 0xd2, 0xb8,
  0x66, 0x0b, 0x67, 0x5a, 0x6e, 0x53, 0xe4, 0x65, 0xda, 0x4e, 0x48, 0xe6, 0x9f, 0x42, 0xce, 0x6d,
  0xc2, 0x22, 0xc7, 0xd4, 0xd5, 0x97, 0xc8, 0xc9, 0xa1, 0x77, 0x16, 0xf6, 0x76, 0xd4, 0x13, 0xb6,
  00, 00, 00, 00, 00, 00, 00, 00, 00, 00, 00, 00, 00, 00, 00, 00,
  0xe9, 0xcb, 0xa0, 0x67, 0x3e, 0x6c, 0x45, 0xde, 0x3b, 0x1b, 0x0a, 0xa0, 0x5c, 0xd2, 0x34, 0x79,
  00, 00, 00, 00, 00, 00, 00, 00, 00, 00, 00, 00, 00, 00, 00, 00,
  0x17, 0xb8, 0xcf, 0xaf, 0xb9, 0x7b, 0x46, 0xac, 0x6f, 0xbc, 0x4c, 0x44, 0x96, 0xba, 0xc3, 0x48,
  00, 00, 00, 00, 00, 00, 00, 00, 00, 00, 00, 00, 00, 00, 00, 00,
  00, 00, 00, 00, 00, 00, 00, 00, 00, 00, 00, 00, 00, 00, 00, 00,
  00, 00, 00, 00, 00, 00, 00, 00, 00, 00, 00, 00, 00, 00, 00, 00,
  00, 00, 00, 00, 00, 00, 00, 00, 00, 00, 00, 00, 00, 00, 00, 00,
  0xdf, 0xb2, 0xc7, 0x71, 0xfc, 0x9c, 0x95, 0xd0, 0xf6, 0x27, 0xda, 0xfc, 0x40, 0x51, 0x4f, 0xf9,
  0x34, 0x28, 0xda, 0xec, 0x08, 0x09, 0x48, 0xea, 0xd5, 0x3b, 0x54, 0x48, 0x45, 0x3a, 0x10, 0x8b,
  0x61, 0xf1, 0xeb, 0x96, 0xc7, 0x77, 0xc1, 0xf4, 0x1f, 0x8c, 0xd1, 0x27, 0x5a, 0xd9, 0xa5, 0xae,
  0xbf, 0x3e, 0xaf, 0xab, 0xe9, 0x30, 0x8c, 0xe0, 00, 00, 00, 00, 00, 00, 00, 00,
  00, 00, 00, 00, 00, 00, 00, 00, 0x48, 0x46, 0x8f, 0x22, 0xe5, 0xc8, 0xa7, 0x83,
  0xbd, 0xed, 0xfd, 0x30, 0x4f, 0x63, 0x98, 0xc9, 00, 00, 00, 00, 00, 00, 00, 00,
  00, 00, 00, 00, 00, 00, 00, 00, 0xa2, 0xb4, 0x32, 0xd5, 0x9b, 0x10, 0x90, 0xd3,
  0xff, 0x78, 0xa6, 0x4e, 0xd4, 0xba, 0xb0, 0xac, 00, 00, 00, 00, 00, 00, 00, 00,
  00, 00, 00, 00, 00, 00, 00, 00, 0x04, 0xff, 0xd6, 0x2d, 0x77, 0x63, 0x66, 0x69,
  0x40, 0x55, 0xe4, 0x02, 0x35, 0xd5, 0x7d, 0x4c, 00, 00, 00, 00, 00, 00, 00, 00,
  00, 00, 00, 00, 00, 00, 00, 00, 0x82, 0x8a, 0xaa, 00, 0x56, 0xb0, 0xda, 0xdc,
  0x93, 0xbb, 0xdd, 0x77, 0x44, 0xb8, 0x17, 0x1a, 00, 00, 00, 00, 00, 00, 00, 00,
  00, 00, 00, 00, 00, 00, 00, 00, 00, 00, 00, 00, 00, 00, 00, 00,
  00, 00, 00, 00, 00, 00, 00, 00, 00, 00, 00, 00, 00, 00, 00, 00,
  00, 00, 00, 00, 00, 00, 00, 00, 00, 00, 00, 00, 00, 00, 00, 00,
  0x2f, 0xff, 0x35, 0x2c, 0x5c, 0x4e, 0x56, 0x36, 0x9d, 0x3a, 0x7d, 0xb1, 0x03, 0x64, 0x30, 0x2c,
  0x87, 0x47, 0x21, 0x15, 0xfd, 0xf6, 0x33, 0xfa, 0x1a, 0x92, 0x62, 0x25, 0xbe, 0x5a, 0x40, 0x8b,
  0x1e, 0x07, 0x5b, 0x85, 0x52, 0xe9, 0x5c, 0x81, 00, 00, 00, 00, 00, 00, 00, 00,
  00, 00, 00, 00, 00, 00, 00, 00, 00, 00, 00, 00, 00, 00, 00, 00,
  00, 00, 00, 00, 00, 00, 00, 00, 00, 00, 00, 00, 00, 00, 00, 00,
  00, 00, 00, 00, 00, 00, 00, 00, 00, 00, 00, 00, 00, 00, 00, 00,
  00, 00, 00, 00, 00, 00, 00, 00, 00, 00, 00, 00, 00, 00, 00, 00,
  00, 00, 00, 00, 00, 00, 00, 00, 00, 00, 00, 00, 00, 00, 00, 00,
  00, 0x41, 0x6e, 0x64, 0x72, 0x6f, 0x69, 0x64, 0x20, 0x28, 0x31, 0x32, 0x30, 0x32, 0x37, 0x32,
  0x34, 0x38, 0x2c, 0x20, 0x2b, 0x70, 0x67, 0x6f, 0x2c, 0x20, 0x2b, 0x62, 0x6f, 0x6c, 0x74, 0x2c,
  0x20, 0x2b, 0x6c, 0x74, 0x6f, 0x2c, 0x20, 0x2b, 0x6d, 0x6c, 0x67, 0x6f, 0x2c, 0x20, 0x62, 0x61,
  0x73, 0x65, 0x64, 0x20, 0x6f, 0x6e, 0x20, 0x72, 0x35, 0x32, 0x32, 0x38, 0x31, 0x37, 0x29, 0x20,
  0x63, 0x6c, 0x61, 0x6e, 0x67, 0x20, 0x76, 0x65, 0x72, 0x73, 0x69, 0x6f, 0x6e, 0x20, 0x31, 0x38,
  0x2e, 0x30, 0x2e, 0x31, 0x20, 0x28, 0x68, 0x74, 0x74, 0x70, 0x73, 0x3a, 0x2f, 0x2f, 0x61, 0x6e,
  0x64, 0x72, 0x6f, 0x69, 0x64, 0x2e, 0x67, 0x6f, 0x6f, 0x67, 0x6c, 0x65, 0x73, 0x6f, 0x75, 0x72,
  0x63, 0x65, 0x2e, 0x63, 0x6f, 0x6d, 0x2f, 0x74, 0x6f, 0x6f, 0x6c, 0x63, 0x68, 0x61, 0x69, 0x6e,
  0x2f, 0x6c, 0x6c, 0x76, 0x6d, 0x2d, 0x70, 0x72, 0x6f, 0x6a, 0x65, 0x63, 0x74, 0x20, 0x64, 0x38,
  0x30, 0x30, 0x33, 0x61, 0x34, 0x35, 0x36, 0x64, 0x31, 0x34, 0x61, 0x33, 0x64, 0x65, 0x62, 0x38,
  0x30, 0x35, 0x34, 0x63, 0x64, 0x61, 0x61, 0x35, 0x32, 0x39, 0x66, 0x66, 0x62, 0x66, 0x30, 0x32,
  0x64, 0x39, 0x62, 0x32, 0x36, 0x32, 0x29, 00, 0x4c, 0x69, 0x6e, 0x6b, 0x65, 0x72, 0x3a, 0x20,
  0x4c, 0x4c, 0x44, 0x20, 0x31, 0x39, 0x2e, 0x31, 0x2e, 0x33, 0x20, 0x28, 0x67, 0x69, 0x74, 0x40,
  0x67, 0x69, 0x74, 0x68, 0x75, 0x62, 0x2e, 0x63, 0x6f, 0x6d, 0x3a, 0x4b, 0x6f, 0x6d, 0x69, 0x4d,
  0x6f, 0x65, 0x2f, 0x41, 0x72, 0x6b, 0x61, 0x72, 0x69, 0x2e, 0x67, 0x69, 0x74, 0x20, 0x30, 0x30,
  0x65, 0x38, 0x33, 0x38, 0x34, 0x62, 0x65, 0x63, 0x62, 0x62, 0x66, 0x38, 0x36, 0x38, 0x65, 0x66,
  0x36, 0x35, 0x65, 0x34, 0x32, 0x66, 0x32, 0x63, 0x32, 0x39, 0x35, 0x37, 0x62, 0x34, 0x35, 0x30,
  0x35, 0x63, 0x65, 0x39, 0x66, 0x63, 0x29, 00, 0x63, 0x6c, 0x61, 0x6e, 0x67, 0x20, 0x76, 0x65,
  0x72, 0x73, 0x69, 0x6f, 0x6e, 0x20, 0x31, 0x39, 0x2e, 0x31, 0x2e, 0x33, 0x20, 0x28, 0x67, 0x69,
  0x74, 0x40, 0x67, 0x69, 0x74, 0x68, 0x75, 0x62, 0x2e, 0x63, 0x6f, 0x6d, 0x3a, 0x4b, 0x6f, 0x6d,
  0x69, 0x4d, 0x6f, 0x65, 0x2f, 0x41, 0x72, 0x6b, 0x61, 0x72, 0x69, 0x2e, 0x67, 0x69, 0x74, 0x20,
  0x30, 0x30, 0x65, 0x38, 0x33, 0x38, 0x34, 0x62, 0x65, 0x63, 0x62, 0x62, 0x66, 0x38, 0x36, 0x38,
  0x65, 0x66, 0x36, 0x35, 0x65, 0x34, 0x32, 0x66, 0x32, 0x63, 0x32, 0x39, 0x35, 0x37, 0x62, 0x34,
  0x35, 0x30, 0x35, 0x63, 0x65, 0x39, 0x66, 0x63, 0x29, 00, 00, 0x2e, 0x69, 0x6e, 0x69, 0x74,
  0x5f, 0x61, 0x72, 0x72, 0x61, 0x79, 00, 0x2e, 0x66, 0x69, 0x6e, 0x69, 0x5f, 0x61, 0x72, 0x72,
  0x61, 0x79, 00, 0x2e, 0x74, 0x65, 0x78, 0x74, 00, 0x2e, 0x63, 0x6f, 0x6d, 0x6d, 0x65, 0x6e,
  0x74, 00, 0x2e, 0x6e, 0x6f, 0x74, 0x65, 0x2e, 0x61, 0x6e, 0x64, 0x72, 0x6f, 0x69, 0x64, 0x2e,
  0x69, 0x64, 0x65, 0x6e, 0x74, 00, 0x2e, 0x67, 0x6f, 0x74, 0x2e, 0x70, 0x6c, 0x74, 00, 0x2e,
  0x72, 0x65, 0x6c, 0x61, 0x2e, 0x70, 0x6c, 0x74, 00, 0x2e, 0x62, 0x73, 0x73, 00, 0x2e, 0x64,
  0x79, 0x6e, 0x73, 0x74, 0x72, 00, 0x2e, 0x65, 0x68, 0x5f, 0x66, 0x72, 0x61, 0x6d, 0x65, 0x5f,
  0x68, 0x64, 0x72, 00, 0x2e, 0x67, 0x6e, 0x75, 0x2e, 0x76, 0x65, 0x72, 0x73, 0x69, 0x6f, 0x6e,
  0x5f, 0x72, 00, 0x2e, 0x64, 0x61, 0x74, 0x61, 0x2e, 0x72, 0x65, 0x6c, 0x2e, 0x72, 0x6f, 00,
  0x2e, 0x72, 0x65, 0x6c, 0x61, 0x2e, 0x64, 0x79, 0x6e, 00, 0x2e, 0x67, 0x6e, 0x75, 0x2e, 0x76,
  0x65, 0x72, 0x73, 0x69, 0x6f, 0x6e, 00, 0x2e, 0x64, 0x79, 0x6e, 0x73, 0x79, 0x6d, 00, 0x2e,
  0x67, 0x6e, 0x75, 0x2e, 0x68, 0x61, 0x73, 0x68, 00, 0x2e, 0x72, 0x65, 0x6c, 0x72, 0x6f, 0x5f,
  0x70, 0x61, 0x64, 0x64, 0x69, 0x6e, 0x67, 00, 0x2e, 0x65, 0x68, 0x5f, 0x66, 0x72, 0x61, 0x6d,
  0x65, 00, 0x2e, 0x6e, 0x6f, 0x74, 0x65, 0x2e, 0x67, 0x6e, 0x75, 0x2e, 0x62, 0x75, 0x69, 0x6c,
  0x64, 0x2d, 0x69, 0x64, 00, 0x2e, 0x64, 0x79, 0x6e, 0x61, 0x6d, 0x69, 0x63, 00, 0x2e, 0x73,
  0x68, 0x73, 0x74, 0x72, 0x74, 0x61, 0x62, 00, 0x2e, 0x72, 0x6f, 0x64, 0x61, 0x74, 0x61, 00,
  0x2e, 0x64, 0x61, 0x74, 0x61, 00, 00, 00, 00, 00, 00, 00, 00, 00, 00, 00,
  00, 00, 00, 00, 00, 00, 00, 00, 00, 00, 00, 00, 00, 00, 00, 00,
  00, 00, 00, 00, 00, 00, 00, 00, 00, 00, 00, 00, 00, 00, 00, 00,
  00, 00, 00, 00, 00, 00, 00, 00, 00, 00, 00, 00, 00, 00, 00, 00,
  00, 00, 00, 00, 00, 00, 00, 00, 0x28, 00, 00, 00, 0x07, 00, 00, 00,
  0x02, 00, 00, 00, 00, 00, 00, 00, 0x38, 0x02, 00, 00, 00, 00, 00, 00,
  0x38, 0x02, 00, 00, 00, 00, 00, 00, 0x98, 00, 00, 00, 00, 00, 00, 00,
  00, 00, 00, 00, 00, 00, 00, 00, 0x04, 00, 00, 00, 00, 00, 00, 00,
  00, 00, 00, 00, 00, 00, 00, 00, 0xc8, 00, 00, 00, 0x07, 00, 00, 00,
  0x02, 00, 00, 00, 00, 00, 00, 00, 0xd0, 0x02, 00, 00, 00, 00, 00, 00,
  0xd0, 0x02, 00, 00, 00, 00, 00, 00, 0x24, 00, 00, 00, 00, 00, 00, 00,
  00, 00, 00, 00, 00, 00, 00, 00, 0x04, 00, 00, 00, 00, 00, 00, 00,
  00, 00, 00, 00, 00, 00, 00, 00, 0x9d, 00, 00, 00, 0x0b, 00, 00, 00,
  0x02, 00, 00, 00, 00, 00, 00, 00, 0xf8, 0x02, 00, 00, 00, 00, 00, 00,
  0xf8, 0x02, 00, 00, 00, 00, 00, 00, 0xe0, 0x01, 00, 00, 00, 00, 00, 00,
  0x07, 00, 00, 00, 0x01, 00, 00, 00, 0x08, 00, 00, 00, 00, 00, 00, 00,
  0x18, 00, 00, 00, 00, 00, 00, 00, 0x90, 00, 00, 00, 0xff, 0xff, 0xff, 0x6f,
  0x02, 00, 00, 00, 00, 00, 00, 00, 0xd8, 0x04, 00, 00, 00, 00, 00, 00,
  0xd8, 0x04, 00, 00, 00, 00, 00, 00, 0x28, 00, 00, 00, 00, 00, 00, 00,
  0x03, 00, 00, 00, 00, 00, 00, 00, 0x02, 00, 00, 00, 00, 00, 00, 00,
  0x02, 00, 00, 00, 00, 00, 00, 00, 0x6a, 00, 00, 00, 0xfe, 0xff, 0xff, 0x6f,
  0x02, 00, 00, 00, 00, 00, 00, 00, 00, 0x05, 00, 00, 00, 00, 00, 00,
  00, 0x05, 00, 00, 00, 00, 00, 00, 0x40, 00, 00, 00, 00, 00, 00, 00,
  0x07, 00, 00, 00, 0x02, 00, 00, 00, 0x04, 00, 00, 00, 00, 00, 00, 00,
  00, 00, 00, 00, 00, 00, 00, 00, 0xa5, 00, 00, 00, 0xf6, 0xff, 0xff, 0x6f,
  0x02, 00, 00, 00, 00, 00, 00, 00, 0x40, 0x05, 00, 00, 00, 00, 00, 00,
  0x40, 0x05, 00, 00, 00, 00, 00, 00, 0x24, 00, 00, 00, 00, 00, 00, 00,
  0x03, 00, 00, 00, 00, 00, 00, 00, 0x08, 00, 00, 00, 00, 00, 00, 00,
  00, 00, 00, 00, 00, 00, 00, 00, 0x54, 00, 00, 00, 0x03, 00, 00, 00,
  0x02, 00, 00, 00, 00, 00, 00, 00, 0x64, 0x05, 00, 00, 00, 00, 00, 00,
  0x64, 0x05, 00, 00, 00, 00, 00, 00, 0x1e, 0x01, 00, 00, 00, 00, 00, 00,
  00, 00, 00, 00, 00, 00, 00, 00, 0x01, 00, 00, 00, 00, 00, 00, 00,
  00, 00, 00, 00, 00, 00, 00, 00, 0x86, 00, 00, 00, 0x04, 00, 00, 00,
  0x02, 00, 00, 00, 00, 00, 00, 00, 0x88, 0x06, 00, 00, 00, 00, 00, 00,
  0x88, 0x06, 00, 00, 00, 00, 00, 00, 0xa8, 0x12, 00, 00, 00, 00, 00, 00,
  0x03, 00, 00, 00, 00, 00, 00, 00, 0x08, 00, 00, 00, 00, 00, 00, 00,
  0x18, 00, 00, 00, 00, 00, 00, 00, 0x45, 00, 00, 00, 0x04, 00, 00, 00,
  0x42, 00, 00, 00, 00, 00, 00, 00, 0x30, 0x19, 00, 00, 00, 00, 00, 00,
  0x30, 0x19, 00, 00, 00, 00, 00, 00, 0x90, 00, 00, 00, 00, 00, 00, 00,
  0x03, 00, 00, 00, 0x13, 00, 00, 00, 0x08, 00, 00, 00, 00, 00, 00, 00,
  0x18, 00, 00, 00, 00, 00, 00, 00, 0xee, 00, 00, 00, 0x01, 00, 00, 00,
  0x32, 00, 00, 00, 00, 00, 00, 00, 0xc0, 0x19, 00, 00, 00, 00, 00, 00,
  0xc0, 0x19, 00, 00, 00, 00, 00, 00, 0x2b, 00, 00, 00, 00, 00, 00, 00,
  00, 00, 00, 00, 00, 00, 00, 00, 0x08, 00, 00, 00, 00, 00, 00, 00,
  00, 00, 00, 00, 00, 00, 00, 00, 0x5c, 00, 00, 00, 0x01, 00, 00, 00,
  0x02, 00, 00, 00, 00, 00, 00, 00, 0xec, 0x19, 00, 00, 00, 00, 00, 00,
  0xec, 0x19, 00, 00, 00, 00, 00, 00, 0x94, 0x01, 00, 00, 00, 00, 00, 00,
  00, 00, 00, 00, 00, 00, 00, 00, 0x04, 00, 00, 00, 00, 00, 00, 00,
  00, 00, 00, 00, 00, 00, 00, 00, 0xbe, 00, 00, 00, 0x01, 00, 00, 00,
  0x02, 00, 00, 00, 00, 00, 00, 00, 0x80, 0x1b, 00, 00, 00, 00, 00, 00,
  0x80, 0x1b, 00, 00, 00, 00, 00, 00, 0x5c, 0x06, 00, 00, 00, 00, 00, 00,
  00, 00, 00, 00, 00, 00, 00, 00, 0x08, 00, 00, 00, 00, 00, 00, 00,
  00, 00, 00, 00, 00, 00, 00, 00, 0x19, 00, 00, 00, 0x01, 00, 00, 00,
  0x06, 00, 00, 00, 00, 00, 00, 00, 0xe0, 0x21, 00, 00, 00, 00, 00, 00,
  0xe0, 0x21, 00, 00, 00, 00, 00, 00, 0x10, 0x5d, 00, 00, 00, 00, 00, 00,
  00, 00, 00, 00, 00, 00, 00, 00, 0x10, 00, 00, 00, 00, 00, 00, 00,
  00, 00, 00, 00, 00, 00, 00, 00, 0x4a, 00, 00, 00, 0x01, 00, 00, 00,
  0x06, 00, 00, 00, 00, 00, 00, 00, 0xf0, 0x7e, 00, 00, 00, 00, 00, 00,
  0xf0, 0x7e, 00, 00, 00, 00, 00, 00, 0x80, 00, 00, 00, 00, 00, 00, 00,
  00, 00, 00, 00, 00, 00, 00, 00, 0x10, 00, 00, 00, 00, 00, 00, 00,
  00, 00, 00, 00, 00, 00, 00, 00, 0x79, 00, 00, 00, 0x01, 00, 00, 00,
  0x03, 00, 00, 00, 00, 00, 00, 00, 0x70, 0xbf, 00, 00, 00, 00, 00, 00,
  0x70, 0x7f, 00, 00, 00, 00, 00, 00, 0x08, 00, 00, 00, 00, 00, 00, 00,
  00, 00, 00, 00, 00, 00, 00, 00, 0x08, 00, 00, 00, 00, 00, 00, 00,
  00, 00, 00, 00, 00, 00, 00, 00, 0x0d, 00, 00, 00, 0x0f, 00, 00, 00,
  0x03, 00, 00, 00, 00, 00, 00, 00, 0x78, 0xbf, 00, 00, 00, 00, 00, 00,
  0x78, 0x7f, 00, 00, 00, 00, 00, 00, 0x10, 00, 00, 00, 00, 00, 00, 00,
  00, 00, 00, 00, 00, 00, 00, 00, 0x08, 00, 00, 00, 00, 00, 00, 00,
  00, 00, 00, 00, 00, 00, 00, 00, 0x01, 00, 00, 00, 0x0e, 00, 00, 00,
  0x03, 00, 00, 00, 00, 00, 00, 00, 0x88, 0xbf, 00, 00, 00, 00, 00, 00,
  0x88, 0x7f, 00, 00, 00, 00, 00, 00, 0x20, 00, 00, 00, 00, 00, 00, 00,
  00, 00, 00, 00, 00, 00, 00, 00, 0x08, 00, 00, 00, 00, 00, 00, 00,
  00, 00, 00, 00, 00, 00, 00, 00, 0xdb, 00, 00, 00, 0x06, 00, 00, 00,
  0x03, 00, 00, 00, 00, 00, 00, 00, 0xa8, 0xbf, 00, 00, 00, 00, 00, 00,
  0xa8, 0x7f, 00, 00, 00, 00, 00, 00, 0xd0, 0x01, 00, 00, 00, 00, 00, 00,
  0x07, 00, 00, 00, 00, 00, 00, 00, 0x08, 00, 00, 00, 00, 00, 00, 00,
  0x10, 00, 00, 00, 00, 00, 00, 00, 0x3c, 00, 00, 00, 0x01, 00, 00, 00,
  0x03, 00, 00, 00, 00, 00, 00, 00, 0x78, 0xc1, 00, 00, 00, 00, 00, 00,
  0x78, 0x81, 00, 00, 00, 00, 00, 00, 0x48, 00, 00, 00, 00, 00, 00, 00,
  00, 00, 00, 00, 00, 00, 00, 00, 0x08, 00, 00, 00, 00, 00, 00, 00,
  00, 00, 00, 00, 00, 00, 00, 00, 0xaf, 00, 00, 00, 0x08, 00, 00, 00,
  0x03, 00, 00, 00, 00, 00, 00, 00, 0xc0, 0xc1, 00, 00, 00, 00, 00, 00,
  0xc0, 0x81, 00, 00, 00, 00, 00, 00, 0x40, 0x0e, 00, 00, 00, 00, 00, 00,
  00, 00, 00, 00, 00, 00, 00, 00, 0x01, 00, 00, 00, 00, 00, 00, 00,
  00, 00, 00, 00, 00, 00, 00, 00, 0xf6, 00, 00, 00, 0x01, 00, 00, 00,
  0x03, 00, 00, 00, 00, 00, 00, 00, 0xc0, 0x01, 0x01, 00, 00, 00, 00, 00,
  0xc0, 0x81, 00, 00, 00, 00, 00, 00, 0x70, 0x11, 00, 00, 00, 00, 00, 00,
  00, 00, 00, 00, 00, 00, 00, 00, 0x10, 00, 00, 00, 00, 00, 00, 00,
  00, 00, 00, 00, 00, 00, 00, 00, 0x4f, 00, 00, 00, 0x08, 00, 00, 00,
  0x03, 00, 00, 00, 00, 00, 00, 00, 00, 0x20, 0x01, 00, 00, 00, 00, 00,
  0x30, 0x93, 00, 00, 00, 00, 00, 00, 00, 0xd9, 00, 00, 00, 00, 00, 00,
  00, 00, 00, 00, 00, 00, 00, 00, 00, 0x10, 00, 00, 00, 00, 00, 00,
  00, 00, 00, 00, 00, 00, 00, 00, 0x1f, 00, 00, 00, 0x01, 00, 00, 00,
  0x30, 00, 00, 00, 00, 00, 00, 00, 00, 00, 00, 00, 00, 00, 00, 00,
  0x30, 0x93, 00, 00, 00, 00, 00, 00, 0x7a, 0x01, 00, 00, 00, 00, 00, 00,
  00, 00, 00, 00, 00, 00, 00, 00, 0x01, 00, 00, 00, 00, 00, 00, 00,
  0x01, 00, 00, 00, 00, 00, 00, 00, 0xe4, 00, 00, 00, 0x03, 00, 00, 00,
  00, 00, 00, 00, 00, 00, 00, 00, 00, 00, 00, 00, 00, 00, 00, 00,
  0xaa, 0x94, 00, 00, 00, 00, 00, 00, 0xfc, 00, 00, 00, 00, 00, 00, 00,
  00, 00, 00, 00, 00, 00, 00, 00, 0x01, 00, 00, 00, 00, 00, 00, 00,
  00, 00, 00, 00, 00, 00, 00, 00
};